{
"type": "FeatureCollection",
"name": "StateParks_2mile",
"crs": { "type": "name", "properties": { "name": "urn:ogc:def:crs:EPSG::3559" } },
"features": [
{ "type": "Feature", "properties": { "US_ID": 539265, "WDPA_Code": 68541, "WDPA_NewCo": 0, "Class_Desc": "3000", "Owner_Desc": "3100", "Manag_Desc": "3101", "Local_Desg": "SP", "Mang2_Desc": "SP", "Parcel_Nam": "South Mountain SP", "WDPA_Name": "South Mountain State Park", "State_Name": "24", "GIS_Acres": 1622, "GAP_Status": 2, "IUCN_Categ": "V", "GAPCodeSrc": "TNC", "GAPCodDate": "2008", "Agg_Source": "TNC", "GIS_Source": null, "SourceDate": "2008", "SHAPE_Leng": 27655.0165958, "SHAPE_Area": 6562306.5516799996, "PAD_SQKM": 6.5623 }, "geometry": { "type": "MultiPolygon", "coordinates": [ [ [ [ 350078.917749044368975, 213789.897766980633605 ], [ 350061.007464433088899, 213736.609550163469976 ], [ 350032.52850558917271, 213651.876492188777775 ], [ 350038.248493338702247, 213649.777304181130603 ], [ 350031.74813407327747, 213630.366261017101351 ], [ 350026.437750978628173, 213611.253581593395211 ], [ 350023.599098326289095, 213601.036819383123657 ], [ 350017.317913860257249, 213578.437123821437126 ], [ 350017.141170944552869, 213576.083529283554526 ], [ 350017.10896844684612, 213575.655956479458837 ], [ 349847.779001263668761, 213645.327170028496766 ], [ 349846.945217451779172, 213642.609049040765967 ], [ 349795.218766606296413, 213664.777729966386687 ], [ 349759.550445213564672, 213679.045193820988061 ], [ 349733.393475913326256, 213600.57428068050649 ], [ 349715.559173958492465, 213545.882426852971548 ], [ 349694.158052405924536, 213480.489956363046076 ], [ 349678.701627688133158, 213426.98708081926452 ], [ 349688.213180372782517, 213422.231289396586362 ], [ 349739.337898214347661, 213399.641078727028798 ], [ 349829.697776674991474, 213361.594448617019225 ], [ 349860.610335874604061, 213346.138046652893536 ], [ 349897.467724080488551, 213328.303735678287921 ], [ 349920.771179063478485, 213317.779524851386668 ], [ 349916.308465632726438, 213312.315365041780751 ], [ 349905.2697693714872, 213294.559745149017544 ], [ 349890.937865768210031, 213271.506844403018476 ], [ 349868.629058853024617, 213231.265637453063391 ], [ 349858.210491037927568, 213212.74320957751479 ], [ 349846.348806708643679, 213191.655231882003136 ], [ 349817.189389655832201, 213134.956238821760053 ], [ 349785.529475506802555, 213067.865714860265143 ], [ 349758.531523568322882, 213011.038538333872566 ], [ 349750.74820909567643, 212994.655704386386788 ], [ 349736.438913966412656, 212961.115535069315229 ], [ 349722.747988199000247, 212928.155045146559132 ], [ 349711.567976022372022, 212904.985975169605808 ], [ 349710.622497704811394, 212893.794568102457561 ], [ 349708.878992737736553, 212873.155930004606489 ], [ 349718.998065992782358, 212835.734809205227066 ], [ 349744.278419478039723, 212787.15614166224259 ], [ 349761.231257043138612, 212751.910490643320372 ], [ 349761.719095453212503, 212750.896174824738409 ], [ 349773.097791271575261, 212717.124616773042362 ], [ 349775.278830932802521, 212683.434971595386742 ], [ 349765.618369379546493, 212629.394335074088303 ], [ 349754.4978487874032, 212634.934207460581092 ], [ 349742.287586957216263, 212520.51422041101614 ], [ 349732.657891289622057, 212463.375135398237035 ], [ 349726.400356105179526, 212425.6475511167082 ], [ 349719.878327878424898, 212386.325196133897407 ], [ 349716.239582443609834, 212357.569591972860508 ], [ 349713.377893002994824, 212334.955124937259825 ], [ 349708.740637020790018, 212307.570255296886899 ], [ 349703.127698968746699, 212274.42442093777936 ], [ 349695.418458428583108, 212226.454276760428911 ], [ 349693.497978944855276, 212214.5040286834992 ], [ 349692.55435577587923, 212197.020189401024254 ], [ 349690.65742076135939, 212161.87450644976343 ], [ 349686.151675761386286, 212137.615393687039614 ], [ 349679.188610908400733, 212100.125243719725404 ], [ 349674.566922685306054, 212078.938259057584219 ], [ 349671.58845858060522, 212065.284585497400258 ], [ 349661.46731443493627, 212016.394723786594113 ], [ 349657.646591564523987, 211998.930098170385463 ], [ 349649.437466322968248, 211961.399174593680073 ], [ 349635.535800929763354, 211908.542149709159276 ], [ 349633.688301304006018, 211901.517710973799694 ], [ 349620.437748865806498, 211842.848636799928499 ], [ 349611.129985004547052, 211798.456167761178222 ], [ 349607.748360250727274, 211782.328192588960519 ], [ 349592.558440953143872, 211713.877900707855588 ], [ 349584.778069480555132, 211655.788490523962537 ], [ 349582.128003045450896, 211625.197458012960851 ], [ 349577.875152568216436, 211599.84833494425402 ], [ 349576.997716756537557, 211594.618762841739226 ], [ 349563.961934679478873, 211568.995061548717786 ], [ 349563.34793230285868, 211567.787967644981109 ], [ 349547.96945855638478, 211554.439110767969396 ], [ 349530.747924579132814, 211539.288011339172954 ], [ 349501.189184417191427, 211510.738945031393087 ], [ 349489.136055391165428, 211487.05034400234581 ], [ 349485.059176511596888, 211479.037920715927612 ], [ 349473.189029951754492, 211443.007492117554648 ], [ 349465.077285238076001, 211416.408278126880759 ], [ 349459.408030494931154, 211397.818423394288402 ], [ 349447.468298744468484, 211355.658300480601611 ], [ 349432.378634935303126, 211296.397409224358853 ], [ 349428.317386801587418, 211284.058642121584853 ], [ 349416.099151397706009, 211246.938223489210941 ], [ 349398.658451705239713, 211203.618890850862954 ], [ 349378.809260907699354, 211163.367630754655693 ], [ 349366.394509452627972, 211142.889208384120138 ], [ 349357.749796672549564, 211128.629423953796504 ], [ 349307.278997555375099, 211078.828298112523044 ], [ 349305.092208413348999, 211076.934226245008176 ], [ 349302.42935660679359, 211074.627848293341231 ], [ 349284.370130904368125, 211086.598408217396354 ], [ 349276.929753898002673, 211079.778589417313924 ], [ 349087.858888839604333, 210906.509676719579147 ], [ 349101.768863563542254, 210904.338813806563849 ], [ 349148.129367239016574, 210892.78800908770063 ], [ 349143.040087762812618, 210887.588228225184139 ], [ 349136.179650084057357, 210880.5743131590134 ], [ 349131.49964980391087, 210875.789632755768253 ], [ 349125.630089963611681, 210870.95843788824277 ], [ 349119.315808394108899, 210865.774907183513278 ], [ 349118.539979921770282, 210865.138070540851913 ], [ 349106.159804300055839, 210854.949270749144489 ], [ 349098.920135711785406, 210848.997771675640251 ], [ 349098.049250106676482, 210848.594795225071721 ], [ 349096.370390621363185, 210847.81815730247763 ], [ 349092.232471361989155, 210845.898524075862952 ], [ 349085.249824236903805, 210842.659213497943711 ], [ 349080.503287677303888, 210840.45791404353804 ], [ 349075.159291600983124, 210837.979598935082322 ], [ 349069.309956571960356, 210835.271822218317538 ], [ 349067.209011656639632, 210834.299273665063083 ], [ 349066.739253861363977, 210834.080008019984234 ], [ 349064.059156178729609, 210832.828817550471285 ], [ 349041.287497939541936, 210822.767784326191759 ], [ 349032.780146504635923, 210819.008924739755457 ], [ 349026.103547224658541, 210815.727939186588628 ], [ 349009.500574583944399, 210807.568844244786305 ], [ 348974.531070653814822, 210790.099480945325922 ], [ 348935.219834093353711, 210762.869308830122463 ], [ 348931.127271546400152, 210758.35404654731974 ], [ 348914.281124984088819, 210739.767845918511739 ], [ 348909.165188026730902, 210731.596484955458436 ], [ 348896.350967764446978, 210711.128615074383561 ], [ 348885.09103678970132, 210678.157930555025814 ], [ 348884.829449536278844, 210668.222449255757965 ], [ 348884.220699929166585, 210645.099184909573523 ], [ 348890.456823598302435, 210624.821534744871315 ], [ 348899.13021589955315, 210596.618888405879261 ], [ 348906.984335179266054, 210577.07552207185654 ], [ 348911.721295681723859, 210565.288660531514324 ], [ 348920.837843348912429, 210550.572399041120661 ], [ 348933.440301566675771, 210530.228911783924559 ], [ 348943.697870810749009, 210513.658643894421402 ], [ 348950.971182096225675, 210501.909223303053295 ], [ 348953.781100033491384, 210470.048481837264262 ], [ 348951.406979320163373, 210450.6278691443149 ], [ 348949.220297881343868, 210432.740138972207205 ], [ 348944.751551848719828, 210408.899369016115088 ], [ 348937.190396417339798, 210378.959726809611311 ], [ 348930.162931706814561, 210355.532605688815238 ], [ 348925.281434524280485, 210339.259301480662543 ], [ 348915.240397007612046, 210313.31842685295851 ], [ 348909.689991044055205, 210298.979236993938684 ], [ 348906.388165762589779, 210276.395518404780887 ], [ 348903.251178555248771, 210254.939164599694777 ], [ 348895.661363445338793, 210218.880034948961111 ], [ 348893.385756487026811, 210194.286978134012315 ], [ 348893.001042348623741, 210190.130201470048632 ], [ 348904.320807974960189, 210150.850233298318926 ], [ 348911.251310214574914, 210098.759435475658393 ], [ 348914.501547314925119, 210046.08077898985357 ], [ 348911.066859848215245, 210010.599258885049494 ], [ 348910.532564926776104, 210005.079884823644534 ], [ 348910.738325153884944, 209993.374852688953979 ], [ 348911.382591275149025, 209956.710340565390652 ], [ 348913.196712022065185, 209903.919510186155094 ], [ 348913.381609078962356, 209898.540989291795995 ], [ 348914.852114801004063, 209848.320010410650866 ], [ 348910.943797298532445, 209811.894116316834697 ], [ 348909.601182548271026, 209799.381006920477375 ], [ 348905.062835397431627, 209769.410592811938841 ], [ 348905.376558426185511, 209745.96839408899541 ], [ 348905.472479304880835, 209738.801239966211142 ], [ 348906.412594573048409, 209703.270585568214301 ], [ 348901.782166619319469, 209658.620128083566669 ], [ 348895.8502781309071, 209632.905805012735073 ], [ 348888.531749200308695, 209601.179937103792327 ], [ 348877.265589999908116, 209570.550860126939369 ], [ 348871.693216424435377, 209555.401032440917334 ], [ 348864.696343553427141, 209535.466746463411255 ], [ 348856.691711360996123, 209512.661374623887241 ], [ 348848.880340869771317, 209492.161858536303043 ], [ 348837.383212077897042, 209461.989756700873841 ], [ 348823.691092281136662, 209432.255460262153065 ], [ 348816.882896707451437, 209417.470384793006815 ], [ 348811.894931169634219, 209404.64168423548108 ], [ 348800.032076098956168, 209374.130741267756093 ], [ 348782.093651672592387, 209344.90164849194116 ], [ 348764.977725066943094, 209328.505812216288177 ], [ 348761.163187819183804, 209324.851770267268876 ], [ 348733.502958737546578, 209302.430332951276796 ], [ 348711.38259809470037, 209285.460610487149097 ], [ 348694.668302687758114, 209274.283043199538952 ], [ 348678.813307249802165, 209263.680182816111483 ], [ 348673.400289814802818, 209261.745366373332217 ], [ 348653.72333912254544, 209254.712067360320361 ], [ 348634.167860333749559, 209261.109138836007332 ], [ 348626.884348208550364, 209263.491864334471757 ], [ 348604.972791410575155, 209274.690314196137479 ], [ 348602.054013920016587, 209278.596767153620021 ], [ 348593.473226164001971, 209290.080989294423489 ], [ 348587.472629960917402, 209301.160737255326239 ], [ 348577.134291725466028, 209308.58062225652975 ], [ 348568.10424308013171, 209310.70070553329424 ], [ 348558.223117157816887, 209313.020711421821034 ], [ 348541.103845716046635, 209311.331125815777341 ], [ 348527.753885122539941, 209305.284773682884406 ], [ 348525.164315935515333, 209304.111902315082261 ], [ 348503.664488816692028, 209289.581368702696636 ], [ 348488.193942099343985, 209264.620430362818297 ], [ 348483.063729539746419, 209232.821079506014939 ], [ 348486.018302664451767, 209211.531466492655454 ], [ 348489.44332974369172, 209186.851690157025587 ], [ 348491.987992353038862, 209174.026588525477564 ], [ 348496.50289682392031, 209151.271817564120283 ], [ 348507.852915784693323, 209115.07141518368735 ], [ 348515.594471892341971, 209088.680930170754436 ], [ 348525.311387451947667, 209069.575043310556794 ], [ 348531.853563100856263, 209056.711632923193974 ], [ 348546.358540573273785, 209030.441725758981192 ], [ 348550.533410073025152, 209022.880698533786926 ], [ 348554.842897904163692, 209015.016064345778432 ], [ 348570.413380417972803, 208986.600413105043117 ], [ 348579.344723886519205, 208957.131755493872333 ], [ 348581.374217892938759, 208933.467452469456475 ], [ 348581.375808677345049, 208933.448231821152149 ], [ 348555.884007317770738, 208955.831612107896945 ], [ 348530.031046399730258, 208983.04543447875767 ], [ 348520.505822864361107, 208991.20984444313217 ], [ 348475.603355642524548, 209011.61817984728259 ], [ 348483.154922974354122, 208986.447299934341572 ], [ 348449.354150277737062, 209001.901050314831082 ], [ 348465.684650506067555, 208935.315652297722409 ], [ 348417.890965518075973, 208947.263983634999022 ], [ 348370.055798648099881, 208959.60827475777478 ], [ 348280.557215313951019, 208980.439539765182417 ], [ 348234.265271253534593, 208993.555988902546233 ], [ 348204.94714285369264, 208998.184522557188757 ], [ 348207.447468151396606, 208975.266732072632294 ], [ 348193.1352855116711, 208978.351370705320733 ], [ 348202.874851959873922, 208775.175099608924938 ], [ 348180.33879522891948, 208800.716492563864449 ], [ 348132.715557715389878, 208853.782158180780243 ], [ 348105.501645981043112, 208885.077696667198325 ], [ 348087.155408319085836, 208859.251399551518261 ], [ 348082.383867039869074, 208864.132381962874206 ], [ 348063.01773679634789, 208832.915667314344319 ], [ 348025.59322212159168, 208772.589871987031074 ], [ 347928.61552111414494, 208636.073841251811245 ], [ 347916.369506385584828, 208636.073769839771558 ], [ 347908.205191313812975, 208622.467921670875512 ], [ 347932.44680227781646, 208622.467927365534706 ], [ 347927.354893810930662, 208614.262192219408462 ], [ 347904.605766819790006, 208614.831610789929982 ], [ 347903.962903605308384, 208607.824760132789379 ], [ 347903.725106040539686, 208605.232614456559531 ], [ 347930.761750522593502, 208604.10418599381228 ], [ 348141.665773880085908, 208595.301799053238938 ], [ 348342.824226461176295, 208588.242178203392541 ], [ 348361.499315590772312, 208516.213622838869924 ], [ 348376.104557093174662, 208459.881730905093718 ], [ 348456.136125895020086, 208486.221053518471308 ], [ 348512.38442037376808, 208504.931495781143894 ], [ 348560.104722291987855, 208520.711361360183218 ], [ 348593.63995884556789, 208509.21364596040803 ], [ 348628.094279770914, 208497.400974628602853 ], [ 348634.965299906674773, 208488.000591566116782 ], [ 348636.553992705477867, 208484.617789269686909 ], [ 348640.144681037694681, 208476.972134973853827 ], [ 348645.769254303420894, 208463.796192574722227 ], [ 348645.954885851824656, 208463.361114398285281 ], [ 348651.765069334418513, 208450.200652133789845 ], [ 348660.825475546473172, 208433.21045152869192 ], [ 348667.161231207253877, 208419.368348986870842 ], [ 348668.605871705221944, 208416.212084378144937 ], [ 348669.525294942141045, 208412.62996555166319 ], [ 348673.074665910564363, 208398.802077589178225 ], [ 348674.92604145896621, 208381.430943642219063 ], [ 348676.814372723863926, 208368.280684712430229 ], [ 348677.066180752124637, 208362.683668977901107 ], [ 348677.385754122457001, 208355.581080727424705 ], [ 348676.470578255306464, 208350.650076915713726 ], [ 348675.346022297744639, 208344.591503201489104 ], [ 348671.995484085346106, 208334.011527036200278 ], [ 348671.267970186658204, 208332.085594853502698 ], [ 348664.655545325833373, 208314.582148269051686 ], [ 348660.55525102786487, 208304.837375754577806 ], [ 348656.656152956129517, 208295.570577464648522 ], [ 348655.81726369302487, 208293.774599797267001 ], [ 348654.956331455439795, 208291.93125722464174 ], [ 348472.785203889245167, 208118.930639859492658 ], [ 348471.855373112892266, 208118.482202368351864 ], [ 348459.342388310527895, 208112.883314853854245 ], [ 348454.086961267224979, 208110.531862042291323 ], [ 348452.671470009663608, 208110.001578482188052 ], [ 348436.336952375771943, 208103.882000467128819 ], [ 348428.22371235920582, 208101.173648189869709 ], [ 348425.165123497601599, 208100.152573482919252 ], [ 348413.985118631040677, 208096.830748271604534 ], [ 348401.506680490740109, 208093.941029346984578 ], [ 348393.754168723593466, 208092.326550083176699 ], [ 348389.695844556437805, 208091.48134177076281 ], [ 348387.907532861689106, 208091.299705099139828 ], [ 348387.336576893692836, 208091.241729964705883 ], [ 348382.015835392696317, 208098.661678114236565 ], [ 348379.015600219368935, 208090.412364040355897 ], [ 348374.177040636306629, 208089.92551839526277 ], [ 348373.946789573354181, 208089.902357033482986 ], [ 348357.546387938316911, 208089.160990038653836 ], [ 348344.437184750568122, 208090.512688587507 ], [ 348331.31558967998717, 208091.442487831198378 ], [ 348314.907102767552715, 208089.861376467422815 ], [ 348299.155957637703978, 208087.842069851147244 ], [ 348294.937083177734166, 208087.497503639373463 ], [ 348284.715514089679345, 208086.662435166392243 ], [ 348282.206363101082388, 208085.910756476747338 ], [ 348270.926347868517041, 208082.531639160763007 ], [ 348256.426458158879541, 208074.571105103445007 ], [ 348241.947189002414234, 208066.20089619155624 ], [ 348222.013988953433, 208050.238742364192149 ], [ 348216.236623028642498, 208045.61238812605734 ], [ 348210.479264344437979, 208040.787249668093864 ], [ 348191.167088220012374, 208024.601979251398006 ], [ 348174.666395053907763, 208008.611191670963308 ], [ 348158.816978493880015, 207991.772493210126413 ], [ 348143.616779200208839, 207975.351619349967223 ], [ 348128.416550302645192, 207958.091112785012228 ], [ 348126.940055727551226, 207956.298464602878084 ], [ 348114.547503139532637, 207941.252441008837195 ], [ 348104.075174074794631, 207927.235878790554125 ], [ 348101.307209473801777, 207923.531123982014833 ], [ 348093.48188977513928, 207912.949961193662602 ], [ 348090.717060016468167, 207909.211526192026213 ], [ 348080.126926849479787, 207894.461795284732943 ], [ 348068.197368406690657, 207878.022509193426231 ], [ 348056.296428076922894, 207861.581161637848709 ], [ 348042.386503219197039, 207842.192706855479628 ], [ 348040.267702407436445, 207839.43144633420161 ], [ 348027.837537578539923, 207823.232335979380878 ], [ 348016.557228990073781, 207802.961216706869891 ], [ 348012.210491604055278, 207796.12233747105347 ], [ 348003.966091471491382, 207783.150961245672079 ], [ 347993.581031552283093, 207769.243285584030673 ], [ 347991.377083898172714, 207766.291762750362977 ], [ 347983.577177299768664, 207756.344629814906511 ], [ 347978.157313645933755, 207749.43260700115934 ], [ 347968.226597447355743, 207737.222448841377627 ], [ 347964.513904721010476, 207732.318215943407267 ], [ 347958.967623103410006, 207724.991752638277831 ], [ 347952.426256970735267, 207715.382569894136395 ], [ 347942.356303936976474, 207722.161412386776647 ], [ 347947.947268510994036, 207756.991799554467434 ], [ 347951.697082491300534, 207780.271464847115567 ], [ 347965.197327644738834, 207845.832017247041222 ], [ 347970.667449525033589, 207884.690826419973746 ], [ 347972.416503801359795, 207897.091468076221645 ], [ 347993.287367145938333, 208045.741455371287884 ], [ 347980.136770931072533, 208204.481976243929239 ], [ 347912.945577419188339, 208403.621394358109683 ], [ 347852.355369810189586, 208517.301769975514617 ], [ 347831.754311021592002, 208604.132833243580535 ], [ 347795.32434091164032, 208690.681331176951062 ], [ 347795.635489228938241, 208801.82218304136768 ], [ 347763.913817496097181, 208889.070995144575136 ], [ 347758.154885685944464, 208905.661890954215778 ], [ 347714.444232599751558, 209031.601509955042275 ], [ 347707.145062257477548, 209077.552420950494707 ], [ 347695.444725114211906, 209151.231263103691163 ], [ 347654.564018557779491, 209507.181503689556848 ], [ 347699.103785361803602, 209557.191530896438053 ], [ 347752.392706497048493, 209632.920465860603144 ], [ 348055.383832011430059, 209574.101874479296384 ], [ 348072.312190651136916, 209849.659992278669961 ], [ 347831.942900321795605, 209727.320836527767824 ], [ 347778.754340641957242, 209732.79111289139837 ], [ 347648.913472849817481, 209576.121152045874624 ], [ 347576.594344231241848, 209714.760336957726395 ], [ 347487.102627063461114, 209904.900551016558893 ], [ 347371.283907606557477, 210144.520245832856745 ], [ 347269.192307072051335, 210336.008663201064337 ], [ 347203.062299949757289, 210460.508464062033454 ], [ 347541.442890827311203, 210353.408347241522279 ], [ 347536.191640592762269, 210522.728550077299587 ], [ 348150.411263517802581, 210426.149896976683522 ], [ 348297.752026257512625, 210960.458381411212031 ], [ 347883.882412052189466, 211095.898704939929303 ], [ 347942.311819007154554, 211281.068555787584046 ], [ 347779.381375590339303, 211373.318682405049913 ], [ 347838.441477000364102, 211479.689822309534065 ], [ 347886.97096522944048, 211567.108722934994148 ], [ 347932.442664420523215, 211649.008302951871883 ], [ 347971.72133332042722, 211798.479597000230569 ], [ 347982.661721957148984, 211840.099063612346072 ], [ 348003.811345650581643, 211834.40975126955891 ], [ 348144.282237848965451, 212251.125252843950875 ], [ 348674.561263640469406, 212088.095731856999919 ], [ 348712.600916562834755, 212265.64518381387461 ], [ 348790.310119677276816, 212376.605847160855774 ], [ 348804.691150368656963, 212417.004709891683888 ], [ 348829.820133387111127, 212524.735784547781805 ], [ 348695.000762855750509, 212637.976102898974204 ], [ 348638.781397906655911, 212682.045110134175047 ], [ 348625.252382864884567, 212728.145627375517506 ], [ 348622.41183877090225, 212777.87528827614733 ], [ 348630.601915490813553, 212905.285729495721171 ], [ 348684.562584793718997, 212936.986728997435421 ], [ 348744.060920093790628, 212981.266625249991193 ], [ 348777.601058987551369, 213053.216986995103071 ], [ 348862.181478211656213, 213290.566415241220966 ], [ 348891.562127776036505, 213373.037492367002415 ], [ 348894.771384086809121, 213380.307830241450574 ], [ 348910.821534638642333, 213416.786940911173588 ], [ 348927.131852660037111, 213453.816931125154952 ], [ 348931.651694588479586, 213460.147268258064287 ], [ 349059.502107255975716, 213639.157269237708533 ], [ 349144.441177014028654, 213858.428482604358578 ], [ 349117.352389341685921, 213873.348277861688985 ], [ 349188.692495398572646, 213993.689189468452241 ], [ 348771.033165875123814, 214157.048964601533953 ], [ 348846.282671304943506, 214198.349022420792608 ], [ 349225.722375456360169, 214058.57816797340638 ], [ 349255.561694990494289, 214108.719565157487523 ], [ 349527.850473131984472, 214005.538600690866588 ], [ 349726.880409567966126, 213930.147171708726091 ], [ 349731.660467467328999, 213943.637354887177935 ], [ 349795.240769621683285, 214122.807183025695849 ], [ 349848.591293820121791, 214273.177992798679043 ], [ 349541.101677934115287, 214377.850039407931035 ], [ 349570.601156715187244, 214477.119096523238113 ], [ 349580.501237871474586, 214502.729456552886404 ], [ 349591.101802843040787, 214601.500802535272669 ], [ 349924.011096360627562, 214485.730493370239856 ], [ 349971.440803835866973, 214619.399969080724986 ], [ 350182.879690232744906, 214606.190049007767811 ], [ 350347.659174835076556, 214595.90878639894072 ], [ 350367.059979128651321, 214673.020369488658616 ], [ 350367.770588360901456, 214683.039256748888874 ], [ 350367.559623306558933, 214643.379508147831075 ], [ 350365.491557432047557, 214622.655118885682896 ], [ 350362.249098009895533, 214590.160026558471145 ], [ 350353.340182578365784, 214540.01865244761575 ], [ 350337.130255663476419, 214497.909496274136472 ], [ 350327.129833679646254, 214469.208764110022457 ], [ 350315.96039916848531, 214449.512235542817507 ], [ 350309.158591161249205, 214437.517872826138046 ], [ 350297.699384918960277, 214411.123746461176779 ], [ 350292.999845602549613, 214400.299451612401754 ], [ 350273.189554360054899, 214365.569323380739661 ], [ 350261.115542651561555, 214332.016600006551016 ], [ 350257.589942976308521, 214322.219215316756163 ], [ 350243.188391794508789, 214276.427772685157834 ], [ 350233.159291834919713, 214243.438484861078905 ], [ 350222.499456655234098, 214209.238848739420064 ], [ 350204.939786993316375, 214148.767360519559588 ], [ 350185.029149675159715, 214103.627256611944176 ], [ 350169.272154116129968, 214078.054755116900196 ], [ 350165.878256846161094, 214072.546701385726919 ], [ 350163.897036481299438, 214065.874401555018267 ], [ 350157.719006804109085, 214045.068573825061321 ], [ 350155.600161496084183, 214029.645306169230025 ], [ 350151.249280311865732, 213997.976702504907735 ], [ 350145.439271410927176, 213977.258693926676642 ], [ 350138.058146598166786, 213950.938121278682956 ], [ 350118.231842815701384, 213911.322388998320093 ], [ 350118.219163703732193, 213911.296912883582991 ], [ 350102.029725990898442, 213872.857931002043188 ], [ 350098.560656003130134, 213865.571686208917527 ], [ 350088.379617316531949, 213844.188258383539505 ], [ 350081.992125659890007, 213807.538114188821055 ], [ 350078.917749044368975, 213789.897766980633605 ] ], [ [ 348568.409639384481125, 210795.867669207887957 ], [ 348558.570994867943227, 210767.865496941143647 ], [ 348539.747016505745705, 210721.358893227414228 ], [ 348517.601073707337491, 210664.886574562231544 ], [ 348482.167591775767505, 210572.980778893630486 ], [ 348466.665461391909048, 210529.796153661358403 ], [ 348473.309284470509738, 210502.113686709431931 ], [ 348477.738525782478973, 210474.43117440410424 ], [ 348498.777335434337147, 210391.383746101724682 ], [ 348512.06495757214725, 210333.804209289140999 ], [ 348566.322567747847643, 210333.804116996208904 ], [ 348639.404236924543511, 210334.911415036011022 ], [ 348671.452854783390649, 210333.487021147768246 ], [ 348689.232667293515988, 210332.696784584462876 ], [ 348651.584323888528161, 210505.435484141344205 ], [ 348616.150620996661019, 210667.101153168390738 ], [ 348608.399539754260331, 210706.963974404498003 ], [ 348588.468066289555281, 210796.655261615669588 ], [ 348580.716961533762515, 210822.123071849229746 ], [ 348572.965825542807579, 210808.835496563959168 ], [ 348568.409639384481125, 210795.867669207887957 ] ], [ [ 348112.161031568539329, 210254.759119570546318 ], [ 347580.502256932493765, 210341.017945712257642 ], [ 348110.281114780344069, 210173.338914644438773 ], [ 348118.782327876309864, 210170.649907663639169 ], [ 348112.161031568539329, 210254.759119570546318 ] ], [ [ 348134.076661042170599, 208528.581642647157423 ], [ 348124.552001823089086, 208497.286215994798113 ], [ 348131.994845605513547, 208499.049023264058633 ], [ 348176.257433590712026, 208509.532227126357611 ], [ 348206.192139995808247, 208516.335602043836843 ], [ 348213.422311586560681, 208542.157986022881232 ], [ 348215.716770992672537, 208550.352352611895185 ], [ 348219.798727885761764, 208569.401680432580179 ], [ 348212.99534177838359, 208566.680390924215317 ], [ 348176.257333661138546, 208559.877021575346589 ], [ 348143.601236760965548, 208554.434366038214648 ], [ 348134.076661042170599, 208528.581642647157423 ] ], [ [ 348149.88113261340186, 208255.711913352046395 ], [ 348166.118195296206977, 208166.68894749158062 ], [ 348175.076521064620465, 208168.92855074358522 ], [ 348195.792565300944261, 208173.407625894935336 ], [ 348245.622904633870348, 208185.725256982113933 ], [ 348293.773724762431812, 208198.042879110202193 ], [ 348300.103755726420786, 208199.519980296347057 ], [ 348310.570432189037092, 208201.962139594717883 ], [ 348303.851687046233565, 208241.154646744078491 ], [ 348284.815102250431664, 208338.576049655297538 ], [ 348280.89573744579684, 208356.492617306736065 ], [ 348270.817753877374344, 208355.932711161265615 ], [ 348257.94024208834162, 208354.253104125615209 ], [ 348235.544499357929453, 208350.893691460514674 ], [ 348170.037054790300317, 208341.935507451446028 ], [ 348135.883613003359642, 208338.016226400417509 ], [ 348140.971521429368295, 208308.100240461877547 ], [ 348149.88113261340186, 208255.711913352046395 ] ] ] ] } },
{ "type": "Feature", "properties": { "US_ID": 543416, "WDPA_Code": 68541, "WDPA_NewCo": 0, "Class_Desc": "3000", "Owner_Desc": "3100", "Manag_Desc": "3101", "Local_Desg": "SP", "Mang2_Desc": "SP", "Parcel_Nam": "South Mountain SP", "WDPA_Name": "South Mountain State Park", "State_Name": "24", "GIS_Acres": 186, "GAP_Status": 2, "IUCN_Categ": "V", "GAPCodeSrc": "TNC", "GAPCodDate": "2008", "Agg_Source": "TNC", "GIS_Source": null, "SourceDate": "2008", "SHAPE_Leng": 6904.62330492, "SHAPE_Area": 750763.81410399999, "PAD_SQKM": 0.7508 }, "geometry": { "type": "MultiPolygon", "coordinates": [ [ [ [ 348720.327440576453228, 208821.636326413339702 ], [ 348720.524832521856297, 208826.566930686472915 ], [ 348685.146649838134181, 208851.060027533210814 ], [ 348642.966040122439153, 208879.634723591268994 ], [ 348611.670500957407057, 208906.847564454656094 ], [ 348581.375808677345049, 208933.448231821152149 ], [ 348581.374217892938759, 208933.467452469456475 ], [ 348579.344723886519205, 208957.131755493872333 ], [ 348570.413380417972803, 208986.600413105043117 ], [ 348554.842897904163692, 209015.016064345778432 ], [ 348550.533410073025152, 209022.880698533786926 ], [ 348546.358540573273785, 209030.441725758981192 ], [ 348531.853563100856263, 209056.711632923193974 ], [ 348525.311387451947667, 209069.575043310556794 ], [ 348515.594471892341971, 209088.680930170754436 ], [ 348507.852915784693323, 209115.07141518368735 ], [ 348496.50289682392031, 209151.271817564120283 ], [ 348491.987992353038862, 209174.026588525477564 ], [ 348489.44332974369172, 209186.851690157025587 ], [ 348486.018302664451767, 209211.531466492655454 ], [ 348483.063729539746419, 209232.821079506014939 ], [ 348488.193942099343985, 209264.620430362818297 ], [ 348503.664488816692028, 209289.581368702696636 ], [ 348525.164315935515333, 209304.111902315082261 ], [ 348527.753885122539941, 209305.284773682884406 ], [ 348541.103845716046635, 209311.331125815777341 ], [ 348558.223117157816887, 209313.020711421821034 ], [ 348568.10424308013171, 209310.70070553329424 ], [ 348577.134291725466028, 209308.58062225652975 ], [ 348587.472629960917402, 209301.160737255326239 ], [ 348593.473226164001971, 209290.080989294423489 ], [ 348602.054013920016587, 209278.596767153620021 ], [ 348604.972791410575155, 209274.690314196137479 ], [ 348626.884348208550364, 209263.491864334471757 ], [ 348634.167860333749559, 209261.109138836007332 ], [ 348653.72333912254544, 209254.712067360320361 ], [ 348673.400289814802818, 209261.745366373332217 ], [ 348678.813307249802165, 209263.680182816111483 ], [ 348694.668302687758114, 209274.283043199538952 ], [ 348711.38259809470037, 209285.460610487149097 ], [ 348733.502958737546578, 209302.430332951276796 ], [ 348761.163187819183804, 209324.851770267268876 ], [ 348764.977725066943094, 209328.505812216288177 ], [ 348782.093651672592387, 209344.90164849194116 ], [ 348800.032076098956168, 209374.130741267756093 ], [ 348811.894931169634219, 209404.64168423548108 ], [ 348816.882896707451437, 209417.470384793006815 ], [ 348823.691092281136662, 209432.255460262153065 ], [ 348837.383212077897042, 209461.989756700873841 ], [ 348848.880340869771317, 209492.161858536303043 ], [ 348856.691711360996123, 209512.661374623887241 ], [ 348864.696343553427141, 209535.466746463411255 ], [ 348871.693216424435377, 209555.401032440917334 ], [ 348877.265589999908116, 209570.550860126939369 ], [ 348888.531749200308695, 209601.179937103792327 ], [ 348895.8502781309071, 209632.905805012735073 ], [ 348901.782166619319469, 209658.620128083566669 ], [ 348906.412594573048409, 209703.270585568214301 ], [ 348905.472479304880835, 209738.801239966211142 ], [ 348905.376558426185511, 209745.96839408899541 ], [ 348905.062835397431627, 209769.410592811938841 ], [ 348909.601182548271026, 209799.381006920477375 ], [ 348910.943797298532445, 209811.894116316834697 ], [ 348914.852114801004063, 209848.320010410650866 ], [ 348913.381609078962356, 209898.540989291795995 ], [ 348913.196712022065185, 209903.919510186155094 ], [ 348911.382591275149025, 209956.710340565390652 ], [ 348910.738325153884944, 209993.374852688953979 ], [ 348910.532564926776104, 210005.079884823644534 ], [ 348911.066859848215245, 210010.599258885049494 ], [ 348914.501547314925119, 210046.08077898985357 ], [ 348911.251310214574914, 210098.759435475658393 ], [ 348904.320807974960189, 210150.850233298318926 ], [ 348893.001042348623741, 210190.130201470048632 ], [ 348893.385756487026811, 210194.286978134012315 ], [ 348895.661363445338793, 210218.880034948961111 ], [ 348903.251178555248771, 210254.939164599694777 ], [ 348906.388165762589779, 210276.395518404780887 ], [ 348909.689991044055205, 210298.979236993938684 ], [ 348915.240397007612046, 210313.31842685295851 ], [ 348925.281434524280485, 210339.259301480662543 ], [ 348930.162931706814561, 210355.532605688815238 ], [ 348937.190396417339798, 210378.959726809611311 ], [ 348944.751551848719828, 210408.899369016115088 ], [ 348949.220297881343868, 210432.740138972207205 ], [ 348951.406979320163373, 210450.6278691443149 ], [ 348953.781100033491384, 210470.048481837264262 ], [ 348950.971182096225675, 210501.909223303053295 ], [ 348943.697870810749009, 210513.658643894421402 ], [ 348933.440301566675771, 210530.228911783924559 ], [ 348920.837843348912429, 210550.572399041120661 ], [ 348911.721295681723859, 210565.288660531514324 ], [ 348906.984335179266054, 210577.07552207185654 ], [ 348899.13021589955315, 210596.618888405879261 ], [ 348890.456823598302435, 210624.821534744871315 ], [ 348884.220699929166585, 210645.099184909573523 ], [ 348884.829449536278844, 210668.222449255757965 ], [ 348885.09103678970132, 210678.157930555025814 ], [ 348896.350967764446978, 210711.128615074383561 ], [ 348909.165188026730902, 210731.596484955458436 ], [ 348914.281124984088819, 210739.767845918511739 ], [ 348931.127271546400152, 210758.35404654731974 ], [ 348935.219834093353711, 210762.869308830122463 ], [ 348974.531070653814822, 210790.099480945325922 ], [ 349009.500574583944399, 210807.568844244786305 ], [ 349026.103547224658541, 210815.727939186588628 ], [ 349032.780146504635923, 210819.008924739755457 ], [ 349041.287497939541936, 210822.767784326191759 ], [ 349064.059156178729609, 210832.828817550471285 ], [ 349066.739253861363977, 210834.080008019984234 ], [ 349067.209011656639632, 210834.299273665063083 ], [ 349069.309956571960356, 210835.271822218317538 ], [ 349075.159291600983124, 210837.979598935082322 ], [ 349080.503287677303888, 210840.45791404353804 ], [ 349085.249824236903805, 210842.659213497943711 ], [ 349092.232471361989155, 210845.898524075862952 ], [ 349096.370390621363185, 210847.81815730247763 ], [ 349098.049250106676482, 210848.594795225071721 ], [ 349098.920135711785406, 210848.997771675640251 ], [ 349106.159804300055839, 210854.949270749144489 ], [ 349118.539979921770282, 210865.138070540851913 ], [ 349119.315808394108899, 210865.774907183513278 ], [ 349125.630089963611681, 210870.95843788824277 ], [ 349131.49964980391087, 210875.789632755768253 ], [ 349136.179650084057357, 210880.5743131590134 ], [ 349143.040087762812618, 210887.588228225184139 ], [ 349148.129367239016574, 210892.78800908770063 ], [ 349477.289519842946902, 210810.798287946206983 ], [ 349396.598734271654394, 210569.527689711423591 ], [ 349324.460374150716234, 210353.148563380236737 ], [ 349323.979169679631013, 210352.388826930109644 ], [ 349344.340356826549396, 210294.928038646292407 ], [ 349364.699620764236897, 210237.469380528113106 ], [ 349385.05065525311511, 210180.008751421584748 ], [ 349405.410270104301162, 210122.550521677854704 ], [ 349425.970186346967239, 210064.520528369874228 ], [ 349531.50153151655104, 209959.249216888420051 ], [ 349495.950515423552133, 209898.149295649811393 ], [ 349444.462293748743832, 209688.739491016516695 ], [ 349435.711204150982667, 209665.410776557488134 ], [ 349419.751169375318568, 209668.069044240721269 ], [ 349200.312304371036589, 209741.66000452300068 ], [ 349137.321360924746841, 209706.459141125407768 ], [ 348989.852191059791949, 209624.049850541457999 ], [ 348990.309609874966554, 209233.822854016412748 ], [ 348990.313775433634873, 209230.221731985453516 ], [ 348999.303063706844114, 208934.320784796465887 ], [ 348740.563127672590781, 208948.380505272332812 ], [ 348733.35452057281509, 208812.91150794798159 ], [ 348720.327440576453228, 208821.636326413339702 ] ], [ [ 349193.349827274912968, 210274.788210445694858 ], [ 349193.03031473926967, 210324.239135332871228 ], [ 349054.630816386721563, 210319.708987684280146 ], [ 349038.250898627156857, 210324.149084814445814 ], [ 348985.441248452931177, 210338.429757371835876 ], [ 348988.221129798563197, 210084.189845671819057 ], [ 348989.220717558811884, 209993.119510685792193 ], [ 349195.03204691427527, 210012.260003564646468 ], [ 349194.738316924427636, 210056.941646448278334 ], [ 349194.560859978781082, 210083.939959208219079 ], [ 349194.190106784575619, 210142.930454650399042 ], [ 349193.499362725415267, 210251.348834734060802 ], [ 349193.349827274912968, 210274.788210445694858 ] ] ] ] } },
{ "type": "Feature", "properties": { "US_ID": 545569, "WDPA_Code": 68541, "WDPA_NewCo": 0, "Class_Desc": "3000", "Owner_Desc": "3100", "Manag_Desc": "3101", "Local_Desg": "SP", "Mang2_Desc": "SP", "Parcel_Nam": "South Mountain SP", "WDPA_Name": "South Mountain State Park", "State_Name": "24", "GIS_Acres": 1520, "GAP_Status": 2, "IUCN_Categ": "V", "GAPCodeSrc": "TNC", "GAPCodDate": "2008", "Agg_Source": "TNC", "GIS_Source": null, "SourceDate": "2008", "SHAPE_Leng": 35221.510937699997, "SHAPE_Area": 6150634.9862200003, "PAD_SQKM": 6.1506 }, "geometry": { "type": "MultiPolygon", "coordinates": [ [ [ [ 346709.669594718958251, 201921.904998555721249 ], [ 346729.858865279587917, 201913.9342247027962 ], [ 346763.110351072740741, 201895.004585472343024 ], [ 346781.736181132204365, 201886.686497162037995 ], [ 346790.699007092684042, 201882.683795283868676 ], [ 346820.860065840475727, 201884.955102021835046 ], [ 346838.110439449432306, 201878.544840301154181 ], [ 346845.950272831309121, 201879.874035420943983 ], [ 346861.261179956898559, 201879.155179388122633 ], [ 346886.199764381279238, 201877.983664142113412 ], [ 346903.200250205816701, 201877.174780773144448 ], [ 346939.450061790819746, 201876.204051815991988 ], [ 346947.889926165691577, 201877.903846491099102 ], [ 347012.229982320568524, 201805.505151728808414 ], [ 347031.610052904579788, 201757.235832805075916 ], [ 347043.850859615951777, 201681.595092618139461 ], [ 347064.070520927780308, 201557.355403283319902 ], [ 347075.319847922597546, 201438.766036608809372 ], [ 347085.10922751983162, 201416.205337196064647 ], [ 347097.950207238493022, 201396.225068659492536 ], [ 347110.762068153242581, 201382.506317304825643 ], [ 346877.864188601379283, 200885.560799529310316 ], [ 346886.54813370940974, 200881.04833616205724 ], [ 346882.915214778622612, 200873.437972978077596 ], [ 346878.534493563405704, 200854.487806694291066 ], [ 346875.634406086523086, 200841.816807460796554 ], [ 346875.13472610025201, 200836.037427055329317 ], [ 346874.753765567264054, 200819.327820595441153 ], [ 346875.814582380233333, 200798.817133071657736 ], [ 346878.724686404631939, 200778.64634288958041 ], [ 346882.94350921647856, 200756.296599510271335 ], [ 346895.974797121831216, 200686.537640377035132 ], [ 346862.973174940329045, 200679.906239650794305 ], [ 346814.003184150904417, 200670.077918671362568 ], [ 346762.473063847282901, 200597.34736153218546 ], [ 346803.502161662559956, 200393.24803841355606 ], [ 346817.352889638044871, 200402.988273108931025 ], [ 346831.852753495448269, 200407.407896025339141 ], [ 346843.740723763010465, 200411.036624005268095 ], [ 346843.439712375635281, 200396.825486424117116 ], [ 346825.56328672147356, 200391.757129786128644 ], [ 346806.353005160170142, 200380.898636825790163 ], [ 346755.502822432667017, 200330.577229349844856 ], [ 346730.781070556957275, 200248.077825674117776 ], [ 346745.810854928160552, 200078.268062510876916 ], [ 346761.971634217305109, 200058.068624726409325 ], [ 346797.752092939335853, 199966.17902745801257 ], [ 346774.724377449834719, 199955.643357969151111 ], [ 346774.470849593053572, 199955.565905866998946 ], [ 346751.314527203328907, 199945.237818963680184 ], [ 346721.908145591674838, 199938.987835013947915 ], [ 346711.564377946255263, 199936.159698848263361 ], [ 346696.56428672617767, 199935.862805620155996 ], [ 346690.001779933052603, 199936.800332530634478 ], [ 346670.282853285432793, 199928.331574185343925 ], [ 346646.814058179676067, 199917.394074050331255 ], [ 346636.814025310683064, 199915.519100923353108 ], [ 346608.03258538065711, 199911.128581894881791 ], [ 346587.720043133944273, 199909.566090714506572 ], [ 346569.563731770613231, 199906.144207812176319 ], [ 346541.407313661009539, 199902.394259140710346 ], [ 346521.688532790052705, 199899.237944152439013 ], [ 346484.813407480716705, 199895.816171008016681 ], [ 346455.375810873578303, 199891.738087735750014 ], [ 346429.438131480535958, 199888.613076473964611 ], [ 346416.906830986961722, 199880.472455399052706 ], [ 346392.53171863273019, 199859.831861397076864 ], [ 346368.125272076926194, 199840.128801141749136 ], [ 346347.156468779197894, 199822.925768274872098 ], [ 346344.968868102994747, 199816.050725207431242 ], [ 346350.906425926019438, 199807.285069162986474 ], [ 346359.338341945258435, 199794.13762216392206 ], [ 346355.969760857813526, 199789.228261680167634 ], [ 346384.529053139151074, 199743.398106012638891 ], [ 346380.699082619918045, 199744.836541653348831 ], [ 346379.597840275149792, 199746.040134954324458 ], [ 346316.384341058554128, 199770.73296137485886 ], [ 346231.441214969148859, 199803.32739614835009 ], [ 346178.100473452010192, 199825.058901038893964 ], [ 346158.34621305228211, 199810.243261760188034 ], [ 346130.69014558789786, 199791.476909574703313 ], [ 346087.230820205644704, 199760.858015011996031 ], [ 346064.513380796823185, 199744.066970761254197 ], [ 346087.230670072080102, 199703.570903131214436 ], [ 346127.726653248129878, 199629.492787478404352 ], [ 346155.382465326867532, 199580.10732197354082 ], [ 346173.161195744236466, 199549.488332431297749 ], [ 346195.878504708816763, 199507.016852919448866 ], [ 346217.18774134182604, 199527.81261831606389 ], [ 346227.407446602242999, 199513.098859597404953 ], [ 346189.904126360197552, 199463.150081954227062 ], [ 346176.9339907237445, 199433.151054721412947 ], [ 346158.022497825673781, 199353.240196219674544 ], [ 346133.552657380932942, 199230.100280164071592 ], [ 346237.816555725468788, 199169.878956289292546 ], [ 346366.62782528612297, 199103.460105247038882 ], [ 346413.127781523915473, 199083.739887467527296 ], [ 346468.747773932409473, 199060.179548713611439 ], [ 346613.158784477738664, 199009.819135262892814 ], [ 346756.439398620161228, 199109.007740928442217 ], [ 346792.629615906043909, 198970.098032815381885 ], [ 346841.808431448240299, 199077.939505108253798 ], [ 346888.499236377305351, 199180.759277649252908 ], [ 346933.379388073808514, 199242.238154017162742 ], [ 347051.910280112118926, 199382.878203059284715 ], [ 347127.600639864511322, 199432.48886124038836 ], [ 347214.280597896897234, 199455.078243094787467 ], [ 347312.251189527683891, 199474.898833363695303 ], [ 347337.941385359037668, 199483.158338421344524 ], [ 347356.002881965483539, 199499.788068847497925 ], [ 347406.312241031322628, 199535.187783125496935 ], [ 347456.631845169467852, 199547.127574060723418 ], [ 347545.533784643281251, 199540.598519599385327 ], [ 347622.164068532583769, 199526.827855000592535 ], [ 347570.381656684272457, 199345.018705759575823 ], [ 347535.243874974315986, 199318.587275043915724 ], [ 347508.096784256165847, 199322.987893304263707 ], [ 347427.127303454384673, 199257.11299502509064 ], [ 347389.815024567942601, 199198.379027023736853 ], [ 347408.551717837806791, 199194.207949473900953 ], [ 347390.03158383956179, 199168.257978784502484 ], [ 347357.191640579898376, 199107.768324821430724 ], [ 347470.630676783795934, 198987.347885315975873 ], [ 347512.16209942282876, 198947.628951753838919 ], [ 347695.411470866936725, 198883.688393892516615 ], [ 347406.191840013547335, 198860.578816729801474 ], [ 347346.850730796868447, 198819.598338842188241 ], [ 347239.690835880348459, 198822.627344078238821 ], [ 347172.65956410637591, 198839.568529016512912 ], [ 347042.279505592014175, 198895.708351105247857 ], [ 346971.750149689323734, 198864.679180723149329 ], [ 346906.129811630933546, 198829.619562277279329 ], [ 346916.158632147300523, 198710.118758282827912 ], [ 347000.878462696971837, 198683.928843253524974 ], [ 347165.880396325374022, 198740.537449128954904 ], [ 347081.533413960540202, 198582.687825778237311 ], [ 346886.838005579775199, 198218.328657844511326 ], [ 346870.874671511352062, 198188.457183784281369 ], [ 346828.717255752359051, 198109.569716483005323 ], [ 346792.769304457819089, 198121.378612466098275 ], [ 346587.775610053620767, 198188.719067479833029 ], [ 346554.956247648573481, 198125.114531391940545 ], [ 346536.806557017203886, 198089.940022357768612 ], [ 346529.564769109943882, 198075.898943148727994 ], [ 346523.905665417085402, 197908.038850983954035 ], [ 346522.744414480810519, 197891.540198478469392 ], [ 346508.534717067319434, 197890.39310908029438 ], [ 346496.714189532271121, 197889.439004274929175 ], [ 346487.263127268408425, 197782.420163661852712 ], [ 346483.65364439872792, 197741.548879383917665 ], [ 346416.120931882876903, 197732.252972832735395 ], [ 346413.994724647491239, 197731.960285177337937 ], [ 346411.712275603436865, 197599.06056969347992 ], [ 346410.684647512505762, 197539.22926546583767 ], [ 346332.272439244552515, 197514.800808451283956 ], [ 346289.372865081764758, 197501.429520548583241 ], [ 346283.010030830686446, 197499.440053635713411 ], [ 346279.462488634278998, 197498.330921347456751 ], [ 346319.304936847300269, 197402.7021247970697 ], [ 346333.742544043576345, 197368.049408047198085 ], [ 346349.600411027204245, 197368.448256472154753 ], [ 346363.623020344646648, 197368.801004296634346 ], [ 346440.212115462170914, 197305.630286314961268 ], [ 346513.622893949388526, 197300.850148731522495 ], [ 346800.994410219427664, 196992.799552451673662 ], [ 346675.772469634830486, 196798.98938168497989 ], [ 346429.682040253363084, 196864.069174458476482 ], [ 346261.933255163778085, 197353.29987040584092 ], [ 345982.118701257917564, 197316.72247597630485 ], [ 345968.26781138277147, 197232.402224750258029 ], [ 345940.207635047961958, 197061.492310128785903 ], [ 345768.736104414914735, 197009.762248240847839 ], [ 345744.207147172302939, 197008.052236866060412 ], [ 345634.397079382149968, 196970.373339834506623 ], [ 345630.546620128268842, 196877.193390458240174 ], [ 345440.045007454813458, 196819.663492013642099 ], [ 345391.834817019233014, 196738.663178956194315 ], [ 345356.014959275024012, 196678.462267604190856 ], [ 345336.794318037398625, 196625.273740191449178 ], [ 345573.705706604989246, 196682.543551787734032 ], [ 345605.834915118408389, 196691.683639032766223 ], [ 345627.76488491834607, 196688.902421673788922 ], [ 345629.866146141779609, 196670.583133202861063 ], [ 345660.675587523088325, 196401.662316840258427 ], [ 345354.453554899431765, 196359.054352102190023 ], [ 345367.984406296571251, 196233.983070107380627 ], [ 345370.454328962834552, 196211.24416328035295 ], [ 345382.54339726845501, 196099.714198553119786 ], [ 345401.73317814146867, 196094.573720906919334 ], [ 345508.583689861116, 196065.962923712359043 ], [ 345495.044306088471785, 196054.664098698791349 ], [ 345299.422466537100263, 195891.324343519168906 ], [ 345456.733392956142779, 195718.10433679408743 ], [ 345486.701692061382346, 195685.084416886762483 ], [ 345650.041988532757387, 195501.32331850528135 ], [ 345641.171772645961028, 195388.794064534798963 ], [ 345617.482476709410548, 195389.51292354738689 ], [ 345589.010624804592226, 195245.402385862747906 ], [ 345582.558559727505781, 195245.887321012327448 ], [ 345583.856948557775468, 195252.11808482784545 ], [ 345164.762422000872903, 195288.634672244632384 ], [ 345152.043486975831911, 195344.994599334604573 ], [ 345029.824744639161509, 195359.276504865440074 ], [ 345026.948551478795707, 195341.699154425004963 ], [ 344996.863988478551619, 195344.113428561628098 ], [ 344998.978686427813955, 195354.219100186077412 ], [ 344993.87714578100713, 195368.066618523764191 ], [ 344991.692033380502835, 195389.203297312895302 ], [ 344984.403266950102989, 195421.269857146951836 ], [ 344977.115561816317495, 195462.812558023346355 ], [ 344947.234152348479256, 195465.727860990824411 ], [ 344952.089274495025165, 195479.07798034849111 ], [ 344956.999389614560641, 195490.225907359214034 ], [ 344977.115762426401488, 195533.507388225465547 ], [ 344987.319014032080304, 195552.45644708184409 ], [ 344996.065081310458481, 195573.590754600474611 ], [ 344996.420552065130323, 195574.257203798711998 ], [ 345001.895746370544657, 195584.522901058313437 ], [ 345033.963431165495422, 195590.352527812618064 ], [ 345090.426506179501303, 195602.05884350289125 ], [ 345093.725205541937612, 195602.742744046496227 ], [ 345100.285072264261544, 195622.420882259117207 ], [ 345102.470273666607682, 195632.625025175017072 ], [ 345110.488342516880948, 195660.319130231073359 ], [ 345119.234392652229872, 195698.217265948303975 ], [ 345130.166719964239746, 195733.199109551438596 ], [ 345133.810204215289559, 195749.232925941701978 ], [ 345128.708707486803178, 195776.198884470330086 ], [ 345117.77656367974123, 195827.943666791223222 ], [ 345113.404138712678105, 195847.621851412317483 ], [ 345095.184157389739994, 195873.859852313180454 ], [ 345076.964199717971496, 195901.553931525850203 ], [ 345064.573795836186036, 195920.503014575690031 ], [ 345043.438413921161555, 195948.926262319000671 ], [ 345053.641648455290124, 195970.061562071670778 ], [ 345066.595929311239161, 195999.596877332456643 ], [ 345116.673147104855161, 196002.434878265863517 ], [ 345121.35025658091763, 196011.603000087867258 ], [ 345158.566895177587867, 196084.554766184533946 ], [ 345157.862046751193702, 196150.805402841157047 ], [ 345157.862220310722478, 196231.702379348367685 ], [ 345157.133310486213304, 196296.566584143787622 ], [ 345157.133368950919248, 196296.624188965011854 ], [ 345157.133494064153638, 196353.41288819280453 ], [ 345141.828781678632367, 196370.903848951333202 ], [ 345106.117832591640763, 196410.260319115506718 ], [ 345097.370881848444697, 196421.921596704196418 ], [ 345094.456445437623188, 196397.141806708154036 ], [ 345093.567064058559481, 196392.472074941673782 ], [ 345084.983358068973757, 196400.324109799897997 ], [ 345146.673750032554381, 196538.213702065113466 ], [ 345147.333667930623051, 196702.913745251105865 ], [ 345221.584072365483735, 196712.772661589435302 ], [ 345214.73365517280763, 196787.833893526461907 ], [ 344826.393173958174884, 196794.044173361879075 ], [ 344861.483280825952534, 196654.233452214073623 ], [ 344539.172578993951902, 196647.885386661568191 ], [ 344517.29389723110944, 196683.694734646967845 ], [ 344286.11336933739949, 196703.054887356120162 ], [ 344351.012979552091565, 196884.155105031852145 ], [ 344590.203297780593857, 196869.775728465116117 ], [ 344777.205338290659711, 197238.044555378815858 ], [ 344650.513684197794646, 197160.874068638222525 ], [ 344668.364154237497132, 197211.355216594063677 ], [ 344695.014958975370973, 197252.99517390911933 ], [ 344657.264183919527568, 197275.164829314860981 ], [ 344686.114568697987124, 197327.384634555492084 ], [ 344667.584270001330879, 197340.844207496091258 ], [ 344705.42535449762363, 197417.154571828781627 ], [ 344732.205325800459832, 197518.403540379891638 ], [ 344735.455924517067615, 197685.413727744278731 ], [ 345024.795826825546101, 197688.524024243699387 ], [ 345055.546777109149843, 197750.494445941090817 ], [ 345016.956272043520585, 197750.383833025873173 ], [ 344702.296886411146261, 197749.41370576294139 ], [ 344741.336375409853645, 197934.233192509505898 ], [ 345138.767838443629444, 197934.912434202939039 ], [ 345257.487231502949726, 198190.103124590852531 ], [ 345518.738771854143124, 198112.293144168652361 ], [ 345721.770404716313351, 198349.543285626394209 ], [ 345733.679623133735731, 198363.443001056293724 ], [ 345731.670452872989699, 198364.141366506577469 ], [ 345344.59985760494601, 198496.692542947916081 ], [ 345331.058413878083229, 198507.442479337682016 ], [ 345323.089555534068495, 198484.853093713260023 ], [ 345295.119820204097778, 198408.38286135069211 ], [ 345104.798914264247287, 198465.983120567223523 ], [ 344859.048983021522872, 198616.773535712447483 ], [ 344860.329073579167016, 198642.113437485008035 ], [ 344959.86799318814883, 198580.66304998123087 ], [ 345013.839231544872746, 198656.522908921760973 ], [ 344946.339270461525302, 198701.794039329513907 ], [ 345024.018105240596924, 198786.382344195561018 ], [ 345011.7096929505351, 198792.792551994672976 ], [ 345069.709347722760867, 198901.43275798423565 ], [ 345129.959852281259373, 199014.242486928356811 ], [ 345131.119072358531412, 199023.01202033404843 ], [ 345137.68098615272902, 199072.192663393972907 ], [ 345153.09006893041078, 199019.241688787238672 ], [ 345147.588859773473814, 198889.933115048857871 ], [ 345140.649826608365402, 198727.342523270461243 ], [ 345407.179156670114025, 198715.052093451406108 ], [ 345445.09004742075922, 198810.322889267816208 ], [ 345445.904122232052032, 198812.083666449354496 ], [ 345441.178167358564679, 198764.305768688471289 ], [ 345446.834401961241383, 198763.290112370479619 ], [ 345507.488079898059368, 198945.249423403729452 ], [ 345537.022718183347024, 199033.852312993753003 ], [ 345734.742117551970296, 199199.157667246152414 ], [ 345748.617357554088812, 199210.758229198661866 ], [ 345553.085620187863242, 199249.41470014009974 ], [ 345552.991850725433324, 199247.149006327439565 ], [ 345528.726278287125751, 199251.36996131070191 ], [ 345528.401907160703558, 199336.941023221268551 ], [ 345528.40189388662111, 199343.631828979530837 ], [ 345528.270853113557678, 199370.571164774592035 ], [ 345521.960975478286855, 199368.90210998483235 ], [ 345476.022141163877677, 199354.762793659523595 ], [ 345437.771620747575071, 199380.44264498737175 ], [ 345443.831838320940733, 199432.091146535181906 ], [ 345475.491887716227211, 199439.322554303769721 ], [ 345492.152724148938432, 199553.742118349240627 ], [ 345473.022298444760963, 199558.630701375892386 ], [ 345488.802310411119834, 199616.591137637122301 ], [ 345530.772279211203568, 199713.27090634329943 ], [ 345571.652728753862903, 199812.131805033306591 ], [ 345594.963368702970911, 199905.46108235756401 ], [ 345622.402720448852051, 199996.261061686789617 ], [ 345914.902594089508057, 199788.27011406380916 ], [ 345932.81590421841247, 199811.481936432071961 ], [ 345950.056668706762139, 199800.319787699932931 ], [ 346021.276374151988421, 199893.429915494489251 ], [ 345898.026365589350462, 199942.711075084400363 ], [ 345898.869234745914582, 199982.960283874941524 ], [ 345879.422242000990082, 199981.663622677850071 ], [ 345881.934901589993387, 200262.320156076719286 ], [ 345855.405066780978814, 200302.54083229394746 ], [ 346152.276202958310023, 200380.819119449675782 ], [ 346205.685723720642272, 200210.910981394990813 ], [ 346303.161199342866894, 200271.568679770512972 ], [ 346282.440058857435361, 200467.707478156255092 ], [ 346281.131480735435616, 200480.187970325787319 ], [ 346270.101005380100105, 200528.897574591217563 ], [ 346256.160332612169441, 200551.017971729801502 ], [ 346151.995969592244364, 200511.038954794785241 ], [ 346135.656922277004924, 200503.229935007519089 ], [ 346152.377585248847026, 200780.958857103541959 ], [ 346262.501555365859531, 200780.127433055778965 ], [ 346301.196087368763983, 201161.794899113476276 ], [ 346297.474925926770084, 201194.564888366527157 ], [ 346286.815230575099122, 201233.655006907065399 ], [ 346264.815603454073425, 201289.045089151797583 ], [ 346446.756812864972744, 201328.894970924797235 ], [ 346465.887630717712454, 201438.825396562169772 ], [ 346473.106955163297243, 201480.43453509369283 ], [ 346482.007739197928458, 201531.7347890890087 ], [ 346482.257740116154309, 201586.174701780895703 ], [ 346473.818083705438767, 201663.754841639718506 ], [ 346462.787679933127947, 201716.925017273140838 ], [ 346455.228610815538559, 201761.315384143701522 ], [ 346524.06860462075565, 201843.79439770852332 ], [ 346658.420352641725913, 201945.905502615845762 ], [ 346673.069772182207089, 201942.485333572432864 ], [ 346697.508614606398623, 201936.613755439961096 ], [ 346709.669594718958251, 201921.904998555721249 ] ], [ [ 346543.360943769745063, 201497.444458658690564 ], [ 346542.607239085366018, 201496.453304541792022 ], [ 346544.867247215996031, 201483.648200492898468 ], [ 346547.880831019603647, 201459.54624382086331 ], [ 346549.386987412057351, 201436.950715395418229 ], [ 346548.634341218566988, 201420.379403235303471 ], [ 346545.619615681644063, 201397.783792347006965 ], [ 346566.710033272684086, 201396.277526617166586 ], [ 346628.473868754517753, 201406.069034765823744 ], [ 346676.678964122605976, 201418.873047288740054 ], [ 346665.380270677560475, 201480.635594097606372 ], [ 346660.861484310415108, 201513.777258966729278 ], [ 346637.512090627802536, 201512.271005323011195 ], [ 346599.098605532431975, 201513.024617778224638 ], [ 346596.380861761339474, 201515.582616977219004 ], [ 346597.592280843935441, 201516.037285392929334 ], [ 346596.839732371736318, 201560.475718340399908 ], [ 346559.93158676661551, 201574.03347138830577 ], [ 346522.270826107356697, 201586.084940571541665 ], [ 346529.05072455998743, 201568.00825036803144 ], [ 346535.075913075823337, 201552.190577900095377 ], [ 346540.348468034004327, 201534.867524668225087 ], [ 346543.360940886603203, 201510.764669604453957 ], [ 346543.360943769745063, 201497.444458658690564 ] ], [ [ 345816.022925290570129, 199833.211490209621843 ], [ 345724.243694689241238, 199894.301383668091148 ], [ 345661.373753264721017, 199803.990847738081357 ], [ 345752.212977772345766, 199744.121638245938811 ], [ 345816.022925290570129, 199833.211490209621843 ] ], [ [ 346154.371943930455018, 198834.101145795953926 ], [ 346076.371514565194957, 198784.871504878305132 ], [ 346082.68133409100119, 198751.792219859722536 ], [ 346090.301803464652039, 198711.932020306354389 ], [ 346347.527063931629527, 198604.719119096349459 ], [ 346405.526915395399556, 198728.938402772939298 ], [ 346439.405950591841247, 198802.874906141980318 ], [ 346493.62863469455624, 198921.208510562370066 ], [ 346454.566115928231739, 198928.254416918149218 ], [ 346368.778072680172045, 198943.728415273770224 ], [ 346331.632431755366269, 198932.250815359322587 ], [ 346286.126545189763419, 198918.190044463553932 ], [ 346154.371943930455018, 198834.101145795953926 ] ], [ [ 345277.73546760919271, 197198.654214953421615 ], [ 345226.014393889461644, 196919.604211532656336 ], [ 345431.046307052543852, 196901.773918743652757 ], [ 345433.176377446623519, 196944.444005100929644 ], [ 345387.364579230372328, 196989.653677599009825 ], [ 345481.58549616887467, 197126.103488433116581 ], [ 345649.927526339306496, 197122.87343904512818 ], [ 345778.268118045176379, 197207.631680881167995 ], [ 345741.426604761451017, 197253.27172368549509 ], [ 345679.677361683687195, 197329.772851714515127 ], [ 345684.457716187112965, 197459.663059051847085 ], [ 345673.586934821796604, 197499.912438924482558 ], [ 345374.616617147694342, 197322.912642954936018 ], [ 345277.73546760919271, 197198.654214953421615 ] ] ] ] } },
{ "type": "Feature", "properties": { "US_ID": 549612, "WDPA_Code": 68541, "WDPA_NewCo": 0, "Class_Desc": "3000", "Owner_Desc": "3100", "Manag_Desc": "3101", "Local_Desg": "SP", "Mang2_Desc": "SP", "Parcel_Nam": "South Mountain SP", "WDPA_Name": "South Mountain State Park", "State_Name": "24", "GIS_Acres": 323, "GAP_Status": 2, "IUCN_Categ": "V", "GAPCodeSrc": "TNC", "GAPCodDate": "2008", "Agg_Source": "TNC", "GIS_Source": null, "SourceDate": "2008", "SHAPE_Leng": 9244.8846945099995, "SHAPE_Area": 1305569.16824, "PAD_SQKM": 1.3056 }, "geometry": { "type": "MultiPolygon", "coordinates": [ [ [ [ 343294.874026620644145, 188840.356590757961385 ], [ 343285.080883339862339, 188840.705158363038208 ], [ 343241.486871916917153, 188783.346060643409146 ], [ 343386.049496637017, 188661.736391457612626 ], [ 343375.404735229094513, 188629.798872811516048 ], [ 343277.674213637248613, 188364.037852153240237 ], [ 343142.643244132515974, 188413.898861893831054 ], [ 343060.583818575949408, 188444.178816263156477 ], [ 343017.036114222893957, 188315.784564075438539 ], [ 342995.514360072324052, 188252.330835843022214 ], [ 342940.113720124703832, 188137.569426570436917 ], [ 343164.263484138413332, 188051.489210740925046 ], [ 343188.923525405873079, 188046.938506527571008 ], [ 343210.206892458023503, 188036.688202822755557 ], [ 343118.804362725000829, 187814.080152828770224 ], [ 343117.807853667705785, 187813.682279609085526 ], [ 343111.377832180587575, 187794.392073452676414 ], [ 343144.172919575648848, 187778.303499984147493 ], [ 343057.319006340112537, 187601.633201021031709 ], [ 343053.703714368981309, 187608.110269021941349 ], [ 342739.701833433064166, 187758.082035682105925 ], [ 342734.761969866929576, 187741.151286935259122 ], [ 342733.389787689549848, 187737.187189435528126 ], [ 342731.261912520043552, 187731.040327441645786 ], [ 342704.64167141658254, 187638.610489491577027 ], [ 342681.581354219058994, 187558.541606858605519 ], [ 342645.671604223549366, 187482.442086828610627 ], [ 342626.50398146425141, 187427.565747508779168 ], [ 342600.232479200931266, 187352.351258428447181 ], [ 342596.392484047391918, 187342.631505457131425 ], [ 342586.762812163273338, 187310.651919476105832 ], [ 342167.952236858196557, 187430.241866884578485 ], [ 342164.421488215273712, 187449.441819348663557 ], [ 342305.762628205295186, 187760.463020475610392 ], [ 342299.762009852041956, 187853.081676022469765 ], [ 342500.892265363363549, 187795.401306615385693 ], [ 342561.232730416813865, 187934.351740564132342 ], [ 342591.306176158657763, 188003.2896893810248 ], [ 342604.337239371438045, 187999.245832862216048 ], [ 342603.116593281039968, 187997.346252459741663 ], [ 342585.336834480811376, 187959.246380072087049 ], [ 342561.206181128800381, 187909.716599376988597 ], [ 342538.346255184267648, 187865.266922728711506 ], [ 342510.406344441114925, 187805.577044653880876 ], [ 342543.426335171854589, 187795.415844401315553 ], [ 342613.277583591814619, 187773.825642848009011 ], [ 342633.595824500895105, 187768.746548290597275 ], [ 342662.80647214158671, 187825.896842521760846 ], [ 342699.63790702004917, 187902.095613482582849 ], [ 342718.687444455805235, 187942.736072401166894 ], [ 342728.847591448749881, 187963.056235414434923 ], [ 342728.628508217574563, 187964.67315669087111 ], [ 342730.117411286220886, 187964.326011169992853 ], [ 342746.627403811435215, 187996.076079289981863 ], [ 342755.516794240567833, 188018.935844373801956 ], [ 342774.567305425822269, 188054.496206843643449 ], [ 342789.807568440679461, 188091.325308637286071 ], [ 342791.8299935348914, 188096.043851551308762 ], [ 342792.347164823033381, 188095.136621403042227 ], [ 342810.127924148982856, 188133.235485819517635 ], [ 342839.337694017100148, 188196.736632858926896 ], [ 342854.577904815785587, 188228.486649862898048 ], [ 342802.50849728070898, 188283.096662160445703 ], [ 342747.89752726565348, 188335.166223672829801 ], [ 342683.127460755116772, 188403.746707129321294 ], [ 342652.647064512071665, 188431.687592901289463 ], [ 342651.544892891601194, 188430.340336829453008 ], [ 342560.33239893685095, 188522.991455886862241 ], [ 342491.793762924906332, 188436.850807848677505 ], [ 342478.977051128109451, 188420.745094795362093 ], [ 342394.836111690325197, 188422.797991556552006 ], [ 342326.256746385304723, 188452.008743062935537 ], [ 342326.256683714396786, 188444.989753869391279 ], [ 342289.893418531341013, 188463.321684132912196 ], [ 342582.423213075264357, 189089.31973058838048 ], [ 342777.48516013281187, 188997.038419932912802 ], [ 342728.803850553929806, 188895.849118334386731 ], [ 342790.514299024944194, 188865.569332520622993 ], [ 342983.924220501969103, 189158.067523059551604 ], [ 342960.394805586372968, 189177.097639411978889 ], [ 342857.744966060156003, 189289.358808285091072 ], [ 342866.51480001991149, 189397.017784704570659 ], [ 343012.146782969590276, 189591.15698946226621 ], [ 343343.556544904480688, 189469.285705732792849 ], [ 343383.456023724458646, 189560.286145773512544 ], [ 343496.152798897237517, 189452.271809955884237 ], [ 343509.533978139981627, 189438.221390720980708 ], [ 343537.072379630524665, 189406.27769383834675 ], [ 343631.803926057356875, 189450.337891839706572 ], [ 343656.998310823924839, 189462.335077383584576 ], [ 343665.648286126437597, 189464.094882975477958 ], [ 343662.086717589641921, 189457.715341324190376 ], [ 343644.98787574947346, 189427.145006559178 ], [ 343627.675976459868252, 189394.874861413059989 ], [ 343611.517154709028546, 189360.376437184575479 ], [ 343608.661041378451046, 189353.493349796684925 ], [ 343600.707753378956113, 189334.325927074620267 ], [ 343575.805900937644765, 189270.875089487060905 ], [ 343564.646286572213285, 189241.685070265724789 ], [ 343540.488818576210178, 189174.798482310463442 ], [ 343531.736650906037539, 189150.565785406710347 ], [ 343526.669314318627585, 189135.578366524074227 ], [ 343520.366039803077001, 189116.935654163535219 ], [ 343483.116880540794227, 189076.006645017565461 ], [ 343384.910018445109017, 188953.067309479549294 ], [ 343294.874026620644145, 188840.356590757961385 ] ] ] ] } },
{ "type": "Feature", "properties": { "US_ID": 553585, "WDPA_Code": 68541, "WDPA_NewCo": 0, "Class_Desc": "3000", "Owner_Desc": "3100", "Manag_Desc": "3101", "Local_Desg": "SP", "Mang2_Desc": "SP", "Parcel_Nam": "South Mountain SP", "WDPA_Name": "South Mountain State Park", "State_Name": "24", "GIS_Acres": 116, "GAP_Status": 2, "IUCN_Categ": "V", "GAPCodeSrc": "TNC", "GAPCodDate": "2008", "Agg_Source": "TNC", "GIS_Source": null, "SourceDate": "2008", "SHAPE_Leng": 5088.9996660099996, "SHAPE_Area": 467829.76604800002, "PAD_SQKM": 0.4678 }, "geometry": { "type": "MultiPolygon", "coordinates": [ [ [ [ 350386.611010829277802, 215108.681357311230386 ], [ 350389.789720546221361, 215119.903703516029054 ], [ 350392.630081999115646, 215129.931520235375501 ], [ 350396.996840191364754, 215142.011768355179811 ], [ 350403.879780655377544, 215161.053056483680848 ], [ 350406.440158899349626, 215173.885511312168092 ], [ 350410.220418733195402, 215192.832064720074413 ], [ 350410.402958600840066, 215217.429934073210461 ], [ 350410.470360930310562, 215226.513635724550113 ], [ 350410.978797356772702, 215237.864232223189902 ], [ 350412.690493159694597, 215276.083685852237977 ], [ 350422.250742676085792, 215327.443779508088483 ], [ 350425.966285635950044, 215344.241461085039191 ], [ 350429.820176366250962, 215361.663935815769946 ], [ 350441.100537738122512, 215395.873912206094246 ], [ 350443.858236500644125, 215407.301393783418462 ], [ 350448.03109320794465, 215424.59319080619025 ], [ 350456.161621159350034, 215449.624026855861302 ], [ 350476.03137033386156, 215493.543614722497296 ], [ 350493.531608822348062, 215542.38454930781154 ], [ 350505.471485471120104, 215587.58422416029498 ], [ 350512.551573766162619, 215628.235219608817715 ], [ 350514.601653319434263, 215642.354238995671039 ], [ 350516.881097011209931, 215656.43432762377779 ], [ 350517.318973373621702, 215658.836011330218753 ], [ 350519.441096135065891, 215670.475495014426997 ], [ 350520.403397003770806, 215675.410629381163744 ], [ 350522.171126571367495, 215684.475705053919228 ], [ 350524.263498970947694, 215693.976000410068082 ], [ 350525.241017972235568, 215698.414459901454393 ], [ 350526.726288643316366, 215704.809645855420968 ], [ 350528.470542986120563, 215712.317797524592606 ], [ 350531.970568268967327, 215726.145970856188796 ], [ 350535.751257257012185, 215739.916801440063864 ], [ 350539.701820365269668, 215753.617994488537079 ], [ 350543.961711773474235, 215767.247539697214961 ], [ 350545.411676170420833, 215775.836906783486484 ], [ 350553.661160053103231, 215817.41761142044561 ], [ 350561.971991553844418, 215864.487150533823296 ], [ 350572.031841227668338, 215906.047403330623638 ], [ 350590.132177575549576, 215955.488478906801902 ], [ 350611.281923857575748, 216001.839026105677476 ], [ 350628.852587059664074, 216026.300471983064199 ], [ 350632.252270839409903, 216031.05996745149605 ], [ 350655.691661563585512, 216059.050124538422097 ], [ 350683.47277085785754, 216096.170210173819214 ], [ 350705.222702786559239, 216145.580492859444348 ], [ 350721.356733312481083, 216170.998114925750997 ], [ 350733.063249199069105, 216189.440553095220821 ], [ 350751.722643156303093, 216233.990937038382981 ], [ 350772.843763598648366, 216279.74138374775066 ], [ 350774.554029914608691, 216283.931228172761621 ], [ 350787.784023754531518, 216316.341306258720579 ], [ 350800.693948507774621, 216342.057101180107566 ], [ 350810.13388393673813, 216360.860846256167861 ], [ 350834.35365933860885, 216413.312395029817708 ], [ 350852.021797966503073, 216450.729087404004531 ], [ 350857.973349709180184, 216463.332923418958671 ], [ 350870.503063688986003, 216505.472723249142291 ], [ 350881.465424051973969, 216524.915819022746291 ], [ 350885.973762698238716, 216532.91194540442666 ], [ 350900.942627064883709, 216573.192135805380531 ], [ 350915.414001982077025, 216628.172983831726015 ], [ 350926.753891981148627, 216672.172391383122886 ], [ 350943.563942593988031, 216712.44227993208915 ], [ 350956.003609836683609, 216742.343151995999506 ], [ 350960.793917964794673, 216751.760499799653189 ], [ 350972.754262318427209, 216775.273079093458364 ], [ 350990.723446595715359, 216810.02364110268536 ], [ 351005.694440180261154, 216849.693569598457543 ], [ 351005.955579594650771, 216850.74073608830804 ], [ 351006.073360782000236, 216851.213135819794843 ], [ 351120.03350589988986, 216735.301587122987257 ], [ 351116.564149045036174, 216726.413289329560939 ], [ 350928.912989271339029, 216254.521652943629306 ], [ 350958.193169760284945, 216247.44988506284426 ], [ 350947.252320421277545, 216084.800951830548001 ], [ 351117.600120874354616, 216036.078284436720423 ], [ 351070.911415218841285, 215858.26807664372609 ], [ 350950.717292760557029, 215872.633692520350451 ], [ 350798.471124445379246, 215890.830169795983238 ], [ 350784.849305564421229, 215857.301790824974887 ], [ 350777.661300482461229, 215839.609437749750214 ], [ 350757.27533128176583, 215789.457238595787203 ], [ 350686.60092193481978, 215615.586602991388645 ], [ 350680.411881303531118, 215600.437390150735155 ], [ 350670.05149707570672, 215574.571020649716957 ], [ 350652.161646342428867, 215529.905973528133472 ], [ 350623.426996595459059, 215458.133655043435283 ], [ 350615.159597937949002, 215437.483139929012395 ], [ 350621.767387832864188, 215382.364464983169455 ], [ 350629.100694196939003, 215321.185064779478125 ], [ 350643.254327366419602, 215317.682896878424799 ], [ 350662.440013654879294, 215312.935572399292141 ], [ 350702.731609508104157, 215303.074263297748985 ], [ 350754.779811222862918, 215290.335555435332935 ], [ 350893.910187849542126, 215256.274919352465076 ], [ 350893.129753510758746, 215223.793420737492852 ], [ 350892.529660061525647, 215198.004895257850876 ], [ 350894.368630050797947, 215139.073443138040602 ], [ 350894.718755209178198, 215127.98345188627718 ], [ 350895.849160525714979, 215091.602554987679468 ], [ 350885.609093543956988, 215041.192860083247069 ], [ 350881.05836551572429, 215018.82246562698856 ], [ 350849.439250186784193, 214940.373558666993631 ], [ 350646.229355471557938, 215014.274265301413834 ], [ 350386.611010829277802, 215108.681357311230386 ] ] ] ] } },
{ "type": "Feature", "properties": { "US_ID": 553607, "WDPA_Code": 68541, "WDPA_NewCo": 0, "Class_Desc": "3000", "Owner_Desc": "3100", "Manag_Desc": "3101", "Local_Desg": "SP", "Mang2_Desc": "SP", "Parcel_Nam": "South Mountain SP", "WDPA_Name": "South Mountain State Park", "State_Name": "24", "GIS_Acres": 142, "GAP_Status": 2, "IUCN_Categ": "V", "GAPCodeSrc": "TNC", "GAPCodDate": "2008", "Agg_Source": "TNC", "GIS_Source": null, "SourceDate": "2008", "SHAPE_Leng": 5578.9360299600003, "SHAPE_Area": 574427.17110499996, "PAD_SQKM": 0.5744 }, "geometry": { "type": "MultiPolygon", "coordinates": [ [ [ [ 350078.917749044368975, 213789.897766980633605 ], [ 350081.992125659890007, 213807.538114188821055 ], [ 350088.379617316531949, 213844.188258383539505 ], [ 350098.560656003130134, 213865.571686208917527 ], [ 350102.029725990898442, 213872.857931002043188 ], [ 350118.219163703732193, 213911.296912883582991 ], [ 350118.231842815701384, 213911.322388998320093 ], [ 350138.058146598166786, 213950.938121278682956 ], [ 350145.439271410927176, 213977.258693926676642 ], [ 350151.249280311865732, 213997.976702504907735 ], [ 350155.600161496084183, 214029.645306169230025 ], [ 350157.719006804109085, 214045.068573825061321 ], [ 350163.897036481299438, 214065.874401555018267 ], [ 350165.878256846161094, 214072.546701385726919 ], [ 350169.272154116129968, 214078.054755116900196 ], [ 350185.029149675159715, 214103.627256611944176 ], [ 350204.939786993316375, 214148.767360519559588 ], [ 350222.499456655234098, 214209.238848739420064 ], [ 350233.159291834919713, 214243.438484861078905 ], [ 350243.188391794508789, 214276.427772685157834 ], [ 350257.589942976308521, 214322.219215316756163 ], [ 350261.115542651561555, 214332.016600006551016 ], [ 350273.189554360054899, 214365.569323380739661 ], [ 350292.999845602549613, 214400.299451612401754 ], [ 350297.699384918960277, 214411.123746461176779 ], [ 350309.158591161249205, 214437.517872826138046 ], [ 350315.96039916848531, 214449.512235542817507 ], [ 350327.129833679646254, 214469.208764110022457 ], [ 350337.130255663476419, 214497.909496274136472 ], [ 350353.340182578365784, 214540.01865244761575 ], [ 350362.249098009895533, 214590.160026558471145 ], [ 350365.491557432047557, 214622.655118885682896 ], [ 350367.559623306558933, 214643.379508147831075 ], [ 350367.770588360901456, 214683.039256748888874 ], [ 350367.858678369491827, 214688.069194292562315 ], [ 350367.879201157251373, 214689.799766033247579 ], [ 350374.349051683559082, 214828.761294055148028 ], [ 350366.730524201877415, 214831.311099876795197 ], [ 350366.494983383920044, 214838.301745191391092 ], [ 350366.069068755896296, 214850.941219628992258 ], [ 350366.004209584265482, 214858.275438728684094 ], [ 350365.749673047219403, 214887.070189666148508 ], [ 350367.073668464436196, 214913.321380548644811 ], [ 350367.910427920985967, 214929.910497325850883 ], [ 350373.119649678410497, 214965.189726463024272 ], [ 350373.689873696188442, 214969.05211004067678 ], [ 350374.040130813373253, 214973.752215048734797 ], [ 350419.518397614767309, 214959.826828994700918 ], [ 350489.129133664595429, 214938.511971665371675 ], [ 350806.848924642428756, 214841.161884256929625 ], [ 350731.2181488047936, 214643.021250948630041 ], [ 350677.128252434893511, 214501.290956646436825 ], [ 351074.557242431910709, 214323.429187748057302 ], [ 350961.126479939150158, 213995.740103871794418 ], [ 350805.15762400632957, 214076.738972978433594 ], [ 350215.749149312032387, 214174.977730582613731 ], [ 350191.189502975554205, 214098.718085138360038 ], [ 350154.128798980847932, 213983.646804461837746 ], [ 350244.377622404426802, 213952.097256002569338 ], [ 350515.877831757999957, 213857.175926750875078 ], [ 350870.305529137025587, 213733.259981812880142 ], [ 350790.275757219525985, 213548.939593378978316 ], [ 350367.696761249564588, 213726.588079883600585 ], [ 350096.028835647797678, 213840.796819433773635 ], [ 350078.917749044368975, 213789.897766980633605 ] ] ] ] } },
{ "type": "Feature", "properties": { "US_ID": 553634, "WDPA_Code": 68541, "WDPA_NewCo": 0, "Class_Desc": "3000", "Owner_Desc": "3100", "Manag_Desc": "3101", "Local_Desg": "SP", "Mang2_Desc": "SP", "Parcel_Nam": "South Mountain SP", "WDPA_Name": "South Mountain State Park", "State_Name": "24", "GIS_Acres": 171, "GAP_Status": 2, "IUCN_Categ": "V", "GAPCodeSrc": "TNC", "GAPCodDate": "2008", "Agg_Source": "TNC", "GIS_Source": null, "SourceDate": "2008", "SHAPE_Leng": 7179.3390468400003, "SHAPE_Area": 691384.22106300003, "PAD_SQKM": 0.6914 }, "geometry": { "type": "MultiPolygon", "coordinates": [ [ [ [ 345223.535835219721776, 193794.945870555849979 ], [ 345152.166427965799812, 193614.515458963403944 ], [ 345123.756510600855108, 193593.185547590954229 ], [ 345081.475349558633752, 193561.445833215053426 ], [ 344987.823677750886418, 193387.345847755728755 ], [ 345010.98766489920672, 193370.47442082312773 ], [ 345045.47490539640421, 193345.355712843069341 ], [ 345086.224079870968126, 193377.916668740625028 ], [ 345091.104475830099545, 193381.746450266364263 ], [ 345100.754505283141043, 193392.368597266118741 ], [ 345112.225602700840682, 193404.995250534149818 ], [ 345125.414826094347518, 193420.025468008359894 ], [ 345141.975120450137183, 193448.695317825680831 ], [ 345146.255434956110548, 193456.125465245335363 ], [ 345155.975354255177081, 193478.665660476865014 ], [ 345203.945356092997827, 193339.545166380063165 ], [ 345176.284930874535348, 193329.876586536265677 ], [ 345186.854505441326182, 193273.906934881699272 ], [ 345191.634447599295527, 193239.766743654705351 ], [ 345197.943739159614779, 193035.196443567168899 ], [ 345161.323397653235588, 193016.326374186814064 ], [ 345158.412902674288489, 192940.486994000500999 ], [ 345079.974423421313986, 192957.026801012107171 ], [ 345068.472975562210195, 193005.666787960217334 ], [ 345057.293059909017757, 193075.196210546710063 ], [ 345032.604618617740925, 193139.917100241786102 ], [ 345012.884422998409718, 193165.306159930245485 ], [ 345011.341726780228782, 193166.976936016988475 ], [ 344989.50451586797135, 193190.627588144619949 ], [ 344956.003290497988928, 193215.37776531878626 ], [ 344901.383111437840853, 193242.016176536300918 ], [ 344892.253112882666755, 193242.95623352349503 ], [ 344875.284470505430363, 193244.700718864740338 ], [ 344864.22410449909512, 193245.83784163420205 ], [ 344850.146087777859066, 193245.2387296044908 ], [ 344844.444523003185168, 193244.996164653886808 ], [ 344834.645917190879118, 193245.962113756657345 ], [ 344813.384456070140004, 193248.057961665850598 ], [ 344797.854494566330686, 193247.718065765831852 ], [ 344802.253590597072616, 193254.906495022063609 ], [ 344836.103086323710158, 193256.186454191629309 ], [ 344846.35328962514177, 193269.916148972144583 ], [ 344910.165274961094838, 193355.557058122270973 ], [ 344864.165165398386307, 193374.636272863543127 ], [ 344761.324694247043226, 193414.167009098338895 ], [ 344738.784338532830589, 193394.156042779592099 ], [ 344705.033030864724424, 193338.938006670592586 ], [ 344636.384156655636616, 193398.747883418021956 ], [ 344683.504774681350682, 193455.657439081318444 ], [ 344675.56469059525989, 193468.266991094860714 ], [ 344685.35420703003183, 193482.607033043343108 ], [ 344631.884993849031162, 193502.386724563286407 ], [ 344620.854441226518247, 193524.607533674367005 ], [ 344646.324275099672377, 193815.635921948472969 ], [ 344817.666477128805127, 193809.155791321303695 ], [ 344816.311647262889892, 193818.013026022847043 ], [ 344820.59823276050156, 193817.947047438967275 ], [ 344840.181266176979989, 193816.683374026964884 ], [ 344838.2849130644463, 193827.423080798151204 ], [ 344834.495092053432018, 193838.792603040492395 ], [ 344835.127945509273559, 193855.847270271275192 ], [ 344837.65425924025476, 193898.169143055740278 ], [ 344840.18163238640409, 193944.28182474480127 ], [ 344842.076218615926336, 193987.867263032967458 ], [ 344841.377853097568732, 193988.941419687558664 ], [ 344824.061296239553485, 194110.148117165721487 ], [ 344817.503686956246383, 194137.114086883957498 ], [ 344797.825589127198327, 194220.926309598959051 ], [ 344781.790969671448693, 194289.434926260670181 ], [ 344783.978274600580335, 194306.925850569678005 ], [ 344792.724378102342598, 194352.110841981135309 ], [ 344805.842115251871292, 194416.246860307175666 ], [ 344817.504601176129654, 194478.194708894123323 ], [ 344831.351349151926115, 194548.160370935220271 ], [ 344845.928196331777144, 194620.312298748758622 ], [ 344851.029918691318016, 194644.362920284969732 ], [ 344862.690370629134122, 194701.937201971624745 ], [ 344868.521080219477881, 194733.276740997738671 ], [ 344875.080942120868713, 194766.802409084659303 ], [ 344878.28693152917549, 194782.298025471507572 ], [ 344977.857895562599879, 194756.694063354254467 ], [ 344981.164804670435842, 194770.190816290531075 ], [ 345013.948996089689899, 194762.386621490091784 ], [ 345057.838093834230676, 194925.744663762685377 ], [ 345499.228977601625957, 194808.212368614884326 ], [ 345514.359544428181835, 194804.183980871108361 ], [ 345485.199854074744508, 194730.822736223635729 ], [ 345121.859482780855615, 194812.694128539267695 ], [ 345108.108907804533374, 194731.444041496695718 ], [ 345461.039371210383251, 194656.263381366123213 ], [ 345442.699240256450139, 194574.742832974850899 ], [ 345432.75823327730177, 194575.574283443827881 ], [ 345171.858845675946213, 194597.074695446150145 ], [ 345116.607402121589985, 194490.304572777269641 ], [ 345090.388708208221942, 194439.624876098154346 ], [ 345054.47677374392515, 194370.185538979829289 ], [ 345045.567959947336931, 194352.994705424032873 ], [ 345070.887100293824915, 194260.574677905184217 ], [ 345096.447972119378392, 194161.484367336408468 ], [ 345305.006407028879039, 194090.965147528098896 ], [ 345330.008124327694532, 194013.415703133068746 ], [ 345285.697535894345492, 194006.604109231382608 ], [ 345285.107574189722072, 193972.494728845689679 ], [ 345261.946734915720299, 193974.835679681884358 ], [ 345239.256780790630728, 193954.445810244913446 ], [ 345248.726759249693714, 193950.355991140124388 ], [ 345223.386606289655901, 193884.306096842279658 ], [ 345207.665673480369151, 193841.168606939987512 ], [ 345199.916327469749376, 193819.904818698996678 ], [ 345223.535835219721776, 193794.945870555849979 ] ] ] ] } },
{ "type": "Feature", "properties": { "US_ID": 555709, "WDPA_Code": 68541, "WDPA_NewCo": 0, "Class_Desc": "3000", "Owner_Desc": "3100", "Manag_Desc": "3101", "Local_Desg": "SP", "Mang2_Desc": "SP", "Parcel_Nam": "South Mountain SP", "WDPA_Name": "South Mountain State Park", "State_Name": "24", "GIS_Acres": 186, "GAP_Status": 2, "IUCN_Categ": "V", "GAPCodeSrc": "TNC", "GAPCodDate": "2008", "Agg_Source": "TNC", "GIS_Source": null, "SourceDate": "2008", "SHAPE_Leng": 6333.3358935099996, "SHAPE_Area": 753800.04545600002, "PAD_SQKM": 0.7538 }, "geometry": { "type": "MultiPolygon", "coordinates": [ [ [ [ 345084.983358068973757, 196400.324109799897997 ], [ 344982.731109485670459, 195838.214393178845057 ], [ 344927.079959613154642, 195536.26582719135331 ], [ 344912.829690428217873, 195458.884294801100623 ], [ 344903.35950301826233, 195384.965970924065914 ], [ 344729.13249688729411, 195380.081672456173692 ], [ 344710.421020474052057, 195379.557239792076871 ], [ 344698.548755095165689, 195379.224542055628262 ], [ 344702.199959278630558, 195243.665463021781761 ], [ 344702.60952599887969, 195232.694298742397223 ], [ 344602.759116823668592, 195236.74548274645349 ], [ 344608.759454637067392, 195142.414637643261813 ], [ 344610.199154189147521, 195119.655243104352849 ], [ 344614.979002383595798, 195044.434309139527613 ], [ 344708.038245977601036, 195030.12480670234072 ], [ 344708.419178044889122, 195016.384796876227483 ], [ 344709.57821086270269, 194973.80483299746993 ], [ 344329.698270039341878, 195035.905003943073098 ], [ 344328.608735419693403, 195044.625446263380582 ], [ 344316.447846400900744, 195116.336120982188731 ], [ 344308.53867232229095, 195162.885049532778794 ], [ 344279.918003824190237, 195249.886106490856037 ], [ 344270.358026849513408, 195279.04556673055049 ], [ 344209.35897480440326, 195464.51582906380645 ], [ 344159.289532839087769, 195489.016104697191622 ], [ 344163.199298836756498, 195541.696734891971573 ], [ 344165.859818662866019, 195577.166081505012698 ], [ 344192.039911945175845, 195757.277208298415644 ], [ 344589.481324962107465, 195710.946580747026019 ], [ 344607.20110013888916, 195864.945791398786241 ], [ 344623.112445026286878, 196003.30646379259997 ], [ 344178.890640580561012, 196093.355755223048618 ], [ 344195.821611894352827, 196158.606944340048358 ], [ 344637.800926905008964, 196092.805979972123168 ], [ 344674.421906231611501, 196343.054887925012736 ], [ 344346.512165351246949, 196359.68527379274019 ], [ 344365.511682260665111, 196426.9456697050191 ], [ 344679.482802960905246, 196418.63427115403465 ], [ 344608.923218798357993, 196538.135081963380799 ], [ 344889.043027706851717, 196544.413562777539482 ], [ 344923.922189944947604, 196403.83474121868494 ], [ 345084.983358068973757, 196400.324109799897997 ] ] ] ] } },
{ "type": "Feature", "properties": { "US_ID": 557814, "WDPA_Code": 0, "WDPA_NewCo": 55551176, "Class_Desc": "1000", "Owner_Desc": "1600", "Manag_Desc": "1605", "Local_Desg": "NP", "Mang2_Desc": "NHP", "Parcel_Nam": "C & O Canal National Historical Park", "WDPA_Name": "C & O Canal National Historical Park", "State_Name": "24", "GIS_Acres": 1670, "GAP_Status": 2, "IUCN_Categ": "V", "GAPCodeSrc": "TNC", "GAPCodDate": "2008", "Agg_Source": "TNC", "GIS_Source": null, "SourceDate": "2008", "SHAPE_Leng": 35993.759948, "SHAPE_Area": 6758549.0975900004, "PAD_SQKM": 6.7585 }, "geometry": { "type": "MultiPolygon", "coordinates": [ [ [ [ 336869.150972434668802, 191147.383268916368252 ], [ 336833.963220611272845, 191087.352211298159091 ], [ 336845.744428724457975, 191066.414800523314625 ], [ 336887.43187154881889, 191051.055359788762871 ], [ 337031.524529569724109, 190783.071579107054276 ], [ 337008.430793017614633, 190786.930990915338043 ], [ 336895.024750809068792, 190805.821622096205829 ], [ 336791.36935654876288, 191023.243033670674777 ], [ 336685.181719439628068, 190960.040131835907232 ], [ 336659.900532536674291, 190990.383832521707518 ], [ 336571.400363043299876, 190917.071561194374226 ], [ 336424.77523071563337, 190833.634341377008241 ], [ 336366.618996344914194, 190833.634460581146413 ], [ 336280.681537646683864, 190800.775154151022434 ], [ 336247.806515927251894, 190805.822060378617607 ], [ 336118.869081989338156, 190772.962880331499036 ], [ 336108.744099823175929, 190772.962865330773639 ], [ 336070.837951637338847, 190767.900481816614047 ], [ 336017.744235520309303, 190765.384843416803051 ], [ 336051.150447816529777, 190754.681771187053528 ], [ 336045.587914798350539, 190753.572387165157124 ], [ 336697.80507335299626, 190499.916241563711083 ], [ 336693.023772966931574, 190486.728800709330244 ], [ 336701.305056449782569, 190483.619458226952702 ], [ 336634.242164408264216, 190349.463541199656902 ], [ 336479.960537911683787, 190185.13594802620355 ], [ 336386.054178972379304, 190111.354878298123367 ], [ 336122.797496059793048, 189557.969592389708851 ], [ 336183.140987414808478, 189480.829056791553739 ], [ 336266.984797576616984, 189571.391338073182851 ], [ 336303.890944793063682, 189554.610094055358786 ], [ 336287.140765072021168, 189484.188395265984582 ], [ 336297.171883385512047, 189397.001097867556382 ], [ 336427.984046214143746, 189376.876038118643919 ], [ 336414.546503521793056, 189303.0949068935588 ], [ 336334.077751767938025, 189232.673263354197843 ], [ 336344.140042945218738, 189118.62651570016169 ], [ 336360.921086974092759, 189028.095429099485045 ], [ 336344.139875630033202, 188994.533034297142876 ], [ 336324.014885668526404, 188964.361195961391786 ], [ 336293.827294677088503, 188907.345705587271368 ], [ 336317.295921478653327, 188833.564489037118619 ], [ 336330.702181808650494, 188789.955199010000797 ], [ 336297.202191537478939, 188746.36145839386154 ], [ 336320.67082382919034, 188743.002095976611599 ], [ 336332.389529063191731, 188645.752237953129224 ], [ 336362.576952128030825, 188625.627292894816492 ], [ 336429.670635031885467, 188669.220924709021347 ], [ 336419.126675282896031, 188540.123102402605582 ], [ 336407.269544857088476, 188537.207351788616506 ], [ 336387.059802416188177, 188532.154965439927764 ], [ 336352.70313584851101, 188520.029060699511319 ], [ 336287.021377843397204, 188500.82980675593717 ], [ 336244.580923013971187, 188498.808884840458632 ], [ 336243.570447945792694, 188473.546646136062918 ], [ 336237.507475010410417, 188426.053586477268254 ], [ 336237.507473868434317, 188394.728458691155538 ], [ 336234.476052202458959, 188337.130574566079304 ], [ 336234.764918988628779, 188335.782135576038854 ], [ 336225.077130517514888, 188333.846348644030513 ], [ 336221.733457882306539, 187968.284051362308674 ], [ 336158.015132845903281, 187693.284233909304021 ], [ 336196.57754927437054, 187686.565458169818157 ], [ 336159.702700124122202, 187592.659228062519105 ], [ 336223.421393609954976, 187572.534244047972606 ], [ 336069.140851930831559, 187347.846829623827944 ], [ 335888.048609933466651, 186881.659103883517673 ], [ 335857.173973818949889, 186767.018405286507914 ], [ 335893.080204087484162, 186757.565286553377518 ], [ 335899.767788131139241, 186687.143301079195226 ], [ 335916.549188404809684, 186636.830718793789856 ], [ 335903.143393237376586, 186506.033743786916602 ], [ 335993.674515619466547, 186485.908728451002389 ], [ 335943.362503618351184, 186361.814822427957552 ], [ 336198.269093539449386, 186184.064693382155383 ], [ 336194.89423350681318, 186137.127146355138393 ], [ 336168.081990253529511, 186100.220806516997982 ], [ 336208.300759081786964, 186076.752005411777645 ], [ 336144.582745605672244, 185929.173673278390197 ], [ 336251.926402558921836, 185888.939200669294223 ], [ 336191.552546320715919, 185674.298223899881123 ], [ 336235.146302955807187, 185644.110699292825302 ], [ 336322.364516254514456, 185714.532602744584437 ], [ 336376.020818034361582, 185681.001276921393583 ], [ 336355.896382991457358, 185577.032309852686012 ], [ 336503.458758194581605, 185516.657159135909751 ], [ 336516.864692813134752, 185573.672968724247767 ], [ 336536.9893832631642, 185623.985493166546803 ], [ 336813.677371021010913, 185395.937991645449074 ], [ 336840.520982463203836, 185419.406773050897755 ], [ 336971.301785428833682, 185422.765968614898156 ], [ 337182.583363960206043, 185251.71848345422768 ], [ 337242.957123250758741, 185476.437585309991846 ], [ 337266.425661531335209, 185499.906377927749418 ], [ 337313.394446272752248, 185466.374937970511382 ], [ 337427.42464084981475, 185630.703216486435849 ], [ 337363.705198917887174, 185828.578688266745303 ], [ 337316.73648756579496, 185845.344343520788243 ], [ 337276.486123494047206, 185956.016514101094799 ], [ 337323.45411338948179, 186110.297882383019896 ], [ 337112.141703453205992, 186200.829624150530435 ], [ 337105.454029015847482, 186244.439020488440292 ], [ 337125.578934218152426, 186281.345327842485858 ], [ 337219.453465196362231, 186345.064054945920361 ], [ 337263.078405644046143, 186324.923260916897561 ], [ 337299.984232874470763, 186442.313981856306782 ], [ 337427.421634611964691, 186398.720039105770411 ], [ 337566.577565175888594, 186620.078566608921392 ], [ 338223.920732281403616, 186385.311547224933747 ], [ 338230.608334847376682, 186345.077032696804963 ], [ 338956.701534576597624, 186140.497157772333594 ], [ 338856.108433496905491, 185922.481207778240787 ], [ 338778.983432292065118, 185959.387649396638153 ], [ 338762.202374593180139, 185912.434548765188083 ], [ 338842.702264099265449, 185878.903071320324671 ], [ 338792.390292698517442, 185761.51225544247427 ], [ 338695.10908003320219, 185798.418785994494101 ], [ 338634.734560772951227, 185670.965509889589157 ], [ 338695.109727209201083, 185607.246589467802551 ], [ 338648.17277921520872, 185496.558930085535394 ], [ 338571.047791325720027, 185523.387209002510644 ], [ 338554.266729602939449, 185479.793390207603807 ], [ 338628.047975483816117, 185452.949476296809735 ], [ 338617.985553981503472, 185422.777534679567907 ], [ 338483.829380032781046, 185476.434243598458124 ], [ 338487.173464409075677, 185412.715312138549052 ], [ 338507.329701841576025, 185399.308978619112168 ], [ 338460.361591473920271, 185271.855662424961338 ], [ 338534.142770813894458, 185245.01174240882392 ], [ 338435.206742697104346, 184976.714337849436561 ], [ 338354.706781936518382, 185003.558323012228357 ], [ 338341.30081238609273, 184959.948945944983279 ], [ 338415.082060222746804, 184929.776772851881105 ], [ 338351.364393279945944, 184752.010800113639561 ], [ 338391.615094059146941, 184614.510344386362704 ], [ 338394.959373199963011, 184513.885107879468706 ], [ 338411.74091634072829, 184460.244332866946934 ], [ 338284.304004171455745, 184413.275654409255367 ], [ 338280.92958587128669, 184332.791047802951653 ], [ 338451.991280737274792, 184383.087740022892831 ], [ 338619.678056341886986, 184423.337520592584042 ], [ 338780.646132561552804, 184456.899757887382293 ], [ 338958.395678009372205, 184460.243169676832622 ], [ 339105.957891993632074, 184450.164699399785604 ], [ 339166.33252384205116, 184473.66464911881485 ], [ 339152.926538419560529, 184436.758331795921549 ], [ 339236.738875450217165, 184426.695616534008877 ], [ 339518.48832772806054, 184399.882329953601584 ], [ 339679.456794905301649, 184369.694366545823868 ], [ 339749.894218617584556, 184352.928460151539184 ], [ 340160.71122965158429, 184208.704889796557836 ], [ 340425.678791065234691, 184255.673031232232461 ], [ 340583.266861319250893, 184339.519637667195639 ], [ 340858.296662749140523, 184554.160248271509772 ], [ 340955.546193752379622, 184638.004014312347863 ], [ 341046.108210705395322, 184738.629007445619209 ], [ 341081.889373880811036, 184759.066547477064887 ], [ 341127.170468617347069, 184794.129064498643856 ], [ 341245.295326219697017, 184831.347623178822687 ], [ 341418.420234430988785, 184847.534934622206492 ], [ 341619.045419374713674, 184855.612842403526884 ], [ 341618.045403505093418, 184840.925418872531736 ], [ 341618.768319069116842, 184784.424578201957047 ], [ 341611.170948906044941, 184702.440746198961278 ], [ 341609.700407930533402, 184688.105248449690407 ], [ 341530.077244579035323, 184677.643849457701435 ], [ 341360.171095305471681, 184632.331445045099827 ], [ 341274.421183692640625, 184595.112707727239467 ], [ 341219.390276741003618, 184532.018941670365166 ], [ 341177.327789267990738, 184519.065864244505065 ], [ 341158.077773609256838, 184532.409663252503378 ], [ 341156.296502798737492, 184533.628434712270973 ], [ 341172.483891351614147, 184562.753426297800615 ], [ 341173.515092255896889, 184567.84720579884015 ], [ 341173.671369496558327, 184570.675283290067455 ], [ 341173.671288502169773, 184577.519115719856927 ], [ 341153.858811785001308, 184574.394093517679721 ], [ 341136.14015733479755, 184552.487819324334851 ], [ 341096.515295007964596, 184529.550326661643339 ], [ 341087.046647463401314, 184523.050362061883789 ], [ 341063.140435800421983, 184506.628529293026077 ], [ 341040.734239332610741, 184498.894179988768883 ], [ 340991.265632319205906, 184467.300384640693665 ], [ 340871.516376873361878, 184355.659739316557534 ], [ 340827.016510283574462, 184328.175376888539176 ], [ 340795.485444636084139, 184308.737906512978952 ], [ 340650.084534638561308, 184240.969539806712419 ], [ 340643.334606699761935, 184233.969446526811225 ], [ 340618.865952587570064, 184224.016425517853349 ], [ 340559.366217501810752, 184191.938298806169769 ], [ 340541.022579858487006, 184182.985163896839367 ], [ 340393.210630667570513, 184147.938479376607575 ], [ 340277.930045900284313, 184131.751271914341487 ], [ 340130.274221414234489, 184133.782858971942915 ], [ 340023.086856052628718, 184156.033186874206876 ], [ 339911.868265291152056, 184196.486631651350763 ], [ 339851.180712983885314, 184230.861833670234773 ], [ 339780.399656097404659, 184253.112062531232368 ], [ 339723.774762930814177, 184263.221599371347111 ], [ 339663.087423134653363, 184263.221719799126731 ], [ 339616.55620040249778, 184279.40933725881041 ], [ 339574.08760824194178, 184285.47198493120959 ], [ 339556.462761934439186, 184273.721989420911996 ], [ 339487.869046982610598, 184297.753443634166615 ], [ 339477.025300308596343, 184301.644090185727691 ], [ 339446.681556817144156, 184317.83175675466191 ], [ 339420.36386801477056, 184342.101134047465166 ], [ 339311.17663649719907, 184344.132584389211843 ], [ 339222.176949003303889, 184321.882774997415254 ], [ 339175.645848820160609, 184323.898535544285551 ], [ 339161.489582001697272, 184329.976647339382907 ], [ 339143.307604017842095, 184315.816761700407369 ], [ 339140.182591482414864, 184315.910551881359424 ], [ 339119.495161971077323, 184316.582465374318417 ], [ 339080.589058013807517, 184317.832512148161186 ], [ 338985.052502346283291, 184329.53955312850303 ], [ 338981.490079461131245, 184329.977052987582283 ], [ 338962.677578371600248, 184329.711510414170334 ], [ 338831.834243525576312, 184327.946109407232143 ], [ 338700.371951451932546, 184299.630397452099714 ], [ 338629.590947063989006, 184297.614843529067002 ], [ 338587.122377266816329, 184289.521171554020839 ], [ 338538.560026926221326, 184293.568191391677829 ], [ 338506.216410265071318, 184295.583918829914182 ], [ 338378.779525050020311, 184269.287248088017805 ], [ 338107.780791353143286, 184210.646949022659101 ], [ 338002.593790835700929, 184186.365844727522926 ], [ 337840.813195270777214, 184182.31927306461148 ], [ 337685.063980339677073, 184147.944454998651054 ], [ 337565.752011928008869, 184129.741443574952427 ], [ 337503.033500727324281, 184129.741620691609569 ], [ 337438.314766760915518, 184145.914654254331253 ], [ 337347.314668427279685, 184202.555672875518212 ], [ 337329.095801744610071, 184236.930769828497432 ], [ 337312.939239499799442, 184289.524661656818353 ], [ 337292.68221752095269, 184364.356521739158779 ], [ 337199.650427591172047, 184483.685205890127691 ], [ 337163.24406013765838, 184511.997815547540085 ], [ 336997.39968231524108, 184689.982884905097308 ], [ 336900.337030928989407, 184760.780076647643 ], [ 336803.243140572158154, 184817.405273495387519 ], [ 336588.867740272486117, 184971.124597591930069 ], [ 336518.055013170465827, 185045.952917551621795 ], [ 336429.085921923047863, 185151.125122671073768 ], [ 336295.585849958704785, 185217.859717561223079 ], [ 336238.960913927585352, 185230.000374012073735 ], [ 336113.554619231610559, 185290.672315334028099 ], [ 335986.14801001152955, 185397.875641871389234 ], [ 335759.616654284414835, 185539.454028805950657 ], [ 335593.773112757247873, 185577.875838401960209 ], [ 335452.210898239165545, 185592.032048563414719 ], [ 335377.367363848781679, 185569.781937245337758 ], [ 335374.117428235535044, 185565.188125451386441 ], [ 335371.179947020835243, 185563.938101388252107 ], [ 335361.273716599913314, 185559.313113713811617 ], [ 335350.680009951232933, 185554.32877413474489 ], [ 335231.74270188488299, 185565.734835603332613 ], [ 335195.336573648033664, 185565.734846349689178 ], [ 335169.055455605674069, 185557.656628590833861 ], [ 335150.836629475816153, 185573.828501912066713 ], [ 335142.742885707644746, 185579.89109783252934 ], [ 335108.368045529001392, 185571.81282358019962 ], [ 335037.586828262661584, 185598.094027086539427 ], [ 334935.711770104884636, 185658.515968868770869 ], [ 334819.399052126100287, 185764.703494129847968 ], [ 334698.898720684519503, 185928.59433384888689 ], [ 334693.492398399510421, 185943.82875973143382 ], [ 334680.773544255527668, 185994.438140382990241 ], [ 334676.242161225003656, 186016.063187496270984 ], [ 334682.866729529923759, 186128.750955751253059 ], [ 334713.20956237782957, 186270.329215018282412 ], [ 334806.771481515141204, 186389.157642417907482 ], [ 334869.958427245495841, 186485.236039939831244 ], [ 335011.551549554802477, 186573.720750957581913 ], [ 335070.363890153937973, 186599.861458059604047 ], [ 335148.051042382372543, 186634.392818173975684 ], [ 335394.20648088643793, 186695.361833538510837 ], [ 335396.956525414134376, 186697.830608023330569 ], [ 335410.987703647522721, 186700.127445984398946 ], [ 335489.362396521260962, 186732.986969944788143 ], [ 335714.361257801414467, 186975.690337796200765 ], [ 335850.891682333836798, 187200.69053562587942 ], [ 335962.10975503269583, 187413.065572505438467 ], [ 336015.203257807646878, 187481.315542113006813 ], [ 336106.233980658580549, 187660.815471433394123 ], [ 336159.327358571055811, 187878.237242008239264 ], [ 336174.483467630925588, 188239.768285770347575 ], [ 336197.2334202726488, 188376.283854662760859 ], [ 336194.702206226356793, 188429.377496049070032 ], [ 336182.077218328195158, 188570.955463083926588 ], [ 336151.733658075507265, 188664.48662343333126 ], [ 336128.983750699902885, 188775.736560014862334 ], [ 336116.327627700520679, 188935.001902440126287 ], [ 336017.734391939127818, 189149.892257753235754 ], [ 335903.984902567928657, 189291.470191319735022 ], [ 335830.641601536248345, 189468.438668385060737 ], [ 335685.329868738132063, 189711.500606207438977 ], [ 335737.111091395199765, 189736.422480985784205 ], [ 335919.148047781258356, 189915.918144707888132 ], [ 335977.304435714671854, 190011.996069489105139 ], [ 335992.461004063079599, 190108.058333777269581 ], [ 335957.055312572570983, 190290.089158322196454 ], [ 336015.212204993586056, 190515.088598039204953 ], [ 335676.431802351551596, 190661.728966279799351 ], [ 335630.931927040568553, 190707.228914269129746 ], [ 335560.150779838499147, 190699.650795926805586 ], [ 335522.494659466901794, 190727.541415538318688 ], [ 335529.400903447705787, 190730.025763984449441 ], [ 335519.713489020068664, 190737.572637474426301 ], [ 335643.588440371095203, 190770.431863452715334 ], [ 335845.838318034773692, 190815.947366672306089 ], [ 335967.181965792318806, 190823.52533882134594 ], [ 336093.588160474726465, 190831.103455417440273 ], [ 336273.088038675137796, 190879.149944983277237 ], [ 336353.994259417173453, 190884.196800659934524 ], [ 336427.931721074564848, 190904.493607261014404 ], [ 336484.869285032735206, 190939.821575625275727 ], [ 336588.775756363582332, 191033.446267274295678 ], [ 336662.27597691945266, 191102.321018112415913 ], [ 336687.588561893731821, 191141.930348547524773 ], [ 336708.776076024398208, 191155.727136182569666 ], [ 336722.682388793793507, 191173.023936938931001 ], [ 336724.494896135583986, 191175.695830365293659 ], [ 336730.682439134863671, 191177.461495274095796 ], [ 336732.838704324210994, 191176.14897084061522 ], [ 336821.713366738986224, 191121.852201890782453 ], [ 336864.682298599393107, 191162.289489529590355 ], [ 336869.150972434668802, 191147.383268916368252 ] ] ] ] } },
{ "type": "Feature", "properties": { "US_ID": 569790, "WDPA_Code": 68541, "WDPA_NewCo": 0, "Class_Desc": "3000", "Owner_Desc": "3100", "Manag_Desc": "3101", "Local_Desg": "SP", "Mang2_Desc": "SP", "Parcel_Nam": "South Mountain SP", "WDPA_Name": "South Mountain State Park", "State_Name": "24", "GIS_Acres": 1228, "GAP_Status": 2, "IUCN_Categ": "V", "GAPCodeSrc": "TNC", "GAPCodDate": "2008", "Agg_Source": "TNC", "GIS_Source": null, "SourceDate": "2008", "SHAPE_Leng": 20546.785642899998, "SHAPE_Area": 4970241.0558900004, "PAD_SQKM": 4.9702 }, "geometry": { "type": "MultiPolygon", "coordinates": [ [ [ [ 356065.602521498862188, 227279.918913860805333 ], [ 356033.921738785866182, 227266.015595583361574 ], [ 356203.702336955117062, 227114.46933444798924 ], [ 356207.389891011756845, 227111.172494865342742 ], [ 356301.982861430617049, 227151.671847165387589 ], [ 356323.264440646977164, 227150.859943138726521 ], [ 356333.763378227187786, 227155.047944329300663 ], [ 356344.777538496011402, 227166.959458670695312 ], [ 356357.20349138462916, 227165.64974330572295 ], [ 356271.055160889634863, 227092.271260312641971 ], [ 356007.407965807942674, 226863.675168268731795 ], [ 355741.028358597599436, 226701.268070213118335 ], [ 355778.058221354382113, 226564.868187429965474 ], [ 355890.66899391869083, 226495.789434280537535 ], [ 356033.016281233401969, 226677.027240297466051 ], [ 356352.305698101932649, 226588.856291909789434 ], [ 356152.367104729055427, 226436.999244020786136 ], [ 356142.147835596173536, 226383.214883009874029 ], [ 356140.245274632063229, 226373.201696689444361 ], [ 356061.848108683945611, 225960.593205349781783 ], [ 356031.287942355847917, 225807.723324114456773 ], [ 355561.450072551844642, 225561.004344969929662 ], [ 355794.116437189979479, 224860.046960523730377 ], [ 356158.50440259417519, 224746.148064513108693 ], [ 356108.334468509536237, 224656.496993754757568 ], [ 356097.283397436258383, 224621.097319827997126 ], [ 356043.664591770444531, 224528.538050695351558 ], [ 355958.512822330230847, 224413.817240136122564 ], [ 355865.793673611129634, 224288.897345781937474 ], [ 355810.812952035339549, 224214.767921510792803 ], [ 355724.163952415925451, 224097.958057588635711 ], [ 355868.33168279187521, 224008.827246523287613 ], [ 355735.671199975360651, 223688.167370537121315 ], [ 355693.240608216496184, 223637.116696275275899 ], [ 355688.099954814591911, 223603.556048801634461 ], [ 355614.261228286486585, 223535.246848677139496 ], [ 355577.83088422747096, 223430.776089980063261 ], [ 355551.759607084211893, 223387.765937378513627 ], [ 355577.289744910376612, 223371.676891027629608 ], [ 355555.089550120581407, 223376.08621083869366 ], [ 355532.080044412403367, 223331.365870963636553 ], [ 355517.609171644202434, 223352.615973227773793 ], [ 355505.950126414478291, 223382.625343963940395 ], [ 355492.259680948569439, 223435.605071111524012 ], [ 355547.490663245494943, 223550.197136615228374 ], [ 355596.869993381435052, 223582.627379101671977 ], [ 355444.272856943018269, 223686.935896143229911 ], [ 355394.592371282167733, 223630.15691772045102 ], [ 355360.011681427247822, 223574.676516017876565 ], [ 355239.912039483431727, 223397.855759403435513 ], [ 355189.35174134047702, 223472.175638777029235 ], [ 355054.803227849770337, 223545.274603553931229 ], [ 354988.673677019600291, 223569.745976303616771 ], [ 354943.707790328655392, 223496.949658425175585 ], [ 354906.481262615998276, 223434.866780375596136 ], [ 354821.196104101312812, 223339.787898826994933 ], [ 354648.246391339576803, 223030.594513956166338 ], [ 354662.746910457732156, 223025.774796226789476 ], [ 354640.896318527695257, 222989.195275418576784 ], [ 354657.740110146754887, 222981.953714309609495 ], [ 354470.084757512842771, 222655.923684242297895 ], [ 354455.761976334848441, 222633.589445086283376 ], [ 354455.105713809258305, 222633.817867423291318 ], [ 354462.525858267152216, 222646.145599683950422 ], [ 354460.619641296798363, 222661.364344829809852 ], [ 354452.93215043010423, 222649.411171219195239 ], [ 354315.183084936405066, 222701.426596211706055 ], [ 354300.390948511543684, 222687.655006747576408 ], [ 354265.76603712758515, 222699.703264135780046 ], [ 354061.217203859065194, 222770.873032987641636 ], [ 354085.347080166451633, 222841.404214779322501 ], [ 354110.88798357010819, 222905.873264849942643 ], [ 354135.728464770887513, 222967.153645217971643 ], [ 354195.487423765356652, 223115.445645469793817 ], [ 354235.906951765296981, 223177.125471692736028 ], [ 353837.099917204759549, 223313.795659697905648 ], [ 353846.320226762327366, 223370.535497282486176 ], [ 354255.006814311433118, 223221.966526650707237 ], [ 354284.647771102725528, 223278.186266767268535 ], [ 353867.920832299685571, 223435.076326160255121 ], [ 353890.021245612762868, 223538.705302741727792 ], [ 354143.898333714460023, 223449.50534354505362 ], [ 354189.379042591666803, 223625.926448432786856 ], [ 354407.748085565224756, 223545.387452891765861 ], [ 354459.888474991195835, 223655.918241230945569 ], [ 353945.582774475740734, 223845.285048867634032 ], [ 353953.502502049552277, 223882.575108144897968 ], [ 353972.112923882494215, 223962.285405592323514 ], [ 353979.072231905767694, 223997.945150093495613 ], [ 353996.673027513781562, 224088.155564739485271 ], [ 354013.10250967531465, 224187.215310525731184 ], [ 354222.072658195218537, 224453.486534641968319 ], [ 354365.043833824223839, 224640.956651348387823 ], [ 354283.894046699104365, 224643.20720340081607 ], [ 354256.425058977853041, 224924.915443116857205 ], [ 354405.435177805251442, 224920.836174149153521 ], [ 354424.673219940217678, 224640.877033656404819 ], [ 354427.923426025197841, 224640.866750509972917 ], [ 354451.022122853959445, 224640.820005983259762 ], [ 354389.355810964480042, 224344.75830827691243 ], [ 354398.918334266927559, 224340.539585362799698 ], [ 354400.105833456676919, 224339.930218465946382 ], [ 354598.948588075814769, 224238.462007783469744 ], [ 354614.104787782183848, 224281.38745170403854 ], [ 354617.855072028411087, 224292.008934535406297 ], [ 354737.293422997114249, 224630.446637577813817 ], [ 354758.512355272017885, 224697.024673130188603 ], [ 354601.887896246626042, 224755.25857230272959 ], [ 354583.728899983514566, 224762.147678877343424 ], [ 354510.681564589845948, 224789.860201462608529 ], [ 354635.174020023318008, 225343.547795567952562 ], [ 354644.983968366635963, 225391.237466236052569 ], [ 354670.635284843912814, 225515.966474940825719 ], [ 354469.815012548177037, 225504.106097968528047 ], [ 354560.625357286480721, 225662.606676247465657 ], [ 354558.755510693008546, 225633.097192408255069 ], [ 354694.545825379609596, 225632.245483335369499 ], [ 354768.824823770031799, 225993.474747851490974 ], [ 354907.24477357394062, 225989.794836829009 ], [ 354987.791292131470982, 226455.610455141635612 ], [ 355234.660664843628183, 226329.800839567062212 ], [ 355491.550123235909268, 226833.335984236444347 ], [ 355329.650029171141796, 226933.775450915127294 ], [ 355352.020167852810118, 226960.196398215135559 ], [ 355379.149898160831071, 227000.816045841405867 ], [ 355401.52001969871344, 227047.565265143086435 ], [ 355424.178855573758483, 227096.475208284507971 ], [ 355443.739202323893551, 227129.253028297476703 ], [ 355469.35943158576265, 227154.58448109132587 ], [ 355499.018422631081194, 227173.143231705267681 ], [ 355536.578540924645495, 227193.58407053220435 ], [ 355570.607979098684154, 227210.231969941873103 ], [ 355567.929056904453319, 227241.392027992435033 ], [ 355597.608532214537263, 227249.112769633182324 ], [ 355643.018621351919137, 227257.892359315039357 ], [ 355698.297958340728655, 227263.812842682324117 ], [ 355770.54696855408838, 227266.362259183515562 ], [ 355840.328061038337182, 227267.000975497416221 ], [ 355899.426942876307294, 227269.411187145946315 ], [ 355930.625939073448535, 227272.171671222895384 ], [ 355949.707061251450796, 227273.861152907338692 ], [ 356009.325962842733134, 227281.950397359352792 ], [ 356045.005962251278106, 227303.009617201663787 ], [ 356065.602521498862188, 227279.918913860805333 ] ], [ [ 355547.982210619433317, 226403.702832014503656 ], [ 355483.114050050266087, 226277.183500193496002 ], [ 355489.237538041488733, 226274.465790816320805 ], [ 355537.570170942635741, 226249.342872098495718 ], [ 355544.488209249626379, 226245.746915495052235 ], [ 355605.95548668387346, 226366.623181857692543 ], [ 355610.76935601135483, 226376.089862971770344 ], [ 355574.14024975040229, 226393.723224128159927 ], [ 355547.982210619433317, 226403.702832014503656 ] ], [ [ 354978.201575163169764, 225289.685195476631634 ], [ 355057.690351143479347, 225238.735330237512244 ], [ 355122.900714608549606, 225338.605931280442746 ], [ 355045.460068003216293, 225391.595541626593331 ], [ 354978.201575163169764, 225289.685195476631634 ] ] ] ] } },
{ "type": "Feature", "properties": { "US_ID": 576029, "WDPA_Code": 68541, "WDPA_NewCo": 0, "Class_Desc": "3000", "Owner_Desc": "3100", "Manag_Desc": "3101", "Local_Desg": "SP", "Mang2_Desc": "SP", "Parcel_Nam": "South Mountain SP", "WDPA_Name": "South Mountain State Park", "State_Name": "24", "GIS_Acres": 383, "GAP_Status": 2, "IUCN_Categ": "V", "GAPCodeSrc": "TNC", "GAPCodDate": "2008", "Agg_Source": "TNC", "GIS_Source": null, "SourceDate": "2008", "SHAPE_Leng": 9339.1394647699999, "SHAPE_Area": 1551113.3237600001, "PAD_SQKM": 1.5511 }, "geometry": { "type": "MultiPolygon", "coordinates": [ [ [ [ 342164.421488215273712, 187449.441819348663557 ], [ 342125.112054339551833, 187349.212863587687025 ], [ 342079.791799020138569, 187233.572588728420669 ], [ 342100.9108086314518, 187227.433675683161709 ], [ 342096.208164527080953, 187215.67711991656688 ], [ 342146.84760569507489, 187201.610529228055384 ], [ 342195.611505631299224, 187187.543937128997641 ], [ 342248.126479241880588, 187173.477304198604543 ], [ 342299.703638361184858, 187160.348477880033897 ], [ 342360.658611600461882, 187143.46860434662085 ], [ 342424.4267160956515, 187125.650837083318038 ], [ 342438.493219396681525, 187120.961976608814439 ], [ 342480.692776856361888, 187111.58423520377255 ], [ 342496.634767662617378, 187104.082049861899577 ], [ 342512.576870582066476, 187100.330997382901842 ], [ 342542.585400505224243, 187135.028263153217267 ], [ 342551.090364431322087, 187145.963219107274199 ], [ 342718.482180784107186, 187148.531908283417579 ], [ 342732.843742926663253, 187143.235227859695442 ], [ 342736.051983315730467, 187142.052002280397573 ], [ 342562.981604286003858, 186277.972113088006154 ], [ 342202.981633107643574, 186298.332106408837717 ], [ 342109.301871853764169, 186303.632518881437136 ], [ 342062.95149416429922, 186197.881930502189789 ], [ 342026.042207812075503, 186113.661705635895487 ], [ 341857.610886152426247, 185730.05248373709037 ], [ 341854.111608011415228, 185725.453948163019959 ], [ 341833.450606456608512, 185698.302334496809635 ], [ 341790.548818540468346, 185596.539457395469071 ], [ 341753.644223217153922, 185510.894412859575823 ], [ 341738.759216763952281, 185476.350347281695576 ], [ 341769.29900500329677, 185463.349634365498787 ], [ 341789.879654919437598, 185461.514318806992378 ], [ 341813.831262382736895, 185459.380194917845074 ], [ 341856.441800264059566, 185441.620996276120422 ], [ 341860.232949569879565, 185440.040917685983004 ], [ 341837.392904679523781, 184974.460014239564771 ], [ 341722.231155504588969, 184936.818101817654679 ], [ 341666.800004187272862, 184927.129023034096463 ], [ 341609.171288917248603, 184929.439235074067255 ], [ 341555.699937315017451, 184940.578357545746258 ], [ 341530.390537716215476, 185004.748479454225162 ], [ 341362.821080875175539, 184972.898180095449788 ], [ 341350.479745178832673, 185008.648087085079169 ], [ 341274.980286040517967, 184991.858685680606868 ], [ 341256.699553868616931, 185059.659944260551129 ], [ 341181.169459536962677, 185031.649528663168894 ], [ 341174.169291595579125, 185050.51984117354732 ], [ 341162.479149463004433, 185089.659270507865585 ], [ 341168.829887964122463, 185134.850580728118075 ], [ 341183.298898354929406, 185181.000260581553448 ], [ 341487.079402509378269, 185913.820766742952401 ], [ 341502.949428842461202, 185909.349884963245131 ], [ 341541.228486779262312, 185995.411075412936043 ], [ 341814.170359468553215, 185923.752682635589736 ], [ 341817.045735207328107, 185936.497356056293938 ], [ 341821.325096047192346, 185935.516696580074495 ], [ 341834.681111144134775, 185933.159428254235536 ], [ 341851.178689798223786, 185981.869045881787315 ], [ 341871.605416469275951, 186038.435959925991483 ], [ 341888.104089117026888, 186088.716413160786033 ], [ 341895.174787955300417, 186105.999468620080734 ], [ 341862.963775393320248, 186114.642107683815993 ], [ 341833.894407570362091, 186120.927448035072302 ], [ 341798.272267049062066, 186130.991927645955002 ], [ 341798.53850084671285, 186131.924769510223996 ], [ 341796.967748563853092, 186131.924759623507271 ], [ 341739.615468327770941, 186145.280889513291186 ], [ 341664.981438215065282, 186164.921745529340114 ], [ 341648.482782608014531, 186168.064414994005347 ], [ 341639.054362734546885, 186148.422714292537421 ], [ 341634.229096648050472, 186138.451398790843086 ], [ 341604.327394034597091, 186145.820545938855503 ], [ 341637.697947531240061, 186228.760882979608141 ], [ 341467.949195638298988, 186275.721896563336486 ], [ 341474.197627971065231, 186340.662070266349474 ], [ 341296.728013803134672, 186393.072883862856543 ], [ 341301.798881898634136, 186412.911858458886854 ], [ 341665.978687508206349, 186310.402454714872874 ], [ 341701.228965117305052, 186388.910563040117268 ], [ 341771.639285448240116, 186550.551213790109614 ], [ 341886.730612841900438, 186820.372497219126672 ], [ 341540.108466067526024, 186919.771588934760075 ], [ 341658.329456157633103, 187143.652817991969641 ], [ 341714.667949340073392, 187134.571841656084871 ], [ 341779.229294346296228, 187263.493421225837665 ], [ 341737.949774081644136, 187300.242866337241139 ], [ 341833.300300795817748, 187427.823910152481403 ], [ 341848.201558138884138, 187447.724251057778019 ], [ 341917.831592907663435, 187519.473749117023544 ], [ 342164.421488215273712, 187449.441819348663557 ] ] ] ] } },
{ "type": "Feature", "properties": { "US_ID": 602516, "WDPA_Code": 68541, "WDPA_NewCo": 0, "Class_Desc": "3000", "Owner_Desc": "3100", "Manag_Desc": "3101", "Local_Desg": "SP", "Mang2_Desc": "SP", "Parcel_Nam": "South Mountain SP", "WDPA_Name": "South Mountain State Park", "State_Name": "24", "GIS_Acres": 1055, "GAP_Status": 2, "IUCN_Categ": "V", "GAPCodeSrc": "TNC", "GAPCodDate": "2008", "Agg_Source": "TNC", "GIS_Source": null, "SourceDate": "2008", "SHAPE_Leng": 24452.056358900001, "SHAPE_Area": 4269789.0985000003, "PAD_SQKM": 4.2698 }, "geometry": { "type": "MultiPolygon", "coordinates": [ [ [ [ 351342.823637831141241, 217058.693729657592485 ], [ 351238.801592454663478, 217023.030298752681119 ], [ 351055.11501585575752, 216960.054436384758446 ], [ 350999.72521278844215, 217008.084486816631397 ], [ 350956.854116393195, 216901.283063079521526 ], [ 351006.073360782000236, 216851.213135819794843 ], [ 351005.955579594650771, 216850.74073608830804 ], [ 351005.694440180261154, 216849.693569598457543 ], [ 350990.723446595715359, 216810.02364110268536 ], [ 350972.754262318427209, 216775.273079093458364 ], [ 350960.793917964794673, 216751.760499799653189 ], [ 350956.003609836683609, 216742.343151995999506 ], [ 350943.563942593988031, 216712.44227993208915 ], [ 350926.753891981148627, 216672.172391383122886 ], [ 350915.414001982077025, 216628.172983831726015 ], [ 350900.942627064883709, 216573.192135805380531 ], [ 350885.973762698238716, 216532.91194540442666 ], [ 350881.465424051973969, 216524.915819022746291 ], [ 350870.503063688986003, 216505.472723249142291 ], [ 350857.973349709180184, 216463.332923418958671 ], [ 350852.021797966503073, 216450.729087404004531 ], [ 350834.35365933860885, 216413.312395029817708 ], [ 350810.13388393673813, 216360.860846256167861 ], [ 350800.693948507774621, 216342.057101180107566 ], [ 350787.784023754531518, 216316.341306258720579 ], [ 350774.554029914608691, 216283.931228172761621 ], [ 350772.843763598648366, 216279.74138374775066 ], [ 350751.722643156303093, 216233.990937038382981 ], [ 350733.063249199069105, 216189.440553095220821 ], [ 350721.356733312481083, 216170.998114925750997 ], [ 350705.222702786559239, 216145.580492859444348 ], [ 350683.47277085785754, 216096.170210173819214 ], [ 350655.691661563585512, 216059.050124538422097 ], [ 350632.252270839409903, 216031.05996745149605 ], [ 350628.852587059664074, 216026.300471983064199 ], [ 350611.281923857575748, 216001.839026105677476 ], [ 350590.132177575549576, 215955.488478906801902 ], [ 350572.031841227668338, 215906.047403330623638 ], [ 350561.971991553844418, 215864.487150533823296 ], [ 350553.661160053103231, 215817.41761142044561 ], [ 350545.411676170420833, 215775.836906783486484 ], [ 350543.961711773474235, 215767.247539697214961 ], [ 350539.701820365269668, 215753.617994488537079 ], [ 350535.751257257012185, 215739.916801440063864 ], [ 350531.970568268967327, 215726.145970856188796 ], [ 350528.470542986120563, 215712.317797524592606 ], [ 350526.726288643316366, 215704.809645855420968 ], [ 350525.241017972235568, 215698.414459901454393 ], [ 350524.263498970947694, 215693.976000410068082 ], [ 350522.171126571367495, 215684.475705053919228 ], [ 350520.403397003770806, 215675.410629381163744 ], [ 350519.441096135065891, 215670.475495014426997 ], [ 350517.318973373621702, 215658.836011330218753 ], [ 350516.881097011209931, 215656.43432762377779 ], [ 350514.601653319434263, 215642.354238995671039 ], [ 350512.551573766162619, 215628.235219608817715 ], [ 350505.471485471120104, 215587.58422416029498 ], [ 350493.531608822348062, 215542.38454930781154 ], [ 350476.03137033386156, 215493.543614722497296 ], [ 350456.161621159350034, 215449.624026855861302 ], [ 350448.03109320794465, 215424.59319080619025 ], [ 350443.858236500644125, 215407.301393783418462 ], [ 350441.100537738122512, 215395.873912206094246 ], [ 350429.820176366250962, 215361.663935815769946 ], [ 350425.966285635950044, 215344.241461085039191 ], [ 350422.250742676085792, 215327.443779508088483 ], [ 350412.690493159694597, 215276.083685852237977 ], [ 350410.978797356772702, 215237.864232223189902 ], [ 350410.470360930310562, 215226.513635724550113 ], [ 350410.402958600840066, 215217.429934073210461 ], [ 350410.220418733195402, 215192.832064720074413 ], [ 350406.440158899349626, 215173.885511312168092 ], [ 350403.879780655377544, 215161.053056483680848 ], [ 350396.996840191364754, 215142.011768355179811 ], [ 350392.630081999115646, 215129.931520235375501 ], [ 350389.789720546221361, 215119.903703516029054 ], [ 350386.611010829277802, 215108.681357311230386 ], [ 350365.100983923359308, 215116.502731971209869 ], [ 350360.968501353054307, 215086.711489524925128 ], [ 350346.470032582175918, 214982.1921022310853 ], [ 350374.040130813373253, 214973.752215048734797 ], [ 350373.689873696188442, 214969.05211004067678 ], [ 350373.119649678410497, 214965.189726463024272 ], [ 350367.910427920985967, 214929.910497325850883 ], [ 350367.073668464436196, 214913.321380548644811 ], [ 350365.749673047219403, 214887.070189666148508 ], [ 350366.004209584265482, 214858.275438728684094 ], [ 350366.069068755896296, 214850.941219628992258 ], [ 350366.494983383920044, 214838.301745191391092 ], [ 350366.730524201877415, 214831.311099876795197 ], [ 350078.911888484086376, 214927.832172437454574 ], [ 349604.06248893548036, 215105.303395663737319 ], [ 349671.783812033478171, 215259.264720634586411 ], [ 349700.13234069821192, 215322.665051827847492 ], [ 349711.252933453011792, 215337.044067851908039 ], [ 349805.313736289739609, 215562.76580989206559 ], [ 349769.633646403148305, 215579.635375951038441 ], [ 349525.722682132327463, 215084.483451884443639 ], [ 349501.353728617716115, 215171.243492095731199 ], [ 349720.563722885097377, 215603.247049455589149 ], [ 349568.414324369747192, 215671.216921554703731 ], [ 349360.135404792672489, 215776.810765028872993 ], [ 349262.165636442892719, 215844.831852275063284 ], [ 349619.227252818644047, 216597.72580429847585 ], [ 349762.72585903306026, 216528.144092561939033 ], [ 350114.253413165803067, 216397.723365847894456 ], [ 350462.383339640684426, 216276.951071445917478 ], [ 350473.252088435867336, 216293.199899801955326 ], [ 350512.352852183103096, 216422.501087039301638 ], [ 350167.85397158190608, 216542.452164232061477 ], [ 350251.314650151238311, 216778.94403976603644 ], [ 350268.284538407402579, 216828.395261318190023 ], [ 349998.197387418651488, 216926.25633518747054 ], [ 350005.256884341011755, 216946.025702797604026 ], [ 350091.887444718449842, 217044.536844854708761 ], [ 349808.287782597937621, 217173.558457321516471 ], [ 349871.63869804533897, 217259.058563939121086 ], [ 349891.707121134793852, 217290.237427370768273 ], [ 350191.447077507560607, 217165.377301661588717 ], [ 350208.947359102836344, 217215.127508632722311 ], [ 350226.038038751285058, 217260.916860634140903 ], [ 350236.636463161034044, 217292.636344261933118 ], [ 349934.418477286410052, 217401.198374257073738 ], [ 349935.639309946331196, 217464.948843267426128 ], [ 349935.889275746827479, 217487.708369239640888 ], [ 349724.510722931998316, 217566.718218952504685 ], [ 349967.731607075955253, 217798.357227685977705 ], [ 350054.601842646021396, 217906.786641267768573 ], [ 350386.100041300524026, 217782.235537097905762 ], [ 350465.69007666275138, 217962.486532963375794 ], [ 350551.248953917413019, 217925.81450093552121 ], [ 350736.64066231623292, 217856.542216631525662 ], [ 350846.662017736758571, 218094.902985918772174 ], [ 351115.940060959197581, 217982.712164910073625 ], [ 351148.669383397384081, 218063.012199338001665 ], [ 351165.139574432105292, 218101.180807845667005 ], [ 351180.391126288741361, 218131.151295872958144 ], [ 351202.290432627662085, 218158.180758590722689 ], [ 351235.851144506828859, 218200.531244148238329 ], [ 351284.671566343517043, 218261.870850201026769 ], [ 351318.451429570908658, 218314.641605947574135 ], [ 351357.261227065464482, 218384.73030720706447 ], [ 351438.17212270287564, 218539.681986367970239 ], [ 350941.673716421762947, 218740.152744497841923 ], [ 350995.364308305259328, 218797.402274173364276 ], [ 351222.394218156579882, 218700.252382975479122 ], [ 351258.293470168719068, 218688.711675630387617 ], [ 351298.61224582005525, 218679.231368412030861 ], [ 351504.691524705674965, 218653.061141071433667 ], [ 351550.732426689879503, 218647.209859186288668 ], [ 351525.920926706341561, 218232.509710306941997 ], [ 351691.949773572734557, 218253.959914180275518 ], [ 351724.700002474477515, 218392.540063013788313 ], [ 352061.138162433286197, 218415.118160263838945 ], [ 352058.508515166526195, 218396.288817779946839 ], [ 352053.818513983394951, 218378.708724866417469 ], [ 352041.669509023078717, 218333.08948613301618 ], [ 352038.568877584475558, 218321.458899078250397 ], [ 352025.137836962006986, 218271.19888069308945 ], [ 352012.88863295246847, 218225.167956812074408 ], [ 352019.281566834135447, 218224.04914194426965 ], [ 352016.61794355843449, 218210.730936268169899 ], [ 352026.355144944915082, 218209.514384961366886 ], [ 352090.86581424169708, 218199.776133460894926 ], [ 352174.851860748487525, 218188.821073330123909 ], [ 352205.279807280865498, 218183.952803466294426 ], [ 352212.768932935141493, 218214.405760771303903 ], [ 352223.539075735257939, 218258.200094481144333 ], [ 352230.030261536070611, 218267.938379847968463 ], [ 352235.710398702009115, 218271.589967041101772 ], [ 352236.606565632100683, 218271.141770868649473 ], [ 352260.053812686121091, 218259.417546063283226 ], [ 352302.654993946372997, 218239.942905812436948 ], [ 352379.336727825517301, 218199.775118268356891 ], [ 352403.681103618990164, 218190.037826550396858 ], [ 352424.372274044493679, 218239.942511237750296 ], [ 352447.499446439847816, 218297.149399037531111 ], [ 352475.494910148729105, 218370.180135638394859 ], [ 352486.449659493635409, 218388.439095395937329 ], [ 352482.804996572900563, 218391.260648981231498 ], [ 352448.716643799853045, 218417.650886019226164 ], [ 352408.550466206273995, 218446.863688550860388 ], [ 352342.823544651386328, 218495.551104682701407 ], [ 352326.210913320886903, 218507.277418370562373 ], [ 352328.037974589096848, 218507.177816772484221 ], [ 352391.389241061348002, 218780.347996897500707 ], [ 352399.072072083887178, 218776.119141433271579 ], [ 352478.068562278233003, 218732.637629925156944 ], [ 352830.819758142344654, 219207.957013521110639 ], [ 352823.101882867922541, 219240.37345361939515 ], [ 352828.820053269271739, 219239.006779653689591 ], [ 352828.101129680522718, 219229.258292647369672 ], [ 352827.609609974664636, 219222.757898341922555 ], [ 352844.00962409528438, 219172.3565261294425 ], [ 352831.170892667432781, 219195.556365759461187 ], [ 352782.229599041456822, 219111.148179011419415 ], [ 352749.670234326738864, 219054.977750463294797 ], [ 352501.099704736087006, 218741.277763703314122 ], [ 352646.068450832448434, 218661.816851921816124 ], [ 352762.228116551646963, 218597.066878280747915 ], [ 352847.287133494624868, 218550.10588248912245 ], [ 353060.164925148594193, 218432.566211340221344 ], [ 352955.94394393870607, 218284.915616322046844 ], [ 352863.283962036599405, 218153.536438802111661 ], [ 352832.914140337437857, 218109.954900221899152 ], [ 352798.784072863287292, 218061.036395283415914 ], [ 352769.604060544690583, 218018.44611701334361 ], [ 352762.25382379302755, 218010.64533247568761 ], [ 352685.724401722138282, 217982.284800284862285 ], [ 352670.565116221434437, 217976.665132571390131 ], [ 352617.415572914935183, 217959.306331510160817 ], [ 352546.884597166266758, 217936.305447023478337 ], [ 352505.123967716936022, 217922.835845383582637 ], [ 352469.334782009129412, 217816.515746768272948 ], [ 352327.824817359738518, 217838.716645468521165 ], [ 352264.004905801091809, 217752.706664112920407 ], [ 352105.844521945167799, 217733.277831176761538 ], [ 352000.415955727803521, 217719.406891859485768 ], [ 351931.046324240043759, 217719.407137320609763 ], [ 351939.257514611876104, 217885.787106953299372 ], [ 351929.566123637836426, 217833.878428363095736 ], [ 351933.037734635057859, 217885.678595400415361 ], [ 351909.856502477137838, 217885.228107590752188 ], [ 351803.567802868317813, 217891.808755737845786 ], [ 351772.196576985705178, 217884.75759066460887 ], [ 351722.227750445425045, 217917.488933971471852 ], [ 351619.197299845749512, 217915.568293922202429 ], [ 351615.356409774860367, 217721.458335991221247 ], [ 351417.358397709962446, 217701.888400093215751 ], [ 351329.574896186299156, 217475.494047165528173 ], [ 351359.635317357198801, 217475.115095470595406 ], [ 351429.75451347179478, 217479.413606994523434 ], [ 351429.916234960488509, 217465.163558208529139 ], [ 351643.224970451090485, 217471.31303310309886 ], [ 351651.753534196759574, 217164.832770169887226 ], [ 351447.513314970186912, 217164.583568339206977 ], [ 351344.194163579493761, 217164.452859665383585 ], [ 351342.823637831141241, 217058.693729657592485 ] ], [ [ 350919.067019114037976, 217499.64557229046477 ], [ 350366.899921033997089, 217728.964905815431848 ], [ 350349.719107430544682, 217681.285327072866494 ], [ 350327.448883831326384, 217619.484671821293887 ], [ 350874.28717029618565, 217389.776291432703147 ], [ 350900.317436571756843, 217453.637158103927504 ], [ 350919.067019114037976, 217499.64557229046477 ] ], [ [ 349791.693653079040814, 216150.641869291837793 ], [ 350006.472740866825916, 216071.270409472926985 ], [ 350045.313236737856641, 216195.660515824594768 ], [ 350058.594570423068944, 216221.950873851776123 ], [ 349857.105038160341792, 216307.302457886573393 ], [ 349791.693653079040814, 216150.641869291837793 ] ] ] ] } },
{ "type": "Feature", "properties": { "US_ID": 616594, "WDPA_Code": 68541, "WDPA_NewCo": 0, "Class_Desc": "3000", "Owner_Desc": "3100", "Manag_Desc": "3101", "Local_Desg": "SP", "Mang2_Desc": "SP", "Parcel_Nam": "South Mountain SP", "WDPA_Name": "South Mountain State Park", "State_Name": "24", "GIS_Acres": 227, "GAP_Status": 2, "IUCN_Categ": "V", "GAPCodeSrc": "TNC", "GAPCodDate": "2008", "Agg_Source": "TNC", "GIS_Source": null, "SourceDate": "2008", "SHAPE_Leng": 4423.8430936499999, "SHAPE_Area": 918100.97048000002, "PAD_SQKM": 0.9181 }, "geometry": { "type": "MultiPolygon", "coordinates": [ [ [ [ 349765.618369379546493, 212629.394335074088303 ], [ 349775.278830932802521, 212683.434971595386742 ], [ 349773.097791271575261, 212717.124616773042362 ], [ 349761.719095453212503, 212750.896174824738409 ], [ 349761.231257043138612, 212751.910490643320372 ], [ 349744.278419478039723, 212787.15614166224259 ], [ 349718.998065992782358, 212835.734809205227066 ], [ 349708.878992737736553, 212873.155930004606489 ], [ 349710.622497704811394, 212893.794568102457561 ], [ 349711.567976022372022, 212904.985975169605808 ], [ 349722.747988199000247, 212928.155045146559132 ], [ 349736.438913966412656, 212961.115535069315229 ], [ 349750.74820909567643, 212994.655704386386788 ], [ 349758.531523568322882, 213011.038538333872566 ], [ 349785.529475506802555, 213067.865714860265143 ], [ 349817.189389655832201, 213134.956238821760053 ], [ 349846.348806708643679, 213191.655231882003136 ], [ 349858.210491037927568, 213212.74320957751479 ], [ 349868.629058853024617, 213231.265637453063391 ], [ 349890.937865768210031, 213271.506844403018476 ], [ 349905.2697693714872, 213294.559745149017544 ], [ 349916.308465632726438, 213312.315365041780751 ], [ 349920.771179063478485, 213317.779524851386668 ], [ 349934.325103211100213, 213311.658385498420103 ], [ 349937.251584149140399, 213320.212851073680213 ], [ 349939.559296576248016, 213319.176161862938898 ], [ 349960.188916366372723, 213382.676607270375825 ], [ 349969.194291057880037, 213399.870171048882185 ], [ 349977.588587018952239, 213415.897186763439095 ], [ 349996.848074597015511, 213457.377524694864405 ], [ 349999.594589144457132, 213467.124864663201151 ], [ 350005.627827665186487, 213488.535869699437171 ], [ 350014.598117056826595, 213541.116349016607273 ], [ 350015.437785515678115, 213552.68757501617074 ], [ 350022.21872800658457, 213573.546443794417428 ], [ 350017.10896844684612, 213575.655956479458837 ], [ 350017.141170944552869, 213576.083529283554526 ], [ 350017.317913860257249, 213578.437123821437126 ], [ 350023.599098326289095, 213601.036819383123657 ], [ 350026.437750978628173, 213611.253581593395211 ], [ 350031.74813407327747, 213630.366261017101351 ], [ 350038.248493338702247, 213649.777304181130603 ], [ 350042.379345550609287, 213648.267934837931534 ], [ 350185.74702958780108, 213594.909704491641605 ], [ 350196.908505386789329, 213590.755720569897676 ], [ 350716.215965136943851, 213397.45894583221525 ], [ 350694.775512667081784, 213352.187777790939435 ], [ 350674.436793202825356, 213300.707177434989717 ], [ 350659.306152046890929, 213259.458263492415426 ], [ 350604.126871583168395, 213109.077494617959019 ], [ 350823.655189052573405, 213020.877903780114138 ], [ 350858.624646465643309, 213011.928093508235179 ], [ 350852.654706982895732, 212988.617745503492188 ], [ 350655.025393374555279, 212970.538131883571623 ], [ 350677.43605579022551, 212463.755634484055918 ], [ 350515.904898104839958, 212553.814249898743583 ], [ 350455.525775680784136, 212368.844908107072115 ], [ 350453.905809826566838, 212349.044858735171147 ], [ 350445.715879719646182, 212266.364902201021323 ], [ 350217.127128566673491, 212396.454235156241339 ], [ 349851.847111933398992, 212584.004432408662979 ], [ 349765.618369379546493, 212629.394335074088303 ] ] ] ] } },
{ "type": "Feature", "properties": { "US_ID": 618545, "WDPA_Code": 0, "WDPA_NewCo": 55551459, "Class_Desc": "3000", "Owner_Desc": "3100", "Manag_Desc": "3101", "Local_Desg": "SP", "Mang2_Desc": "SP", "Parcel_Nam": "Washington Monument SP", "WDPA_Name": "Washington Monument State Park", "State_Name": "24", "GIS_Acres": 92, "GAP_Status": 2, "IUCN_Categ": "V", "GAPCodeSrc": "TNC", "GAPCodDate": "2008", "Agg_Source": "TNC", "GIS_Source": null, "SourceDate": "2008", "SHAPE_Leng": 3426.0482543399999, "SHAPE_Area": 370469.99909599999, "PAD_SQKM": 0.3705 }, "geometry": { "type": "MultiPolygon", "coordinates": [ [ [ [ 346231.944217463838868, 203926.174468557350338 ], [ 346228.845472530520055, 203891.174187154450919 ], [ 346224.755648072459735, 203881.405179323395714 ], [ 346208.133956442296039, 203841.614605635724729 ], [ 346270.170294962299522, 203829.544039000698831 ], [ 346303.481171006686054, 203823.082552910433151 ], [ 346383.15091252833372, 203776.27343116956763 ], [ 346380.72194961621426, 203767.854110941465478 ], [ 346376.621739267022349, 203745.432620936015155 ], [ 346378.981046845146921, 203707.73300185170956 ], [ 346381.520610731327906, 203693.732860400283244 ], [ 346382.702269435627386, 203674.663957492593909 ], [ 346394.320569166273344, 203645.363213960983558 ], [ 346409.881330885516945, 203619.832885709416587 ], [ 346433.202079876791686, 203590.292526555014774 ], [ 346465.451982814352959, 203549.432844563270919 ], [ 346491.39208267244976, 203516.572688611253398 ], [ 346554.362154321919661, 203436.803127773338929 ], [ 346587.711893194471486, 203394.563085632282309 ], [ 346442.731296061188914, 203472.923625488067046 ], [ 346359.54099446721375, 203412.702255544747459 ], [ 346357.084824269171804, 203413.938026076531969 ], [ 346328.951889148913324, 203428.092954990861472 ], [ 346309.260218589566648, 203393.612821894435911 ], [ 346305.812882657453883, 203387.580318539781729 ], [ 346292.071296481823083, 203363.533891467406647 ], [ 346283.260700421000365, 203359.372374653117731 ], [ 346216.413405802042689, 203327.865730070858262 ], [ 346166.353856761474162, 203322.145644991862355 ], [ 346153.94296759867575, 203354.594200096005807 ], [ 346121.283276602393016, 203360.764799020660575 ], [ 346159.822920054546557, 203445.515127411548747 ], [ 346205.753729983232915, 203529.644879025814589 ], [ 346012.192135103687178, 203549.014893901068717 ], [ 345695.471407563774846, 203581.514778432203457 ], [ 345664.782086035120301, 203613.154264461249113 ], [ 345646.532334222865757, 203652.465640664857347 ], [ 345652.561678000784013, 203710.874607554200338 ], [ 345681.811425338033587, 203779.845089948241366 ], [ 345691.850823281507473, 203803.505626139754895 ], [ 345724.442850450461265, 203787.4349716376164 ], [ 345745.502615623467136, 203829.545889664703282 ], [ 345819.382646168174688, 203977.235372035560431 ], [ 345783.282415441528428, 204008.864713630900951 ], [ 345816.84322854137281, 204064.584688714356162 ], [ 345840.882866781321354, 204121.625582534994464 ], [ 345853.002977048628964, 204155.97465312643908 ], [ 345854.10282163618831, 204169.454589847358875 ], [ 346151.133951564435847, 204137.395040905801579 ], [ 346146.491564054100309, 204100.261900271143531 ], [ 346140.254811587044969, 204050.375538476218935 ], [ 346164.454865252308082, 204042.463396900217049 ], [ 346184.635215392627288, 204035.865411948267138 ], [ 346162.195000593841542, 203865.185094282904174 ], [ 346177.48793984594522, 203878.557369195157662 ], [ 346231.944217463838868, 203926.174468557350338 ] ] ] ] } },
{ "type": "Feature", "properties": { "US_ID": 620668, "WDPA_Code": 68541, "WDPA_NewCo": 0, "Class_Desc": "3000", "Owner_Desc": "3100", "Manag_Desc": "3101", "Local_Desg": "SP", "Mang2_Desc": "SP", "Parcel_Nam": "South Mountain SP", "WDPA_Name": "South Mountain State Park", "State_Name": "24", "GIS_Acres": 349, "GAP_Status": 2, "IUCN_Categ": "V", "GAPCodeSrc": "TNC", "GAPCodDate": "2008", "Agg_Source": "TNC", "GIS_Source": null, "SourceDate": "2008", "SHAPE_Leng": 11750.3721718, "SHAPE_Area": 1411812.83057, "PAD_SQKM": 1.4118 }, "geometry": { "type": "MultiPolygon", "coordinates": [ [ [ [ 347077.172054733731784, 206418.047598963370547 ], [ 347087.243659042112995, 206392.435074076085584 ], [ 347067.013433727610391, 206398.034633089439012 ], [ 347105.513750423386227, 206294.70632204413414 ], [ 347156.732598886417691, 206275.003225342108635 ], [ 347158.201348167785909, 206274.440738224860979 ], [ 347348.170669474697206, 206228.440736788441427 ], [ 347346.706132729828823, 206248.082970130082686 ], [ 347360.864046787261032, 206244.547094255132833 ], [ 347361.824669626832474, 206204.877223541610874 ], [ 347362.410518857417628, 206181.347688562003896 ], [ 347364.954242441745009, 206079.187173957005143 ], [ 347605.95530404971214, 206019.377592050470412 ], [ 347544.924906356201973, 205953.067211095243692 ], [ 347483.013760560774244, 205892.456507670052815 ], [ 347447.204520301544107, 205844.815848669357365 ], [ 347435.614878395572305, 205829.376012268970953 ], [ 347378.483906449284405, 205730.645778477104614 ], [ 347361.174189424957149, 205700.716300313448301 ], [ 347343.514277390495408, 205664.11641974982922 ], [ 347233.173810433770996, 205750.646398998243967 ], [ 347200.205104696098715, 205683.375648460933007 ], [ 347170.515200056950562, 205637.545481901179301 ], [ 347103.393893418484367, 205584.455002022383269 ], [ 346985.574171507672872, 205502.725285026972415 ], [ 347392.4250774809625, 205390.255493349541212 ], [ 347298.145280380151235, 205255.715953553619329 ], [ 347170.044541023438796, 205280.865241550607607 ], [ 346973.173676600272302, 205324.766118542698678 ], [ 346971.674556752783246, 205319.84471922944067 ], [ 346855.673611914098728, 204937.953623133565998 ], [ 346835.571729793853592, 204948.166240625141654 ], [ 346849.920647486695088, 204959.969917164271465 ], [ 346739.576408851600718, 205024.251143162342487 ], [ 346597.513373355614021, 204767.875784251256846 ], [ 346661.794911562697962, 204748.828889244759921 ], [ 346607.825927316909656, 204674.219433318241499 ], [ 346557.357236046053004, 204604.906604356947355 ], [ 346565.730262437893543, 204578.475384794262936 ], [ 346668.420248677372001, 204254.312501157197403 ], [ 346718.420449373137672, 204098.734259536722675 ], [ 346697.742428718716837, 204055.871181615890237 ], [ 346698.018094965722412, 204055.06628999003442 ], [ 346700.793378713075072, 204046.963928993645823 ], [ 346710.173291829531081, 204019.573933263018262 ], [ 346666.982707983406726, 203930.782856872538105 ], [ 346642.773254152096342, 203881.056151083554141 ], [ 346617.703429952496663, 203829.562388199643465 ], [ 346597.612371729861479, 203788.233777267480036 ], [ 346574.922496282728389, 203799.473157624335727 ], [ 346525.48153535136953, 203823.973455107334303 ], [ 346528.352782535424922, 203829.562382162228459 ], [ 346581.732272819615901, 203934.032951500761556 ], [ 346551.798212843597867, 203950.535369605611777 ], [ 346482.491829895880073, 203988.743245801888406 ], [ 346449.856970489723608, 204006.738153974089073 ], [ 346393.102335981500801, 204038.032529539515963 ], [ 346338.350621820893139, 204002.218485969700851 ], [ 346261.261550455121323, 203951.793273522314848 ], [ 346231.944217463838868, 203926.174468557350338 ], [ 346177.48793984594522, 203878.557369195157662 ], [ 346162.195000593841542, 203865.185094282904174 ], [ 346184.635215392627288, 204035.865411948267138 ], [ 346164.454865252308082, 204042.463396900217049 ], [ 346140.254811587044969, 204050.375538476218935 ], [ 346146.491564054100309, 204100.261900271143531 ], [ 346151.133951564435847, 204137.395040905801579 ], [ 345854.10282163618831, 204169.454589847358875 ], [ 345704.383080170315225, 204186.514426724606892 ], [ 345721.44305605115369, 204322.874375554762082 ], [ 346120.854174382227939, 204264.004502834577579 ], [ 346280.822292781609576, 204243.283260741998674 ], [ 346073.16436484263977, 204381.434800308517879 ], [ 346174.944391569937579, 204763.225483946123859 ], [ 346257.511594338109717, 205004.814617664873367 ], [ 346330.860987119202036, 205203.014141502644634 ], [ 346372.642419496667571, 205377.735422599012963 ], [ 346569.611698292836081, 205357.09571705252165 ], [ 346602.822174770524725, 205479.465915102191502 ], [ 346604.671409692673478, 205486.185434970451752 ], [ 346688.29328069568146, 205912.626799569698051 ], [ 346489.511461302812677, 206036.285162664513336 ], [ 346580.361068334605079, 206132.146064888074761 ], [ 346717.643090242228936, 206079.106959895871114 ], [ 346857.483069741574582, 206025.076608305476839 ], [ 346891.922223307192326, 206122.045463824877515 ], [ 346927.86272802145686, 206107.736086828925181 ], [ 346892.143220471043605, 206232.967308972321916 ], [ 346883.703442644095048, 206262.515889902337221 ], [ 346859.893193210475147, 206286.766291086038109 ], [ 346747.142147215665318, 206401.657201525667915 ], [ 346779.641910866193939, 206446.565858721034601 ], [ 346894.543282273400109, 206379.737503987038508 ], [ 346903.923130408860743, 206446.506501127092633 ], [ 346850.291970080754254, 206470.126121039531427 ], [ 346877.288901770254597, 206496.540418717631837 ], [ 347077.172054733731784, 206418.047598963370547 ] ], [ [ 347174.110025270842016, 206035.942438690166455 ], [ 347081.323943720664829, 206061.346795469638892 ], [ 347052.45362782664597, 205757.206028692453401 ], [ 347065.724274043401238, 205765.546691298630321 ], [ 347146.18948231136892, 205816.119336176576326 ], [ 347145.045815845369361, 205806.549347814085195 ], [ 347198.795869379653595, 205839.408862001029775 ], [ 347237.639761977829039, 205836.424482870846987 ], [ 347242.812131362210494, 205850.871558552258648 ], [ 347321.920870418660343, 206071.831153194769286 ], [ 347196.278853966796305, 206101.039214413292939 ], [ 347182.857978723244742, 206104.159237187239341 ], [ 347180.482978570857085, 206098.159170574974269 ], [ 347174.110025270842016, 206035.942438690166455 ] ] ] ] } },
{ "type": "Feature", "properties": { "US_ID": 624730, "WDPA_Code": 68541, "WDPA_NewCo": 0, "Class_Desc": "3000", "Owner_Desc": "3100", "Manag_Desc": "3101", "Local_Desg": "SP", "Mang2_Desc": "SP", "Parcel_Nam": "South Mountain SP", "WDPA_Name": "South Mountain State Park", "State_Name": "24", "GIS_Acres": 224, "GAP_Status": 2, "IUCN_Categ": "V", "GAPCodeSrc": "TNC", "GAPCodDate": "2008", "Agg_Source": "TNC", "GIS_Source": null, "SourceDate": "2008", "SHAPE_Leng": 6692.2389443900001, "SHAPE_Area": 907978.89169399999, "PAD_SQKM": 0.908 }, "geometry": { "type": "MultiPolygon", "coordinates": [ [ [ [ 343922.503715319966432, 191722.236311526328791 ], [ 343920.062456968706101, 191714.097744508821052 ], [ 344249.770024193509016, 191609.038031480100472 ], [ 344248.187978816451505, 191605.132851599511923 ], [ 344220.496734964835923, 191536.84263301253668 ], [ 344193.997483593237121, 191471.913008931122022 ], [ 344167.446399713342544, 191405.219408634817228 ], [ 344158.036265239235945, 191381.582270948711084 ], [ 344142.423725868982729, 191337.055121191340731 ], [ 344135.876686928851996, 191318.383220545423683 ], [ 344133.452881556062493, 191311.623035762051586 ], [ 344128.817171388305724, 191298.693899882578989 ], [ 344130.636340742406901, 191298.117705035198014 ], [ 344133.996634578274097, 191297.053371140122181 ], [ 344130.535196203156374, 191285.692868114769226 ], [ 344119.347130025562365, 191248.972667106630979 ], [ 344111.847344648151193, 191251.344244736450491 ], [ 344103.776091642212123, 191228.814285707543604 ], [ 344156.59606903209351, 191199.243082237779163 ], [ 344156.12926932098344, 191180.636280768580036 ], [ 344152.200971473823301, 191176.118535204179352 ], [ 344152.200963113864418, 191158.719798574020388 ], [ 344152.906508138112258, 191158.452449020260246 ], [ 344152.697596795274876, 191158.223088363738498 ], [ 344151.206617707095575, 191145.794828457088443 ], [ 344151.206502108718269, 191110.997382687230129 ], [ 344149.714386775740422, 191045.38067727413727 ], [ 344169.101775811752304, 191045.380585986742517 ], [ 344194.95164054480847, 191045.877131666406058 ], [ 344209.864234487409703, 191046.373742521042004 ], [ 344212.631419916287996, 191056.058018950541737 ], [ 344223.37694917654153, 191056.50381722455495 ], [ 344140.345813315827399, 190742.384788215480512 ], [ 344156.676823690533638, 190739.672121188224992 ], [ 344177.064511663746089, 190736.285702973895241 ], [ 344241.125800454756245, 190649.315353237150703 ], [ 344289.245439694670495, 190583.994447941455292 ], [ 344512.774590315239038, 190511.803796685562702 ], [ 344585.845330705400556, 190536.924276605597697 ], [ 344542.611769263923634, 190162.640768651530379 ], [ 344517.808746880968101, 190166.457874038227601 ], [ 344517.590039681701455, 190164.832862253795611 ], [ 344130.495670607197098, 190188.474906614952488 ], [ 344022.214287378825247, 190193.990853529248852 ], [ 344018.651376755849924, 190182.926991155720316 ], [ 343938.122367886186112, 190193.307933851581765 ], [ 343932.751048450765666, 190162.526126465905691 ], [ 343926.68412013782654, 190127.757852425711462 ], [ 343900.372998071485199, 189997.167636456200853 ], [ 343891.2198512708419, 189947.830597555323038 ], [ 343891.031957640778273, 189946.81774081569165 ], [ 343885.592380619142205, 189918.057792088773567 ], [ 343877.592704686161596, 189875.817942026886158 ], [ 343872.212588210299145, 189853.761456688545877 ], [ 343871.182374559983145, 189849.53803174616769 ], [ 343842.488095899287146, 189758.933711534948088 ], [ 343888.209412937052548, 189703.673068352713017 ], [ 343917.922259756713174, 189667.760903522837907 ], [ 343914.802736964949872, 189657.732095591985853 ], [ 343903.972868914192077, 189624.179285312187858 ], [ 343809.714936962816864, 189695.373693852801807 ], [ 343811.35211900959257, 189700.381918334693182 ], [ 343773.901328754378483, 189729.022222405706998 ], [ 343711.114776642993093, 189777.488298040552763 ], [ 343617.48817041964503, 189852.387034648156259 ], [ 343552.497975616774056, 189900.854064681014279 ], [ 343548.406841278658248, 189891.336861754098209 ], [ 343522.811033212929033, 189887.318690793588758 ], [ 343389.31212459463859, 189948.390391475812066 ], [ 343438.182170031417627, 190135.998681072756881 ], [ 343460.372191534144804, 190133.309573009901214 ], [ 343478.683481893851422, 190145.589300696301507 ], [ 343497.121683322475292, 190172.778407812584192 ], [ 343558.68300005607307, 190304.478570876148297 ], [ 343620.154221908946056, 190435.898120185360312 ], [ 343644.343117670621723, 190425.928399538097437 ], [ 343659.199220749898814, 190419.809025761933299 ], [ 343657.209952903329395, 190415.322562581422972 ], [ 343672.222851561731659, 190411.569314151449362 ], [ 343723.516716249694582, 190389.049976691487245 ], [ 343752.291308494226541, 190380.292431128124008 ], [ 343774.810790241346695, 190437.841381727776024 ], [ 343808.589910951384809, 190512.905221789958887 ], [ 343832.360353212396149, 190565.449917295627529 ], [ 343866.139544309349731, 190646.769031689094845 ], [ 343886.15686203725636, 190695.560568297485588 ], [ 343909.927377493644599, 190751.858450277271913 ], [ 343928.69355897558853, 190796.896743886900367 ], [ 343947.459720768441912, 190838.181816023046849 ], [ 343943.816630209621508, 190839.35708815860562 ], [ 343949.064711260900367, 190851.504618525505066 ], [ 343929.10724083421519, 190857.835568733426044 ], [ 343859.595758790499531, 190879.88600399706047 ], [ 343837.669278008746915, 190886.836671506462153 ], [ 343835.025883659371175, 190887.674658068019198 ], [ 343836.434937299112789, 190894.924504937895108 ], [ 343875.746947277628351, 191098.95386440702714 ], [ 343782.315077136910986, 191128.94491422639112 ], [ 343800.626484057516791, 191196.524658898939379 ], [ 343732.096632227418013, 191372.005258158780634 ], [ 343683.346101128961891, 191387.494394227047451 ], [ 343698.847566015901975, 191435.585338163742563 ], [ 343702.90669225982856, 191435.585374492919073 ], [ 343767.627647379995324, 191413.034593745425809 ], [ 343791.276031392160803, 191457.22414486669004 ], [ 343807.187017537187785, 191486.883182473335182 ], [ 343853.097385525761638, 191578.612632865901105 ], [ 343879.846520338498522, 191632.02424439805327 ], [ 343846.347391464340035, 191646.694183186104055 ], [ 343867.656969473115169, 191697.553940230776789 ], [ 343873.907525988877751, 191712.453054225625237 ], [ 343906.438008562719915, 191701.733750045154011 ], [ 343916.49786667333683, 191724.11218696233118 ], [ 343922.503715319966432, 191722.236311526328791 ] ] ] ] } },
{ "type": "Feature", "properties": { "US_ID": 634795, "WDPA_Code": 0, "WDPA_NewCo": 55551307, "Class_Desc": "3000", "Owner_Desc": "3100", "Manag_Desc": "3101", "Local_Desg": "SP", "Mang2_Desc": "SP", "Parcel_Nam": "Greenbrier SP", "WDPA_Name": "Greenbrier State Park", "State_Name": "24", "GIS_Acres": 1235, "GAP_Status": 2, "IUCN_Categ": "V", "GAPCodeSrc": "TNC", "GAPCodDate": "2008", "Agg_Source": "TNC", "GIS_Source": null, "SourceDate": "2008", "SHAPE_Leng": 16341.314896, "SHAPE_Area": 4996281.7423200002, "PAD_SQKM": 4.9963 }, "geometry": { "type": "MultiPolygon", "coordinates": [ [ [ [ 347347.136248900380451, 208613.441140816808911 ], [ 347333.775213613524102, 208539.371136571309762 ], [ 347337.004957678494975, 208529.452712403843179 ], [ 347372.095386216766201, 208520.191627849359065 ], [ 347394.215679142391309, 208604.042866942763794 ], [ 347347.136248900380451, 208613.441140816808911 ], [ 347390.136007494409569, 208647.212633922958048 ], [ 347507.424745939730201, 208739.302942486508982 ], [ 347538.095811077335384, 208642.541175923950505 ], [ 347544.585877334931865, 208621.891141641128343 ], [ 347615.346774950041436, 208398.861892154091038 ], [ 347599.866003298084252, 208380.51186587830307 ], [ 347853.29588689544471, 208236.082610435114475 ], [ 347945.32721265120199, 208083.051875034172554 ], [ 347916.876570155960508, 207968.822684138111072 ], [ 347796.965760969673283, 208186.451439336058684 ], [ 347631.655557344027329, 208040.811942128435476 ], [ 347548.416835044045001, 207963.661727271799464 ], [ 347549.825973906728905, 207894.67274723938317 ], [ 347557.946643767412752, 207695.402261119597824 ], [ 347548.007800279767253, 207644.45202206633985 ], [ 347651.438148149638437, 207548.150994335504947 ], [ 347655.40718630986521, 207544.452263004874112 ], [ 347656.107636053173337, 207546.752145208098227 ], [ 347661.887066239432897, 207541.701782589661889 ], [ 347654.366418769583106, 207741.461759859725134 ], [ 347679.216864463698585, 207769.111842638347298 ], [ 347687.115911016706377, 207777.891650858800858 ], [ 347705.576629440765828, 207778.592094540130347 ], [ 347707.346130230580457, 207778.661725549551193 ], [ 347729.167562330840155, 207779.480925495096017 ], [ 347741.067036031628959, 207466.212516546744155 ], [ 347833.237480439129286, 207390.252156789298169 ], [ 347889.31803200772265, 207313.452137248736108 ], [ 347902.578935036610346, 207264.930858311010525 ], [ 347884.998954524227884, 207243.191330184839899 ], [ 347709.188758918317035, 207025.802078632579651 ], [ 347700.388469612633344, 207034.000195879722014 ], [ 347580.13774991245009, 207145.99096703963005 ], [ 347424.067501746816561, 207288.720366789464606 ], [ 347421.358036268502474, 207267.771269179414958 ], [ 347414.878225960303098, 207217.830739874654682 ], [ 347387.838858296745457, 207009.430188085447298 ], [ 347395.588493820803706, 206997.310051169159124 ], [ 347470.168734245933592, 206887.73989316567895 ], [ 347479.659251147939358, 206884.520487591420533 ], [ 347441.498982906108722, 206789.560692685365211 ], [ 347437.769649069057778, 206779.701649034919683 ], [ 347436.654418203863315, 206776.751241052581463 ], [ 347435.168606546416413, 206772.820333224459318 ], [ 347433.927536471979693, 206769.544530024169944 ], [ 347432.369110667554196, 206765.431173201330239 ], [ 347431.234647862962447, 206762.433548498200253 ], [ 347430.62828501383774, 206760.831337337498553 ], [ 347429.718911185511388, 206758.410650083853398 ], [ 347428.879263051901944, 206756.180367017746903 ], [ 347420.658650966943242, 206744.441153290361399 ], [ 347403.90802427730523, 206749.901153001002967 ], [ 347393.80567922006594, 206753.198811662208755 ], [ 347366.62820368463872, 206762.07037110888632 ], [ 347330.18800993449986, 206773.989695724390913 ], [ 347263.238771664269734, 206795.760007586621214 ], [ 347259.728486029489432, 206794.430786123528378 ], [ 347241.028323798091151, 206734.739751674904255 ], [ 347188.626876894093584, 206802.995572614687262 ], [ 347165.967801521939691, 206832.51023251019069 ], [ 347160.078742467681877, 206840.181108557211701 ], [ 347156.488663443480618, 206837.000594209006522 ], [ 347153.666279646509793, 206831.509677231544629 ], [ 347150.397900410636794, 206825.15083895859425 ], [ 347147.217346342920791, 206818.890043053164845 ], [ 347141.427634223073255, 206807.320862307737116 ], [ 347133.156217332696542, 206790.365738133725245 ], [ 347131.978183593135327, 206787.950875669281231 ], [ 347125.078470808512066, 206773.73977985419333 ], [ 347119.397331007872708, 206761.019612121308455 ], [ 347085.599168015178293, 206769.850637259107316 ], [ 346965.698908727965318, 206684.620856694848044 ], [ 346899.87828293570783, 206547.001229067915119 ], [ 346853.527994442265481, 206494.789332601707429 ], [ 346855.557513113075402, 206485.409510836994741 ], [ 346831.542443241807632, 206455.007783450360876 ], [ 346728.358048057183623, 206505.129692397807958 ], [ 346737.348704628879204, 206537.320241742650978 ], [ 346567.806573673966341, 206584.639272565080319 ], [ 346486.486462933942676, 206623.950612167624058 ], [ 346473.647515344957355, 206631.540511103841709 ], [ 346175.77445447439095, 206530.139126922527794 ], [ 346006.63550847559236, 206472.547187830321491 ], [ 346092.314107415790204, 206553.158676308667054 ], [ 346099.133968525158707, 206603.328531344304793 ], [ 346074.062299368961249, 206578.758711053349543 ], [ 345994.763552812859416, 206501.819302251242334 ], [ 345949.992135648266412, 206516.239293941238429 ], [ 345792.523006175819319, 206566.988744707341539 ], [ 345793.092420176893938, 206568.750044745742343 ], [ 345625.221546322049107, 206616.898542005277704 ], [ 345559.84101365954848, 206635.650029908370925 ], [ 345595.972003088681959, 206746.850388994353125 ], [ 345588.21211118955398, 206749.219997972541023 ], [ 345518.031126060115639, 206834.758861146838171 ], [ 345510.111519007827155, 206840.51986715014209 ], [ 345494.751491396978963, 206849.570006435940741 ], [ 345480.642823898233473, 206854.939836783712963 ], [ 345464.031462240905967, 206856.740036364324624 ], [ 345451.890931674628519, 206856.819924804236507 ], [ 345485.902089363196865, 206926.599447904882254 ], [ 345398.581480937136803, 206972.980530064669438 ], [ 345331.701826524629723, 207008.499028040707344 ], [ 345348.04086581536103, 207036.829041697463254 ], [ 345373.491501578944735, 207165.079037110263016 ], [ 345296.261315188661683, 207173.67036213434767 ], [ 345269.852352400659584, 207249.679885563236894 ], [ 345300.822271498851478, 207230.449170278006932 ], [ 345342.812491230142768, 207225.779737109638518 ], [ 345300.341040621104185, 207308.570222521258984 ], [ 345269.811473379377276, 207358.649982187838759 ], [ 345268.842788162757643, 207358.750334620592184 ], [ 345267.06103113014251, 207360.210622865677578 ], [ 345223.03109403635608, 207431.759617341274861 ], [ 345206.751525770523585, 207466.860316768201301 ], [ 345287.512488599051721, 207487.739655316079734 ], [ 345289.552320640534163, 207488.270123586698901 ], [ 345482.912443845591042, 207537.74977779990877 ], [ 345467.441890343092382, 207553.140531472105067 ], [ 345456.272092191909906, 207549.560644294106169 ], [ 345453.062897784344386, 207552.259883694787277 ], [ 345400.382084133045282, 207600.219954108382808 ], [ 345502.331827129761223, 207711.039402516413247 ], [ 345424.812984799849801, 207893.780524822097505 ], [ 345416.903578681580257, 207912.439885920204688 ], [ 345391.782819636282511, 207889.870846523350338 ], [ 345254.492784440109972, 207742.73020772318705 ], [ 345252.05160321254516, 207740.110767357196892 ], [ 345233.122052913066, 207863.861301752156578 ], [ 345346.341829700337257, 207985.209450143098366 ], [ 345229.861651104060002, 207889.31996992911445 ], [ 345169.3821771471994, 208025.950385205011116 ], [ 345276.322858670842834, 208132.380898521281779 ], [ 345292.8317822466488, 208120.270986109564546 ], [ 345329.181740570289548, 208119.500946844404098 ], [ 345328.671740659978241, 208123.459733131254325 ], [ 345268.962448687641881, 208260.311340823041974 ], [ 345369.513139405520633, 208257.761510366050061 ], [ 345518.452021548291668, 208255.469768359238515 ], [ 345518.632225321780425, 208256.65147161349887 ], [ 345538.682170243293513, 208384.870426391600631 ], [ 345281.703204760095105, 208417.220760169031564 ], [ 345264.9628977853572, 208490.780862700165017 ], [ 345247.683987927157432, 208566.679789425455965 ], [ 345430.554277309973259, 208733.450531269103521 ], [ 345456.803429364517797, 208736.131315644423012 ], [ 345423.433404196985066, 208847.130966164288111 ], [ 345439.584028375335038, 208845.271401061705546 ], [ 345568.454410756356083, 208830.390579027414788 ], [ 345581.123382800840773, 208850.66988694560132 ], [ 345648.703251024940982, 208849.0907881592575 ], [ 345716.563762152160052, 208847.501590374740772 ], [ 345801.824021887383424, 208833.179894162487471 ], [ 345800.593233473366126, 208875.36045873502735 ], [ 345797.404609222256113, 208985.010479574382771 ], [ 345805.512648217962123, 209022.779661521926755 ], [ 345766.414256226329599, 209011.161433361994568 ], [ 345764.08360921376152, 209020.410176268487703 ], [ 345752.424458314548247, 209109.45110353268683 ], [ 345779.832835352048278, 209113.041215076431399 ], [ 345781.463006825128105, 209100.640591999690514 ], [ 345770.442734751908574, 209089.311063361965353 ], [ 345774.684138735115994, 209073.410434963123407 ], [ 345820.264383332629222, 209055.3899980901042 ], [ 345849.004048694507219, 209044.029752750793705 ], [ 345904.623504928487819, 208881.600725624215556 ], [ 345952.704359678900801, 208857.159916362608783 ], [ 345990.283125076908618, 208845.850825389992679 ], [ 346000.144249706121627, 208848.580807853984879 ], [ 345995.374445130233653, 208854.970585179631598 ], [ 346056.423316409054678, 208869.480702795262914 ], [ 346074.953680510865524, 208882.489590594224865 ], [ 346107.123598865582608, 208835.371182739443611 ], [ 346118.594523614097852, 208877.711529495602008 ], [ 346116.722599573724438, 208883.189993786916602 ], [ 346092.752888686198276, 208960.821526195592014 ], [ 346053.033930022560526, 208989.849863954354078 ], [ 346037.004265971947461, 209021.470926821784815 ], [ 346034.444287710241042, 209026.511119168833829 ], [ 346033.81356331310235, 209086.730524154088926 ], [ 346220.283985330257565, 209089.411338353791507 ], [ 346226.444338164292276, 209070.76019390168949 ], [ 346240.223271529714111, 209029.820643455896061 ], [ 346488.634582101076376, 208962.211439720267663 ], [ 346583.4139166965615, 209003.222586460702587 ], [ 346637.884619153279345, 208973.91167449313798 ], [ 346599.314653740671929, 208968.832608768774662 ], [ 346605.475064586033113, 208948.821648609184194 ], [ 346738.695469965576194, 208949.931611624517245 ], [ 346764.225798391504213, 208956.542598287167493 ], [ 346733.505869323096704, 208921.411172910622554 ], [ 346776.825194178731181, 208886.72212902357569 ], [ 346818.635114683303982, 208864.202377551177051 ], [ 346827.976022708870005, 208898.61279876716435 ], [ 347082.016268214094453, 208738.752141441131243 ], [ 346981.54564584849868, 208673.201815716834972 ], [ 347040.775814972876105, 208646.811244894459378 ], [ 347045.525100489438046, 208660.901491693686694 ], [ 347346.304692501609679, 208629.952127884840593 ], [ 347347.136248900380451, 208613.441140816808911 ] ], [ [ 346875.246585500659421, 208339.682904580549803 ], [ 346874.265686238766648, 208238.372325156902662 ], [ 346909.196445025212597, 208233.18267797891167 ], [ 346922.065932901750784, 208343.072416588140186 ], [ 346875.246585500659421, 208339.682904580549803 ] ], [ [ 347162.037420753855258, 207628.921979890379589 ], [ 347141.977411113737617, 207524.7012278609036 ], [ 347141.77663691714406, 207523.712056978518376 ], [ 347123.176891358045395, 207430.151163226517383 ], [ 347321.487073917523958, 207375.471558108198224 ], [ 347391.147344547091052, 207621.110985085542779 ], [ 347323.247909598750994, 207616.871593834861415 ], [ 347198.536783194867894, 207674.592435739410575 ], [ 347171.566667841281742, 207679.730930483870907 ], [ 347170.446427837130614, 207673.052355297171744 ], [ 347167.435868680011481, 207657.241796462214552 ], [ 347165.316238482424524, 207646.12110484650475 ], [ 347163.747456175682601, 207637.87184111966053 ], [ 347162.037420753855258, 207628.921979890379589 ] ] ] ] } },
{ "type": "Feature", "properties": { "US_ID": 636875, "WDPA_Code": 68541, "WDPA_NewCo": 0, "Class_Desc": "3000", "Owner_Desc": "3100", "Manag_Desc": "3101", "Local_Desg": "SP", "Mang2_Desc": "SP", "Parcel_Nam": "South Mountain SP", "WDPA_Name": "South Mountain State Park", "State_Name": "24", "GIS_Acres": 112, "GAP_Status": 2, "IUCN_Categ": "V", "GAPCodeSrc": "TNC", "GAPCodDate": "2008", "Agg_Source": "TNC", "GIS_Source": null, "SourceDate": "2008", "SHAPE_Leng": 4176.5027303200004, "SHAPE_Area": 453110.82212199998, "PAD_SQKM": 0.4531 }, "geometry": { "type": "MultiPolygon", "coordinates": [ [ [ [ 347157.573737240163609, 202842.87338673445629 ], [ 347152.513063859194517, 202831.752686298452318 ], [ 347137.953407319029793, 202763.624304147961084 ], [ 347333.493132196599618, 202627.337208728393307 ], [ 347410.673997439909726, 202573.54364865613752 ], [ 347437.293901508033741, 202554.974539463088149 ], [ 347402.014954823127482, 202554.974530326959211 ], [ 347364.70416218630271, 202474.754317856859416 ], [ 347435.573244545608759, 202383.485384366998915 ], [ 347499.763687039085198, 202300.8445830840501 ], [ 347477.573540914570913, 202274.314765917661134 ], [ 347436.234509682282805, 202295.374378885870101 ], [ 347375.768542972044088, 202326.175587480771355 ], [ 347263.264011787134223, 202383.485166968486737 ], [ 347260.60365082154749, 202378.455305643525207 ], [ 347120.92267674067989, 202115.535206918983022 ], [ 347066.701341715583112, 202013.46503849470173 ], [ 347051.730435430712532, 202022.865313799033174 ], [ 346946.761955276655499, 202076.594474740326405 ], [ 346861.79014736157842, 202120.093906058900757 ], [ 346821.860028506198432, 202070.954259214398917 ], [ 346770.696491417940706, 202090.925501366466051 ], [ 346789.854938715347089, 202118.422086086764466 ], [ 346713.66029552265536, 202157.397227042791201 ], [ 346722.94965127663454, 202186.643601583054988 ], [ 346732.290636939869728, 202216.065083474764833 ], [ 346719.140706015168689, 202339.624982010893291 ], [ 346714.450861518504098, 202383.464372384856688 ], [ 346711.360475485620555, 202412.623790266516153 ], [ 346695.101308693003375, 202408.464336659875698 ], [ 346652.011461403802969, 202527.543096600449644 ], [ 346746.232185372908134, 202515.214155945024686 ], [ 346746.201556431129575, 202573.764441216218984 ], [ 346746.171045987459365, 202645.954254898999352 ], [ 346730.540853435231838, 202763.003516913740896 ], [ 346727.731335448392201, 202784.124264335812768 ], [ 346703.54242247052025, 202862.853375586681068 ], [ 346700.861557177209761, 202871.473414924723329 ], [ 346683.541718245949596, 202918.483172407664824 ], [ 346713.172220486740116, 202913.463557172071887 ], [ 346717.98307117522927, 202912.683206753106788 ], [ 346785.012305256444961, 202901.013736498047365 ], [ 346848.041877087147441, 202890.042659846541937 ], [ 346896.202826551510952, 202881.654100667888997 ], [ 346927.582386594149284, 202875.54282674685237 ], [ 346931.110399912053254, 202897.76222539957962 ], [ 346979.451404571649618, 202895.749867991835345 ], [ 346980.889098404324614, 202896.562885698571336 ], [ 346939.30396169697633, 202949.239568217657506 ], [ 346940.104099084914196, 202954.263886894914322 ], [ 347113.98357770225266, 202923.316670910717221 ], [ 347115.51392688031774, 202923.044270678161411 ], [ 347092.548426672932692, 203002.263560182123911 ], [ 347038.734595107554924, 203187.893533465394285 ], [ 347026.823395651648752, 203229.064430348662427 ], [ 347037.174060196441133, 203231.812828024965711 ], [ 347044.722727278829552, 203207.421414321375778 ], [ 347050.264858071983326, 203189.513479660934536 ], [ 347061.681098012952134, 203152.664278375508729 ], [ 347068.354818341264036, 203131.122963973146398 ], [ 347097.112641644838732, 203038.199910953117069 ], [ 347139.704975347325671, 202900.573654723993968 ], [ 347157.573737240163609, 202842.87338673445629 ] ] ] ] } },
{ "type": "Feature", "properties": { "US_ID": 641013, "WDPA_Code": 0, "WDPA_NewCo": 55551298, "Class_Desc": "3000", "Owner_Desc": "3100", "Manag_Desc": "3101", "Local_Desg": "SP", "Mang2_Desc": "SP", "Parcel_Nam": "Gathland SP", "WDPA_Name": "Gathland State Park", "State_Name": "24", "GIS_Acres": 93, "GAP_Status": 2, "IUCN_Categ": "V", "GAPCodeSrc": "TNC", "GAPCodDate": "2008", "Agg_Source": "TNC", "GIS_Source": null, "SourceDate": "2008", "SHAPE_Leng": 4817.5982893099999, "SHAPE_Area": 376523.25853599998, "PAD_SQKM": 0.3765 }, "geometry": { "type": "MultiPolygon", "coordinates": [ [ [ [ 344530.480245720071252, 192152.749506210064283 ], [ 344530.039987561409362, 192151.600535674864659 ], [ 344528.510103948472533, 192151.420321767247515 ], [ 344441.698645720083732, 191933.470929588394938 ], [ 344421.439689950144384, 191885.971811341907596 ], [ 344362.389245655853301, 191755.062066672922811 ], [ 344342.408728123467881, 191709.000659527664538 ], [ 344321.058179423795082, 191659.672839859471424 ], [ 344298.898612647957634, 191608.331712409068132 ], [ 344286.237783354532439, 191566.743128730071476 ], [ 344273.867633900314104, 191508.981456311972579 ], [ 344271.2685825850931, 191444.193172980390955 ], [ 344268.108306308626197, 191401.252895172598073 ], [ 344253.52646714693401, 191359.561892413155874 ], [ 344222.126168107264675, 191269.583379302028334 ], [ 344210.584660646680277, 191257.194370548037114 ], [ 344179.376034176384564, 191223.694040796428453 ], [ 344156.59606903209351, 191199.243082237779163 ], [ 344103.776091642212123, 191228.814285707543604 ], [ 344111.847344648151193, 191251.344244736450491 ], [ 344119.347130025562365, 191248.972667106630979 ], [ 344130.535196203156374, 191285.692868114769226 ], [ 344133.996634578274097, 191297.053371140122181 ], [ 344130.636340742406901, 191298.117705035198014 ], [ 344128.817171388305724, 191298.693899882578989 ], [ 344133.452881556062493, 191311.623035762051586 ], [ 344135.876686928851996, 191318.383220545423683 ], [ 344142.423725868982729, 191337.055121191340731 ], [ 344158.036265239235945, 191381.582270948711084 ], [ 344167.446399713342544, 191405.219408634817228 ], [ 344193.997483593237121, 191471.913008931122022 ], [ 344220.496734964835923, 191536.84263301253668 ], [ 344248.187978816451505, 191605.132851599511923 ], [ 344249.770024193509016, 191609.038031480100472 ], [ 344269.936791353684384, 191602.612021326931426 ], [ 344305.00090952438768, 191686.737397066695848 ], [ 344286.300863080075942, 191692.382509936083807 ], [ 344289.439183332666289, 191699.471556893317029 ], [ 344310.039553538139444, 191749.051706928381464 ], [ 344325.65834480477497, 191786.642311573203187 ], [ 344383.59879371576244, 191921.500541965826415 ], [ 344390.48913464776706, 191937.206882730359212 ], [ 344418.159105317201465, 192000.280704017233802 ], [ 344420.348440034664236, 192005.091435959766386 ], [ 344434.231549795425963, 192048.969710026896792 ], [ 344440.189743544382509, 192067.800992150907405 ], [ 344444.689287407789379, 192114.609903660777491 ], [ 344445.760866298573092, 192125.796867343102349 ], [ 344446.690301856666338, 192135.499509432382183 ], [ 344448.029774926078971, 192191.360571460099891 ], [ 344448.279689522576518, 192201.580100328428671 ], [ 344447.440185549727175, 192248.520121578825638 ], [ 344446.469537890632637, 192298.880324342550011 ], [ 344446.039519215701148, 192304.659803337533958 ], [ 344440.940112238749862, 192367.940841372008435 ], [ 344438.475417272886261, 192400.974635714024771 ], [ 344435.289893967914395, 192443.669596731197089 ], [ 344434.089643687824719, 192459.852102325239684 ], [ 344431.501266339153517, 192494.748687620944111 ], [ 344423.100635054986924, 192579.439427711069584 ], [ 344421.851054445607588, 192586.09787555859657 ], [ 344418.881760309275705, 192601.92031101079192 ], [ 344416.070498791581485, 192612.13845001134905 ], [ 344414.161165434401482, 192619.078473922330886 ], [ 344406.057929463335313, 192637.044744309445377 ], [ 344400.251221780432388, 192649.919192665955052 ], [ 344300.071489984344225, 192805.329612124536652 ], [ 344291.669906020513736, 192814.807277393847471 ], [ 344284.160684416536242, 192823.278266080480535 ], [ 344325.352330143155996, 192871.639601293631131 ], [ 344392.35288365551969, 192926.519531400379492 ], [ 344469.503431600867771, 192993.718143395148218 ], [ 344558.823143994261045, 193056.767512006568722 ], [ 344611.352548482595012, 193089.38788624163135 ], [ 344622.252037250204012, 193094.407517928164452 ], [ 344781.322950186207891, 193220.82793210138334 ], [ 344797.854494566330686, 193247.718065765831852 ], [ 344813.384456070140004, 193248.057961665850598 ], [ 344834.645917190879118, 193245.962113756657345 ], [ 344844.444523003185168, 193244.996164653886808 ], [ 344850.146087777859066, 193245.2387296044908 ], [ 344864.22410449909512, 193245.83784163420205 ], [ 344875.284470505430363, 193244.700718864740338 ], [ 344892.253112882666755, 193242.95623352349503 ], [ 344896.942992168595083, 193222.646216125052888 ], [ 344906.124107101408299, 193190.576679649762809 ], [ 344907.823769962124061, 193150.317087459232425 ], [ 344883.513711947423872, 193059.427077904751059 ], [ 344866.293957064219285, 193001.948043941403739 ], [ 344854.583329334331211, 192962.657290940464009 ], [ 344847.093650361231994, 192924.597360438085161 ], [ 344839.431968470278662, 192862.807325696165208 ], [ 344831.422106800135225, 192824.618289893027395 ], [ 344815.752680760750081, 192765.978103201341582 ], [ 344795.141358530090656, 192709.099209591542603 ], [ 344790.953103104897309, 192697.548454716947163 ], [ 344757.631912801822182, 192632.987532046274282 ], [ 344707.232447103422601, 192574.038056153309299 ], [ 344702.640795679471921, 192568.55765667167725 ], [ 344666.612039778265171, 192493.44956885962165 ], [ 344623.331377465103287, 192416.469614353671204 ], [ 344603.049882738501765, 192377.709280589187983 ], [ 344590.051133886503521, 192351.669104486791184 ], [ 344574.230157932906877, 192314.698729428142542 ], [ 344562.140730060171336, 192281.359472040843684 ], [ 344554.880480283405632, 192259.689652176661184 ], [ 344547.179938324785326, 192236.750081520847743 ], [ 344536.34994054143317, 192192.369983906304697 ], [ 344530.179245205770712, 192155.569551825290546 ], [ 344530.480245720071252, 192152.749506210064283 ] ] ] ] } }
]
}
