{
"type": "FeatureCollection",
"name": "trl_pts",
"crs": { "type": "name", "properties": { "name": "urn:ogc:def:crs:ESRI::102008" } },
"features": [
{ "type": "Feature", "properties": { "siteID": "APPA-00090", "xcoord": 1480161.318186525, "ycoord": 93870.182746996172, "COMMENTS": null, "CL_2010": "Y", "deci_x": -77.590603101200003, "deci_y": 39.573465237800001 }, "geometry": { "type": "Point", "coordinates": [ 1480161.318186525022611, 93870.182746996186324 ] } },
{ "type": "Feature", "properties": { "siteID": "APPA-00154", "xcoord": 1481766.298561929, "ycoord": 100918.2604085099, "COMMENTS": null, "CL_2010": "Y", "deci_x": -77.554297931500003, "deci_y": 39.629485721400002 }, "geometry": { "type": "Point", "coordinates": [ 1481766.298561929259449, 100918.260408509901026 ] } },
{ "type": "Feature", "properties": { "siteID": "APPA-00202", "xcoord": 1479355.274967765, "ycoord": 68590.917654168283, "COMMENTS": null, "CL_2010": "Y", "deci_x": -77.660446450099997, "deci_y": 39.364367072199997 }, "geometry": { "type": "Point", "coordinates": [ 1479355.274967764737085, 68590.917654168282752 ] } },
{ "type": "Feature", "properties": { "siteID": "APPA-00218", "xcoord": 1480082.2999858761, "ycoord": 79715.790306613941, "COMMENTS": null, "CL_2010": "Y", "deci_x": -77.625257916099997, "deci_y": 39.455789393000003 }, "geometry": { "type": "Point", "coordinates": [ 1480082.299985876074061, 79715.790306613940629 ] } },
{ "type": "Feature", "properties": { "siteID": "APPA-00270", "xcoord": 1482419.411829174, "ycoord": 105248.6958946833, "COMMENTS": null, "CL_2010": "Y", "deci_x": -77.536004072500006, "deci_y": 39.664445563599998 }, "geometry": { "type": "Point", "coordinates": [ 1482419.411829174263403, 105248.695894683260121 ] } },
{ "type": "Feature", "properties": { "siteID": "APPA-00282", "xcoord": 1477015.1671800539, "ycoord": 63440.123582694927, "COMMENTS": "C&O Canal", "CL_2010": "Y", "deci_x": -77.700913878600005, "deci_y": 39.325295060199998 }, "geometry": { "type": "Point", "coordinates": [ 1477015.167180054355413, 63440.123582694934157 ] } },
{ "type": "Feature", "properties": { "siteID": "APPA-00346", "xcoord": 1480484.852023944, "ycoord": 91403.78183102273, "COMMENTS": null, "CL_2010": "Y", "deci_x": -77.592561486799994, "deci_y": 39.552410087200002 }, "geometry": { "type": "Point", "coordinates": [ 1480484.852023944025859, 91403.78183102273033 ] } },
{ "type": "Feature", "properties": { "siteID": "APPA-00394", "xcoord": 1479734.687623282, "ycoord": 75855.419983145635, "COMMENTS": null, "CL_2010": "Y", "deci_x": -77.638633206500003, "deci_y": 39.424223356 }, "geometry": { "type": "Point", "coordinates": [ 1479734.687623281730339, 75855.419983145635342 ] } },
{ "type": "Feature", "properties": { "siteID": "APPA-00410", "xcoord": 1479913.157839444, "ycoord": 89636.680793328094, "COMMENTS": null, "CL_2010": "Y", "deci_x": -77.603702754899999, "deci_y": 39.538638939499997 }, "geometry": { "type": "Point", "coordinates": [ 1479913.157839444000274, 89636.680793328094296 ] } },
{ "type": "Feature", "properties": { "siteID": "APPA-00458", "xcoord": 1478790.0769178581, "ycoord": 64943.642330905946, "COMMENTS": null, "CL_2010": "Y", "deci_x": -77.675911370099996, "deci_y": 39.334922908300001 }, "geometry": { "type": "Point", "coordinates": [ 1478790.07691785832867, 64943.642330905946437 ] } },
{ "type": "Feature", "properties": { "siteID": "APPA-00474", "xcoord": 1480135.8085024841, "ycoord": 83486.445702464815, "COMMENTS": null, "CL_2010": "Y", "deci_x": -77.615645164599997, "deci_y": 39.487087024200001 }, "geometry": { "type": "Point", "coordinates": [ 1480135.808502484112978, 83486.445702464814531 ] } },
{ "type": "Feature", "properties": { "siteID": "APPA-00526", "xcoord": 1482545.9293497701, "ycoord": 109371.7993647268, "COMMENTS": null, "CL_2010": "Y", "deci_x": -77.524585309200006, "deci_y": 39.698541630900003 }, "geometry": { "type": "Point", "coordinates": [ 1482545.929349770303816, 109371.799364726772183 ] } },
{ "type": "Feature", "properties": { "siteID": "APPA-00602", "xcoord": 1482712.2428360721, "ycoord": 102793.43414532729, "COMMENTS": null, "CL_2010": "Y", "deci_x": -77.538328915099996, "deci_y": 39.643536498899998 }, "geometry": { "type": "Point", "coordinates": [ 1482712.24283607234247, 102793.434145327293663 ] } },
{ "type": "Feature", "properties": { "siteID": "APPA-00650", "xcoord": 1479761.7799352559, "ycoord": 74829.762357626125, "COMMENTS": null, "CL_2010": "Y", "deci_x": -77.640739478, "deci_y": 39.415641181399998 }, "geometry": { "type": "Point", "coordinates": [ 1479761.779935256345198, 74829.762357626124867 ] } },
{ "type": "Feature", "properties": { "siteID": "APPA-00666", "xcoord": 1479225.7639772149, "ycoord": 86427.004447811763, "COMMENTS": null, "CL_2010": "Y", "deci_x": -77.619674162400003, "deci_y": 39.5130492523 }, "geometry": { "type": "Point", "coordinates": [ 1479225.763977215159684, 86427.004447811763384 ] } },
{ "type": "Feature", "properties": { "siteID": "APPA-00782", "xcoord": 1483132.5040845582, "ycoord": 111103.5497769972, "COMMENTS": null, "CL_2010": "Y", "deci_x": -77.513303846400007, "deci_y": 39.711985282599997 }, "geometry": { "type": "Point", "coordinates": [ 1483132.504084557527676, 111103.549776997155277 ] } },
{ "type": "Feature", "properties": { "siteID": "APPA-00858", "xcoord": 1480491.560089441, "ycoord": 98114.850586685425, "COMMENTS": null, "CL_2010": "Y", "deci_x": -77.576466835000005, "deci_y": 39.608247344699997 }, "geometry": { "type": "Point", "coordinates": [ 1480491.560089441016316, 98114.850586685424787 ] } },
{ "type": "Feature", "properties": { "siteID": "APPA-00906", "xcoord": 1479957.5537951989, "ycoord": 72663.427723916277, "COMMENTS": null, "CL_2010": "Y", "deci_x": -77.643510528999997, "deci_y": 39.397287846600001 }, "geometry": { "type": "Point", "coordinates": [ 1479957.5537951993756, 72663.427723916276591 ] } },
{ "type": "Feature", "properties": { "siteID": "APPA-00922", "xcoord": 1479821.5361502643, "ycoord": 78659.109783950465, "COMMENTS": null, "CL_2010": "Y", "deci_x": -77.630925043100007, "deci_y": 39.4474197535 }, "geometry": { "type": "Point", "coordinates": [ 1479821.536150264320895, 78659.109783950450947 ] } },
{ "type": "Feature", "properties": { "siteID": "APPA-01038", "xcoord": 1482373.691207557, "ycoord": 103475.36238649589, "COMMENTS": null, "CL_2010": "Y", "deci_x": -77.540806012199994, "deci_y": 39.649765987000002 }, "geometry": { "type": "Point", "coordinates": [ 1482373.691207556985319, 103475.362386495937244 ] } },
{ "type": "Feature", "properties": { "siteID": "APPA-01050", "xcoord": 1478142.9868242419, "ycoord": 64297.867380087962, "COMMENTS": null, "CL_2010": "Y", "deci_x": -77.685258354699997, "deci_y": 39.3306005102 }, "geometry": { "type": "Point", "coordinates": [ 1478142.986824241932482, 64297.867380087955098 ] } },
{ "type": "Feature", "properties": { "siteID": "APPA-01114", "xcoord": 1480530.10626653, "ycoord": 95472.053738796676, "COMMENTS": null, "CL_2010": "Y", "deci_x": -77.582308576900004, "deci_y": 39.5861920364 }, "geometry": { "type": "Point", "coordinates": [ 1480530.10626652976498, 95472.053738796676043 ] } },
{ "type": "Feature", "properties": { "siteID": "APPA-01178", "xcoord": 1480791.428128032, "ycoord": 100411.67545178732, "COMMENTS": null, "CL_2010": "Y", "deci_x": -77.567340679400004, "deci_y": 39.626868487499998 }, "geometry": { "type": "Point", "coordinates": [ 1480791.428128032246605, 100411.675451787275961 ] } },
{ "type": "Feature", "properties": { "siteID": "APPA-01226", "xcoord": 1479094.3296106297, "ycoord": 66995.763864970329, "COMMENTS": null, "CL_2010": "Y", "deci_x": -77.667378070699996, "deci_y": 39.351512291200002 }, "geometry": { "type": "Point", "coordinates": [ 1479094.329610630404204, 66995.76386497032945 ] } },
{ "type": "Feature", "properties": { "siteID": "APPA-01242", "xcoord": 1479681.6247479357, "ycoord": 80382.431178198094, "COMMENTS": null, "CL_2010": "Y", "deci_x": -77.628524660400004, "deci_y": 39.461992943299997 }, "geometry": { "type": "Point", "coordinates": [ 1479681.624747935915366, 80382.43117819809413 ] } },
{ "type": "Feature", "properties": { "siteID": "APPA-01294", "xcoord": 1482842.2198417911, "ycoord": 106519.96289732659, "COMMENTS": null, "CL_2010": "Y", "deci_x": -77.527823599300007, "deci_y": 39.674328438400003 }, "geometry": { "type": "Point", "coordinates": [ 1482842.219841790618375, 106519.962897326608072 ] } },
{ "type": "Feature", "properties": { "siteID": "APPA-01370", "xcoord": 1479961.588519736, "ycoord": 92354.702570772934, "COMMENTS": null, "CL_2010": "Y", "deci_x": -77.596638628799994, "deci_y": 39.561180117600003 }, "geometry": { "type": "Point", "coordinates": [ 1479961.58851973619312, 92354.702570772933541 ] } },
{ "type": "Feature", "properties": { "siteID": "APPA-01418", "xcoord": 1479578.72280664, "ycoord": 76353.442994694735, "COMMENTS": null, "CL_2010": "Y", "deci_x": -77.639338463100003, "deci_y": 39.428623690499997 }, "geometry": { "type": "Point", "coordinates": [ 1479578.722806639969349, 76353.442994694734807 ] } },
{ "type": "Feature", "properties": { "siteID": "APPA-01434", "xcoord": 1479496.1330230357, "ycoord": 88516.694879162751, "COMMENTS": null, "CL_2010": "Y", "deci_x": -77.611424398699995, "deci_y": 39.529999636900001 }, "geometry": { "type": "Point", "coordinates": [ 1479496.133023036178201, 88516.694879162751022 ] } },
{ "type": "Feature", "properties": { "siteID": "APPA-01482", "xcoord": 1478853.208303669, "ycoord": 66236.180319194973, "COMMENTS": null, "CL_2010": "Y", "deci_x": -77.6720903298, "deci_y": 39.345581377199998 }, "geometry": { "type": "Point", "coordinates": [ 1478853.208303669234738, 66236.180319194972981 ] } },
{ "type": "Feature", "properties": { "siteID": "APPA-01498", "xcoord": 1479979.7684692161, "ycoord": 81278.141780105114, "COMMENTS": null, "CL_2010": "Y", "deci_x": -77.622785991300006, "deci_y": 39.4689614113 }, "geometry": { "type": "Point", "coordinates": [ 1479979.768469216069207, 81278.141780105113867 ] } },
{ "type": "Feature", "properties": { "siteID": "APPA-01550", "xcoord": 1482338.2962636331, "ycoord": 109032.2652454644, "COMMENTS": null, "CL_2010": "Y", "deci_x": -77.527921916599993, "deci_y": 39.696057777 }, "geometry": { "type": "Point", "coordinates": [ 1482338.296263632830232, 109032.265245464383042 ] } },
{ "type": "Feature", "properties": { "siteID": "APPA-01626", "xcoord": 1482490.4896814481, "ycoord": 101261.4993038325, "COMMENTS": null, "CL_2010": "Y", "deci_x": -77.544687499299997, "deci_y": 39.6311538904 }, "geometry": { "type": "Point", "coordinates": [ 1482490.489681447623298, 101261.499303832504665 ] } },
{ "type": "Feature", "properties": { "siteID": "APPA-01674", "xcoord": 1479881.6726306679, "ycoord": 72134.538078619458, "COMMENTS": null, "CL_2010": "Y", "deci_x": -77.645682682200004, "deci_y": 39.393008864400002 }, "geometry": { "type": "Point", "coordinates": [ 1479881.672630667686462, 72134.538078619458247 ] } },
{ "type": "Feature", "properties": { "siteID": "APPA-01690", "xcoord": 1479979.5488676282, "ycoord": 83915.568557163919, "COMMENTS": null, "CL_2010": "Y", "deci_x": -77.616517016900005, "deci_y": 39.490914151699997 }, "geometry": { "type": "Point", "coordinates": [ 1479979.548867627512664, 83915.56855716391874 ] } },
{ "type": "Feature", "properties": { "siteID": "APPA-01806", "xcoord": 1482876.9502961079, "ycoord": 110212.36763610601, "COMMENTS": null, "CL_2010": "Y", "deci_x": -77.518547418300003, "deci_y": 39.704991069800002 }, "geometry": { "type": "Point", "coordinates": [ 1482876.950296107912436, 110212.367636106035206 ] } },
{ "type": "Feature", "properties": { "siteID": "APPA-01882", "xcoord": 1480544.8408980251, "ycoord": 98020.038253272505, "COMMENTS": null, "CL_2010": "Y", "deci_x": -77.576046799699995, "deci_y": 39.607371104599999 }, "geometry": { "type": "Point", "coordinates": [ 1480544.840898025082424, 98020.038253272490692 ] } },
{ "type": "Feature", "properties": { "siteID": "APPA-01930", "xcoord": 1479750.4656548181, "ycoord": 70458.573027938066, "COMMENTS": null, "CL_2010": "Y", "deci_x": -77.651242912699999, "deci_y": 39.379270832400003 }, "geometry": { "type": "Point", "coordinates": [ 1479750.465654817875475, 70458.573027938065934 ] } },
{ "type": "Feature", "properties": { "siteID": "APPA-01946", "xcoord": 1480426.439977685, "ycoord": 78813.063361065782, "COMMENTS": null, "CL_2010": "Y", "deci_x": -77.623237172900005, "deci_y": 39.447712978399998 }, "geometry": { "type": "Point", "coordinates": [ 1480426.439977684989572, 78813.063361065782374 ] } },
{ "type": "Feature", "properties": { "siteID": "APPA-02062", "xcoord": 1482471.175776555, "ycoord": 104577.7673494326, "COMMENTS": null, "CL_2010": "Y", "deci_x": -77.536982579500005, "deci_y": 39.658778349800002 }, "geometry": { "type": "Point", "coordinates": [ 1482471.175776554504409, 104577.767349432600895 ] } },
{ "type": "Feature", "properties": { "siteID": "APPA-02074", "xcoord": 1478353.1421824601, "ycoord": 64088.43105668838, "COMMENTS": "C&O Canal", "CL_2010": "Y", "deci_x": -77.683213964299995, "deci_y": 39.328514396700001 }, "geometry": { "type": "Point", "coordinates": [ 1478353.142182459821925, 64088.431056688379613 ] } },
{ "type": "Feature", "properties": { "siteID": "APPA-02138", "xcoord": 1480565.4678762332, "ycoord": 96274.20305889794, "COMMENTS": null, "CL_2010": "Y", "deci_x": -77.579965019599996, "deci_y": 39.592809346800003 }, "geometry": { "type": "Point", "coordinates": [ 1480565.467876233160496, 96274.203058897939627 ] } },
{ "type": "Feature", "properties": { "siteID": "APPA-02202", "xcoord": 1479892.244070736, "ycoord": 89494.440667721763, "COMMENTS": null, "CL_2010": "Y", "deci_x": -77.604295071799996, "deci_y": 39.537489344000001 }, "geometry": { "type": "Point", "coordinates": [ 1479892.244070735992864, 89494.44066772176302 ] } },
{ "type": "Feature", "properties": { "siteID": "APPA-02250", "xcoord": 1478762.7698239731, "ycoord": 65326.372647335222, "COMMENTS": null, "CL_2010": "Y", "deci_x": -77.675336002899996, "deci_y": 39.338153957700001 }, "geometry": { "type": "Point", "coordinates": [ 1478762.769823973299935, 65326.3726473352217 ] } },
{ "type": "Feature", "properties": { "siteID": "APPA-02266", "xcoord": 1480018.800689202, "ycoord": 82474.762255063761, "COMMENTS": null, "CL_2010": "Y", "deci_x": -77.619468338600001, "deci_y": 39.478857687999998 }, "geometry": { "type": "Point", "coordinates": [ 1480018.800689202034846, 82474.762255063760676 ] } },
{ "type": "Feature", "properties": { "siteID": "APPA-02318", "xcoord": 1482925.188221131, "ycoord": 106889.738680763, "COMMENTS": null, "CL_2010": "Y", "deci_x": -77.525929632499995, "deci_y": 39.677268688799998 }, "geometry": { "type": "Point", "coordinates": [ 1482925.188221130752936, 106889.738680762980948 ] } },
{ "type": "Feature", "properties": { "siteID": "APPA-02394", "xcoord": 1479777.802549992, "ycoord": 92889.666938718554, "COMMENTS": null, "CL_2010": "Y", "deci_x": -77.597591819499996, "deci_y": 39.5659328964 }, "geometry": { "type": "Point", "coordinates": [ 1479777.802549992222339, 92889.666938718553865 ] } },
{ "type": "Feature", "properties": { "siteID": "APPA-02442", "xcoord": 1479536.779530548, "ycoord": 77018.793743464092, "COMMENTS": null, "CL_2010": "Y", "deci_x": -77.638266697199995, "deci_y": 39.434230703799997 }, "geometry": { "type": "Point", "coordinates": [ 1479536.779530547559261, 77018.793743464091676 ] } },
{ "type": "Feature", "properties": { "siteID": "APPA-02458", "xcoord": 1479341.0682787171, "ycoord": 87668.341923929765, "COMMENTS": null, "CL_2010": "Y", "deci_x": -77.615323073300004, "deci_y": 39.523192434000002 }, "geometry": { "type": "Point", "coordinates": [ 1479341.068278716877103, 87668.341923929765471 ] } },
{ "type": "Feature", "properties": { "siteID": "APPA-02522", "xcoord": 1480291.848843907, "ycoord": 81795.018859431933, "COMMENTS": null, "CL_2010": "Y", "deci_x": -77.617778204700002, "deci_y": 39.4727536089 }, "geometry": { "type": "Point", "coordinates": [ 1480291.848843907238916, 81795.018859431933379 ] } },
{ "type": "Feature", "properties": { "siteID": "APPA-02574", "xcoord": 1482571.219219113, "ycoord": 108501.97159200029, "COMMENTS": null, "CL_2010": "Y", "deci_x": -77.526363826299999, "deci_y": 39.691263409299999 }, "geometry": { "type": "Point", "coordinates": [ 1482571.219219113234431, 108501.971592000263627 ] } },
{ "type": "Feature", "properties": { "siteID": "APPA-02650", "xcoord": 1480730.0907639663, "ycoord": 100061.4801752108, "COMMENTS": null, "CL_2010": "Y", "deci_x": -77.568921999599993, "deci_y": 39.624054988300003 }, "geometry": { "type": "Point", "coordinates": [ 1480730.090763965854421, 100061.480175210759626 ] } },
{ "type": "Feature", "properties": { "siteID": "APPA-02698", "xcoord": 1479847.415870189, "ycoord": 71133.433534654701, "COMMENTS": null, "CL_2010": "Y", "deci_x": -77.648470728099994, "deci_y": 39.3847307797 }, "geometry": { "type": "Point", "coordinates": [ 1479847.415870188735425, 71133.433534654701361 ] } },
{ "type": "Feature", "properties": { "siteID": "APPA-02714", "xcoord": 1479682.954222969, "ycoord": 84732.033541806057, "COMMENTS": null, "CL_2010": "Y", "deci_x": -77.618167508799999, "deci_y": 39.498194560500004 }, "geometry": { "type": "Point", "coordinates": [ 1479682.954222969245166, 84732.033541806056746 ] } },
{ "type": "Feature", "properties": { "siteID": "APPA-02762", "xcoord": 1475301.937902587, "ycoord": 62894.974217223491, "COMMENTS": null, "CL_2010": "Y", "deci_x": -77.72290316, "deci_y": 39.323542484199997 }, "geometry": { "type": "Point", "coordinates": [ 1475301.93790258676745, 62894.974217223490996 ] } },
{ "type": "Feature", "properties": { "siteID": "APPA-02842", "xcoord": 1480477.984808445, "ycoord": 95236.281779650526, "COMMENTS": null, "CL_2010": "Y", "deci_x": -77.583503429900006, "deci_y": 39.5843153466 }, "geometry": { "type": "Point", "coordinates": [ 1480477.984808444511145, 95236.281779650526005 ] } },
{ "type": "Feature", "properties": { "siteID": "APPA-02906", "xcoord": 1480529.5437206461, "ycoord": 97328.946845371276, "COMMENTS": null, "CL_2010": "Y", "deci_x": -77.577882688800003, "deci_y": 39.601645280900001 }, "geometry": { "type": "Point", "coordinates": [ 1480529.543720645830035, 97328.946845371261588 ] } },
{ "type": "Feature", "properties": { "siteID": "APPA-02954", "xcoord": 1479598.2829680981, "ycoord": 69305.9426409882, "COMMENTS": null, "CL_2010": "Y", "deci_x": -77.655814538900003, "deci_y": 39.369923415899997 }, "geometry": { "type": "Point", "coordinates": [ 1479598.282968098064885, 69305.942640988199855 ] } },
{ "type": "Feature", "properties": { "siteID": "APPA-02970", "xcoord": 1479628.180748661, "ycoord": 78114.371534809543, "COMMENTS": null, "CL_2010": "Y", "deci_x": -77.634559229700002, "deci_y": 39.443201161899999 }, "geometry": { "type": "Point", "coordinates": [ 1479628.18074866104871, 78114.371534809542936 ] } },
{ "type": "Feature", "properties": { "siteID": "APPA-03086", "xcoord": 1482621.8385166151, "ycoord": 105726.15753983321, "COMMENTS": null, "CL_2010": "Y", "deci_x": -77.532402151, "deci_y": 39.668085815700003 }, "geometry": { "type": "Point", "coordinates": [ 1482621.838516615098342, 105726.157539833162446 ] } },
{ "type": "Feature", "properties": { "siteID": "APPA-03098", "xcoord": 1476415.7118775521, "ycoord": 63346.42867041815, "COMMENTS": "C&O Canal", "CL_2010": "Y", "deci_x": -77.708378879199998, "deci_y": 39.325490339700004 }, "geometry": { "type": "Point", "coordinates": [ 1476415.711877551628277, 63346.428670418150432 ] } },
{ "type": "Feature", "properties": { "siteID": "APPA-03162", "xcoord": 1480331.439102313, "ycoord": 90458.620865681616, "COMMENTS": null, "CL_2010": "Y", "deci_x": -77.5966741732, "deci_y": 39.544795223900003 }, "geometry": { "type": "Point", "coordinates": [ 1480331.439102312782779, 90458.620865681616124 ] } },
{ "type": "Feature", "properties": { "siteID": "APPA-03226", "xcoord": 1479623.9188857379, "ycoord": 88919.183724337912, "COMMENTS": null, "CL_2010": "Y", "deci_x": -77.608917323, "deci_y": 39.533140504499997 }, "geometry": { "type": "Point", "coordinates": [ 1479623.918885738356039, 88919.183724337897729 ] } },
{ "type": "Feature", "properties": { "siteID": "APPA-03274", "xcoord": 1478479.6996327019, "ycoord": 64659.120901227019, "COMMENTS": null, "CL_2010": "Y", "deci_x": -77.680335159799995, "deci_y": 39.333059771099997 }, "geometry": { "type": "Point", "coordinates": [ 1478479.699632702162489, 64659.120901227019203 ] } },
{ "type": "Feature", "properties": { "siteID": "APPA-03290", "xcoord": 1480003.5632723351, "ycoord": 83854.495123952467, "COMMENTS": null, "CL_2010": "Y", "deci_x": -77.616371424500002, "deci_y": 39.490366568399999 }, "geometry": { "type": "Point", "coordinates": [ 1480003.563272334635258, 83854.495123952467111 ] } },
{ "type": "Feature", "properties": { "siteID": "APPA-03342", "xcoord": 1483048.4312882421, "ycoord": 108040.2934400731, "COMMENTS": null, "CL_2010": "Y", "deci_x": -77.521674176900007, "deci_y": 39.686638637500003 }, "geometry": { "type": "Point", "coordinates": [ 1483048.431288241874427, 108040.293440073073725 ] } },
{ "type": "Feature", "properties": { "siteID": "APPA-03418", "xcoord": 1482595.141442959, "ycoord": 102042.1883553879, "COMMENTS": null, "CL_2010": "Y", "deci_x": -77.541548826400003, "deci_y": 39.637477959199998 }, "geometry": { "type": "Point", "coordinates": [ 1482595.141442958498374, 102042.18835538791609 ] } },
{ "type": "Feature", "properties": { "siteID": "APPA-03466", "xcoord": 1479758.265093548, "ycoord": 74959.088856340793, "COMMENTS": null, "CL_2010": "Y", "deci_x": -77.640475120700003, "deci_y": 39.416723486800002 }, "geometry": { "type": "Point", "coordinates": [ 1479758.265093548223376, 74959.088856340793427 ] } },
{ "type": "Feature", "properties": { "siteID": "APPA-03482", "xcoord": 1479213.1434592358, "ycoord": 85816.32144010585, "COMMENTS": null, "CL_2010": "Y", "deci_x": -77.621279857000005, "deci_y": 39.507987089899999 }, "geometry": { "type": "Point", "coordinates": [ 1479213.143459236249328, 85816.321440105850343 ] } },
{ "type": "Feature", "properties": { "siteID": "APPA-03546", "xcoord": 1479653.6489206969, "ycoord": 80605.806544495834, "COMMENTS": null, "CL_2010": "Y", "deci_x": -77.628332593300001, "deci_y": 39.463897961000001 }, "geometry": { "type": "Point", "coordinates": [ 1479653.648920697392896, 80605.806544495833805 ] } },
{ "type": "Feature", "properties": { "siteID": "APPA-03598", "xcoord": 1482437.427566756, "ycoord": 108548.5012383033, "COMMENTS": null, "CL_2010": "Y", "deci_x": -77.527877509000007, "deci_y": 39.691870217500004 }, "geometry": { "type": "Point", "coordinates": [ 1482437.427566756261513, 108548.501238303288119 ] } },
{ "type": "Feature", "properties": { "siteID": "APPA-03674", "xcoord": 1480648.204570506, "ycoord": 99164.170187143784, "COMMENTS": null, "CL_2010": "Y", "deci_x": -77.5720597193, "deci_y": 39.616722473700001 }, "geometry": { "type": "Point", "coordinates": [ 1480648.204570506233722, 99164.170187143798103 ] } },
{ "type": "Feature", "properties": { "siteID": "APPA-03722", "xcoord": 1480064.0066922, "ycoord": 73747.167930491429, "COMMENTS": null, "CL_2010": "Y", "deci_x": -77.639651885700005, "deci_y": 39.406135731600003 }, "geometry": { "type": "Point", "coordinates": [ 1480064.00669219950214, 73747.167930491428706 ] } },
{ "type": "Feature", "properties": { "siteID": "APPA-03738", "xcoord": 1479254.3323147241, "ycoord": 84729.006641962042, "COMMENTS": "Washington Monument Trail", "CL_2010": "Y", "deci_x": -77.623366987599994, "deci_y": 39.4988698238 }, "geometry": { "type": "Point", "coordinates": [ 1479254.332314723636955, 84729.006641962041613 ] } },
{ "type": "Feature", "properties": { "siteID": "APPA-03866", "xcoord": 1479897.791973725, "ycoord": 93856.48893464428, "COMMENTS": null, "CL_2010": "Y", "deci_x": -77.593831582899995, "deci_y": 39.573782556300003 }, "geometry": { "type": "Point", "coordinates": [ 1479897.791973724961281, 93856.488934644279652 ] } },
{ "type": "Feature", "properties": { "siteID": "APPA-03930", "xcoord": 1481844.502189779, "ycoord": 101416.3442432579, "COMMENTS": null, "CL_2010": "Y", "deci_x": -77.552157366599999, "deci_y": 39.633501918699999 }, "geometry": { "type": "Point", "coordinates": [ 1481844.502189779421315, 101416.344243257874041 ] } },
{ "type": "Feature", "properties": { "siteID": "APPA-03978", "xcoord": 1479175.3074821699, "ycoord": 67566.194181456594, "COMMENTS": null, "CL_2010": "Y", "deci_x": -77.665048755699999, "deci_y": 39.356129367500003 }, "geometry": { "type": "Point", "coordinates": [ 1479175.307482169941068, 67566.194181456594379 ] } },
{ "type": "Feature", "properties": { "siteID": "APPA-03994", "xcoord": 1479779.022644606, "ycoord": 78627.196839515876, "COMMENTS": null, "CL_2010": "Y", "deci_x": -77.631515455499994, "deci_y": 39.447223553400001 }, "geometry": { "type": "Point", "coordinates": [ 1479779.022644606186077, 78627.196839515876491 ] } },
{ "type": "Feature", "properties": { "siteID": "APPA-04122", "xcoord": 1477427.8803296119, "ycoord": 63356.43333308764, "COMMENTS": "C&O Canal", "CL_2010": "Y", "deci_x": -77.6961245233, "deci_y": 39.323926442900003 }, "geometry": { "type": "Point", "coordinates": [ 1477427.880329612409696, 63356.433333087639767 ] } },
{ "type": "Feature", "properties": { "siteID": "APPA-04186", "xcoord": 1479853.3818531551, "ycoord": 93842.239322635898, "COMMENTS": null, "CL_2010": "Y", "deci_x": -77.5944041347, "deci_y": 39.5737366432 }, "geometry": { "type": "Point", "coordinates": [ 1479853.381853155326098, 93842.239322635898134 ] } },
{ "type": "Feature", "properties": { "siteID": "APPA-04250", "xcoord": 1480808.1441074761, "ycoord": 100535.19245531291, "COMMENTS": null, "CL_2010": "Y", "deci_x": -77.566842592, "deci_y": 39.627868886800002 }, "geometry": { "type": "Point", "coordinates": [ 1480808.144107476109639, 100535.192455312877428 ] } },
{ "type": "Feature", "properties": { "siteID": "APPA-04298", "xcoord": 1479439.790838016, "ycoord": 68793.896332636941, "COMMENTS": null, "CL_2010": "Y", "deci_x": -77.658943858900003, "deci_y": 39.365919072600001 }, "geometry": { "type": "Point", "coordinates": [ 1479439.790838016197085, 68793.896332636941224 ] } },
{ "type": "Feature", "properties": { "siteID": "APPA-04314", "xcoord": 1480191.0240842251, "ycoord": 79510.381373482349, "COMMENTS": null, "CL_2010": "Y", "deci_x": -77.624429840999994, "deci_y": 39.453901972300002 }, "geometry": { "type": "Point", "coordinates": [ 1480191.024084225064144, 79510.381373482348863 ] } },
{ "type": "Feature", "properties": { "siteID": "APPA-04366", "xcoord": 1482828.099386042, "ycoord": 106466.9383439582, "COMMENTS": null, "CL_2010": "Y", "deci_x": -77.528122171199996, "deci_y": 39.673910464099997 }, "geometry": { "type": "Point", "coordinates": [ 1482828.099386041518301, 106466.938343958230689 ] } },
{ "type": "Feature", "properties": { "siteID": "APPA-04378", "xcoord": 1477254.643328411, "ycoord": 63403.59815517602, "COMMENTS": "C&O Canal", "CL_2010": "Y", "deci_x": -77.698106406600004, "deci_y": 39.324601156100002 }, "geometry": { "type": "Point", "coordinates": [ 1477254.643328410573304, 63403.598155176019645 ] } },
{ "type": "Feature", "properties": { "siteID": "APPA-04442", "xcoord": 1480496.465149536, "ycoord": 91523.746094518996, "COMMENTS": null, "CL_2010": "Y", "deci_x": -77.592134691300004, "deci_y": 39.553389449500003 }, "geometry": { "type": "Point", "coordinates": [ 1480496.465149536030367, 91523.74609451899596 ] } },
{ "type": "Feature", "properties": { "siteID": "APPA-04490", "xcoord": 1479741.7399021389, "ycoord": 75751.197046852947, "COMMENTS": null, "CL_2010": "Y", "deci_x": -77.638795239199993, "deci_y": 39.423344258 }, "geometry": { "type": "Point", "coordinates": [ 1479741.739902139408514, 75751.197046852947096 ] } },
{ "type": "Feature", "properties": { "siteID": "APPA-04506", "xcoord": 1480253.2455827291, "ycoord": 89968.503616177011, "COMMENTS": null, "CL_2010": "Y", "deci_x": -77.598789967800002, "deci_y": 39.540844204800003 }, "geometry": { "type": "Point", "coordinates": [ 1480253.245582729112357, 89968.503616177011281 ] } },
{ "type": "Feature", "properties": { "siteID": "APPA-04554", "xcoord": 1478272.9008253608, "ycoord": 64603.384395526708, "COMMENTS": null, "CL_2010": "Y", "deci_x": -77.682966062099993, "deci_y": 39.3329326251 }, "geometry": { "type": "Point", "coordinates": [ 1478272.900825361022726, 64603.384395526707522 ] } },
{ "type": "Feature", "properties": { "siteID": "APPA-04570", "xcoord": 1479917.3197536008, "ycoord": 83079.597902341469, "COMMENTS": null, "CL_2010": "Y", "deci_x": -77.619259025299996, "deci_y": 39.484057826899999 }, "geometry": { "type": "Point", "coordinates": [ 1479917.31975360144861, 83079.597902341469307 ] } },
{ "type": "Feature", "properties": { "siteID": "APPA-04622", "xcoord": 1482613.6559639049, "ycoord": 109812.59247818909, "COMMENTS": null, "CL_2010": "Y", "deci_x": -77.522705332300006, "deci_y": 39.702097622399997 }, "geometry": { "type": "Point", "coordinates": [ 1482613.655963905388489, 109812.592478189137182 ] } },
{ "type": "Feature", "properties": { "siteID": "APPA-04698", "xcoord": 1482702.140390954, "ycoord": 102830.1360340065, "COMMENTS": null, "CL_2010": "Y", "deci_x": -77.538363670600006, "deci_y": 39.643858452899998 }, "geometry": { "type": "Point", "coordinates": [ 1482702.140390953747556, 102830.136034006485716 ] } },
{ "type": "Feature", "properties": { "siteID": "APPA-04746", "xcoord": 1479869.942680924, "ycoord": 71888.726190842324, "COMMENTS": null, "CL_2010": "Y", "deci_x": -77.646407462499994, "deci_y": 39.390981687299998 }, "geometry": { "type": "Point", "coordinates": [ 1479869.942680924432352, 71888.726190842324286 ] } },
{ "type": "Feature", "properties": { "siteID": "APPA-04762", "xcoord": 1479262.7629971029, "ycoord": 86928.22188341149, "COMMENTS": null, "CL_2010": "Y", "deci_x": -77.618033289899998, "deci_y": 39.517160438499999 }, "geometry": { "type": "Point", "coordinates": [ 1479262.762997102690861, 86928.221883411490126 ] } },
{ "type": "Feature", "properties": { "siteID": "APPA-04878", "xcoord": 1483074.3204413929, "ycoord": 111073.79764864148, "COMMENTS": null, "CL_2010": "Y", "deci_x": -77.514082242000001, "deci_y": 39.711833372400001 }, "geometry": { "type": "Point", "coordinates": [ 1483074.320441392948851, 111073.797648641455453 ] } },
{ "type": "Feature", "properties": { "siteID": "APPA-04954", "xcoord": 1480538.188804138, "ycoord": 97923.414288010143, "COMMENTS": null, "CL_2010": "Y", "deci_x": -77.576358261300001, "deci_y": 39.606577952800002 }, "geometry": { "type": "Point", "coordinates": [ 1480538.188804137520492, 97923.414288010142627 ] } },
{ "type": "Feature", "properties": { "siteID": "APPA-05002", "xcoord": 1479802.8852366831, "ycoord": 70718.226666227958, "COMMENTS": null, "CL_2010": "Y", "deci_x": -77.649993547199998, "deci_y": 39.381346896300002 }, "geometry": { "type": "Point", "coordinates": [ 1479802.885236683301628, 70718.226666227958049 ] } },
{ "type": "Feature", "properties": { "siteID": "APPA-05018", "xcoord": 1480441.1355799639, "ycoord": 78939.636896625641, "COMMENTS": null, "CL_2010": "Y", "deci_x": -77.622758505099995, "deci_y": 39.448742535100003 }, "geometry": { "type": "Point", "coordinates": [ 1480441.135579963680357, 78939.636896625641384 ] } },
{ "type": "Feature", "properties": { "siteID": "APPA-05134", "xcoord": 1482562.7617903193, "ycoord": 104828.93470959101, "COMMENTS": null, "CL_2010": "Y", "deci_x": -77.535268958399996, "deci_y": 39.660717790699998 }, "geometry": { "type": "Point", "coordinates": [ 1482562.7617903186474, 104828.934709591034334 ] } },
{ "type": "Feature", "properties": { "siteID": "APPA-05146", "xcoord": 1478021.825465874, "ycoord": 63628.158218553734, "COMMENTS": "C&O Canal", "CL_2010": "Y", "deci_x": -77.688305544499997, "deci_y": 39.3252217804 }, "geometry": { "type": "Point", "coordinates": [ 1478021.825465873582289, 63628.15821855374088 ] } },
{ "type": "Feature", "properties": { "siteID": "APPA-05210", "xcoord": 1480584.269898003, "ycoord": 95622.331673217428, "COMMENTS": null, "CL_2010": "Y", "deci_x": -77.581292941300006, "deci_y": 39.587353913699999 }, "geometry": { "type": "Point", "coordinates": [ 1480584.269898003200069, 95622.331673217428033 ] } },
{ "type": "Feature", "properties": { "siteID": "APPA-05274", "xcoord": 1480789.837995098, "ycoord": 100435.9190436528, "COMMENTS": null, "CL_2010": "Y", "deci_x": -77.567302035400004, "deci_y": 39.627072825500001 }, "geometry": { "type": "Point", "coordinates": [ 1480789.837995098438114, 100435.91904365280061 ] } },
{ "type": "Feature", "properties": { "siteID": "APPA-05322", "xcoord": 1479095.657860327, "ycoord": 67060.387780040284, "COMMENTS": null, "CL_2010": "Y", "deci_x": -77.667209037700005, "deci_y": 39.352048153799998 }, "geometry": { "type": "Point", "coordinates": [ 1479095.657860326813534, 67060.387780040284269 ] } },
{ "type": "Feature", "properties": { "siteID": "APPA-05338", "xcoord": 1479881.5122228302, "ycoord": 80079.750867147697, "COMMENTS": null, "CL_2010": "Y", "deci_x": -77.626823851599994, "deci_y": 39.459146959599998 }, "geometry": { "type": "Point", "coordinates": [ 1479881.512222829973325, 80079.750867147697136 ] } },
{ "type": "Feature", "properties": { "siteID": "APPA-05390", "xcoord": 1482173.9681886239, "ycoord": 103817.72488237011, "COMMENTS": null, "CL_2010": "Y", "deci_x": -77.542411041099996, "deci_y": 39.652942290399999 }, "geometry": { "type": "Point", "coordinates": [ 1482173.968188624130562, 103817.724882370108389 ] } },
{ "type": "Feature", "properties": { "siteID": "APPA-05466", "xcoord": 1480089.569800535, "ycoord": 92185.435596019714, "COMMENTS": null, "CL_2010": "Y", "deci_x": -77.595490397800006, "deci_y": 39.559562033 }, "geometry": { "type": "Point", "coordinates": [ 1480089.569800535449758, 92185.435596019713557 ] } },
{ "type": "Feature", "properties": { "siteID": "APPA-05514", "xcoord": 1479551.9186545, "ycoord": 76681.196869705062, "COMMENTS": null, "CL_2010": "Y", "deci_x": -77.638884869799995, "deci_y": 39.431395758299999 }, "geometry": { "type": "Point", "coordinates": [ 1479551.918654500041157, 76681.196869705061545 ] } },
{ "type": "Feature", "properties": { "siteID": "APPA-05530", "xcoord": 1479449.70915001, "ycoord": 88101.692962321395, "COMMENTS": null, "CL_2010": "Y", "deci_x": -77.612974996600002, "deci_y": 39.526621557600002 }, "geometry": { "type": "Point", "coordinates": [ 1479449.709150010254234, 88101.692962321394589 ] } },
{ "type": "Feature", "properties": { "siteID": "APPA-05578", "xcoord": 1478890.2923259251, "ycoord": 66433.298655562801, "COMMENTS": null, "CL_2010": "Y", "deci_x": -77.671175628, "deci_y": 39.347162068499998 }, "geometry": { "type": "Point", "coordinates": [ 1478890.292325925081968, 66433.298655562801287 ] } },
{ "type": "Feature", "properties": { "siteID": "APPA-05594", "xcoord": 1479975.610055157, "ycoord": 81180.18940091056, "COMMENTS": null, "CL_2010": "Y", "deci_x": -77.623069185899993, "deci_y": 39.468152892100001 }, "geometry": { "type": "Point", "coordinates": [ 1479975.610055156983435, 81180.189400910559925 ] } },
{ "type": "Feature", "properties": { "siteID": "APPA-05646", "xcoord": 1482697.4262455832, "ycoord": 108747.98658916799, "COMMENTS": null, "CL_2010": "Y", "deci_x": -77.524240817600003, "deci_y": 39.693102922400001 }, "geometry": { "type": "Point", "coordinates": [ 1482697.426245582755655, 108747.986589167965576 ] } },
{ "type": "Feature", "properties": { "siteID": "APPA-05722", "xcoord": 1482612.0425211829, "ycoord": 101262.3544226543, "COMMENTS": null, "CL_2010": "Y", "deci_x": -77.543210207800001, "deci_y": 39.630961574399997 }, "geometry": { "type": "Point", "coordinates": [ 1482612.042521183146164, 101262.354422654301743 ] } },
{ "type": "Feature", "properties": { "siteID": "APPA-05770", "xcoord": 1479855.73027045, "ycoord": 70971.903109850275, "COMMENTS": null, "CL_2010": "Y", "deci_x": -77.648753127199996, "deci_y": 39.383372489899998 }, "geometry": { "type": "Point", "coordinates": [ 1479855.730270449770615, 70971.903109850274632 ] } },
{ "type": "Feature", "properties": { "siteID": "APPA-05786", "xcoord": 1479870.1195727531, "ycoord": 84390.322238651701, "COMMENTS": null, "CL_2010": "Y", "deci_x": -77.616713162699995, "deci_y": 39.495044505199999 }, "geometry": { "type": "Point", "coordinates": [ 1479870.119572752853855, 84390.3222386517009 ] } },
{ "type": "Feature", "properties": { "siteID": "APPA-05834", "xcoord": 1475593.78324078, "ycoord": 62998.819434648693, "COMMENTS": "C&O Canal", "CL_2010": "Y", "deci_x": -77.719131503, "deci_y": 39.323932708500003 }, "geometry": { "type": "Point", "coordinates": [ 1475593.783240780234337, 62998.81943464869255 ] } },
{ "type": "Feature", "properties": { "siteID": "APPA-05902", "xcoord": 1482800.4785693069, "ycoord": 110099.734894831, "COMMENTS": null, "CL_2010": "Y", "deci_x": -77.519746743900001, "deci_y": 39.704179646500002 }, "geometry": { "type": "Point", "coordinates": [ 1482800.478569307131693, 110099.734894830966368 ] } },
{ "type": "Feature", "properties": { "siteID": "APPA-05978", "xcoord": 1480520.8906360711, "ycoord": 97542.477367650456, "COMMENTS": null, "CL_2010": "Y", "deci_x": -77.577477803199997, "deci_y": 39.603436341699997 }, "geometry": { "type": "Point", "coordinates": [ 1480520.890636071097106, 97542.477367650455562 ] } },
{ "type": "Feature", "properties": { "siteID": "APPA-06026", "xcoord": 1479740.198054912, "ycoord": 70411.763316244367, "COMMENTS": null, "CL_2010": "Y", "deci_x": -77.651478022700005, "deci_y": 39.378897897000002 }, "geometry": { "type": "Point", "coordinates": [ 1479740.198054912034422, 70411.763316244367161 ] } },
{ "type": "Feature", "properties": { "siteID": "APPA-06042", "xcoord": 1479593.2090224409, "ycoord": 77997.487760139295, "COMMENTS": null, "CL_2010": "Y", "deci_x": -77.635260079299997, "deci_y": 39.442285327500002 }, "geometry": { "type": "Point", "coordinates": [ 1479593.209022441180423, 77997.487760139294551 ] } },
{ "type": "Feature", "properties": { "siteID": "APPA-06158", "xcoord": 1482551.667041433, "ycoord": 104735.2489172054, "COMMENTS": null, "CL_2010": "Y", "deci_x": -77.535628077799998, "deci_y": 39.659956518199998 }, "geometry": { "type": "Point", "coordinates": [ 1482551.667041433043778, 104735.248917205419275 ] } },
{ "type": "Feature", "properties": { "siteID": "APPA-06170", "xcoord": 1478359.625755335, "ycoord": 64095.612338616796, "COMMENTS": "C&O Canal", "CL_2010": "Y", "deci_x": -77.683118638500005, "deci_y": 39.328563626200001 }, "geometry": { "type": "Point", "coordinates": [ 1478359.625755335204303, 64095.612338616803754 ] } },
{ "type": "Feature", "properties": { "siteID": "APPA-06234", "xcoord": 1480603.1383700811, "ycoord": 96497.243610855163, "COMMENTS": null, "CL_2010": "Y", "deci_x": -77.578975603700002, "deci_y": 39.594603708299999 }, "geometry": { "type": "Point", "coordinates": [ 1480603.13837008131668, 96497.243610855162842 ] } },
{ "type": "Feature", "properties": { "siteID": "APPA-06298", "xcoord": 1479794.2687213661, "ycoord": 89392.534663784143, "COMMENTS": null, "CL_2010": "Y", "deci_x": -77.605725329600006, "deci_y": 39.5368014624 }, "geometry": { "type": "Point", "coordinates": [ 1479794.268721365835518, 89392.534663784143049 ] } },
{ "type": "Feature", "properties": { "siteID": "APPA-06346", "xcoord": 1478760.8991405659, "ycoord": 65818.417306659627, "COMMENTS": null, "CL_2010": "Y", "deci_x": -77.6741945216, "deci_y": 39.342253659900003 }, "geometry": { "type": "Point", "coordinates": [ 1478760.899140565888956, 65818.417306659626774 ] } },
{ "type": "Feature", "properties": { "siteID": "APPA-06362", "xcoord": 1479991.565322258, "ycoord": 82556.081633000547, "COMMENTS": null, "CL_2010": "Y", "deci_x": -77.619604794899999, "deci_y": 39.479579055000002 }, "geometry": { "type": "Point", "coordinates": [ 1479991.565322258044034, 82556.081633000547299 ] } },
{ "type": "Feature", "properties": { "siteID": "APPA-06414", "xcoord": 1482993.573625193, "ycoord": 107390.92663353559, "COMMENTS": null, "CL_2010": "Y", "deci_x": -77.523897543499999, "deci_y": 39.681326175599999 }, "geometry": { "type": "Point", "coordinates": [ 1482993.573625193210319, 107390.926633535607834 ] } },
{ "type": "Feature", "properties": { "siteID": "APPA-06490", "xcoord": 1479722.9656121409, "ycoord": 93322.204467988631, "COMMENTS": null, "CL_2010": "Y", "deci_x": -77.597225616900005, "deci_y": 39.569622260899997 }, "geometry": { "type": "Point", "coordinates": [ 1479722.965612140716985, 93322.204467988631222 ] } },
{ "type": "Feature", "properties": { "siteID": "APPA-06538", "xcoord": 1479744.03393223, "ycoord": 75224.111620147713, "COMMENTS": null, "CL_2010": "Y", "deci_x": -77.640018398400002, "deci_y": 39.418952873899997 }, "geometry": { "type": "Point", "coordinates": [ 1479744.033932229503989, 75224.111620147712529 ] } },
{ "type": "Feature", "properties": { "siteID": "APPA-06554", "xcoord": 1479294.8473844731, "ycoord": 87222.596802937187, "COMMENTS": null, "CL_2010": "Y", "deci_x": -77.616944008000004, "deci_y": 39.519558077200003 }, "geometry": { "type": "Point", "coordinates": [ 1479294.847384472610429, 87222.596802937187022 ] } },
{ "type": "Feature", "properties": { "siteID": "APPA-06618", "xcoord": 1480323.267223231, "ycoord": 81445.434691240822, "COMMENTS": null, "CL_2010": "Y", "deci_x": -77.618229019400005, "deci_y": 39.469792503199997 }, "geometry": { "type": "Point", "coordinates": [ 1480323.267223231028765, 81445.434691240821849 ] } },
{ "type": "Feature", "properties": { "siteID": "APPA-06670", "xcoord": 1482450.3911686479, "ycoord": 108498.34976492242, "COMMENTS": null, "CL_2010": "Y", "deci_x": -77.5278402685, "deci_y": 39.691431683399998 }, "geometry": { "type": "Point", "coordinates": [ 1482450.3911686479114, 108498.349764922444592 ] } },
{ "type": "Feature", "properties": { "siteID": "APPA-06746", "xcoord": 1480730.47959646, "ycoord": 99783.698236757875, "COMMENTS": null, "CL_2010": "Y", "deci_x": -77.569581073699993, "deci_y": 39.621742891099998 }, "geometry": { "type": "Point", "coordinates": [ 1480730.479596460005268, 99783.698236757874838 ] } },
{ "type": "Feature", "properties": { "siteID": "APPA-06794", "xcoord": 1480067.8865978981, "ycoord": 73575.8230402841, "COMMENTS": null, "CL_2010": "Y", "deci_x": -77.640011490800006, "deci_y": 39.404703034999997 }, "geometry": { "type": "Point", "coordinates": [ 1480067.886597897624597, 73575.823040284099989 ] } },
{ "type": "Feature", "properties": { "siteID": "APPA-06810", "xcoord": 1479286.878784488, "ycoord": 84918.986520903898, "COMMENTS": "Washington Monument Trail", "CL_2010": "Y", "deci_x": -77.622520898000005, "deci_y": 39.500397896099997 }, "geometry": { "type": "Point", "coordinates": [ 1479286.878784487489611, 84918.986520903898054 ] } },
{ "type": "Feature", "properties": { "siteID": "APPA-06938", "xcoord": 1480459.5736511471, "ycoord": 95220.625342133339, "COMMENTS": null, "CL_2010": "Y", "deci_x": -77.583764099299998, "deci_y": 39.584215202199999 }, "geometry": { "type": "Point", "coordinates": [ 1480459.573651146842167, 95220.625342133338563 ] } },
{ "type": "Feature", "properties": { "siteID": "APPA-07002", "xcoord": 1482203.866781876, "ycoord": 101358.09278028811, "COMMENTS": null, "CL_2010": "Y", "deci_x": -77.547935062400001, "deci_y": 39.632427811600003 }, "geometry": { "type": "Point", "coordinates": [ 1482203.866781876422465, 101358.092780288076028 ] } },
{ "type": "Feature", "properties": { "siteID": "APPA-07050", "xcoord": 1479715.9012661141, "ycoord": 69821.256573448234, "COMMENTS": null, "CL_2010": "Y", "deci_x": -77.653171320300004, "deci_y": 39.374021562499998 }, "geometry": { "type": "Point", "coordinates": [ 1479715.901266114087775, 69821.256573448234121 ] } },
{ "type": "Feature", "properties": { "siteID": "APPA-07066", "xcoord": 1479606.7918874321, "ycoord": 78430.927494285774, "COMMENTS": null, "CL_2010": "Y", "deci_x": -77.634066376099994, "deci_y": 39.445871109700001 }, "geometry": { "type": "Point", "coordinates": [ 1479606.791887431871146, 78430.927494285773719 ] } },
{ "type": "Feature", "properties": { "siteID": "APPA-07182", "xcoord": 1482544.1802857288, "ycoord": 105193.01006893349, "COMMENTS": null, "CL_2010": "Y", "deci_x": -77.534622451700002, "deci_y": 39.663777455599998 }, "geometry": { "type": "Point", "coordinates": [ 1482544.180285728769377, 105193.010068933464936 ] } },
{ "type": "Feature", "properties": { "siteID": "APPA-07194", "xcoord": 1476197.244494434, "ycoord": 63259.821052670362, "COMMENTS": "C&O Canal", "CL_2010": "Y", "deci_x": -77.7112233008, "deci_y": 39.325124586699999 }, "geometry": { "type": "Point", "coordinates": [ 1476197.244494434446096, 63259.821052670362405 ] } },
{ "type": "Feature", "properties": { "siteID": "APPA-07258", "xcoord": 1480368.8631690871, "ycoord": 90868.72202602851, "COMMENTS": null, "CL_2010": "Y", "deci_x": -77.595243077500001, "deci_y": 39.548146988399999 }, "geometry": { "type": "Point", "coordinates": [ 1480368.863169087097049, 90868.7220260285103 ] } },
{ "type": "Feature", "properties": { "siteID": "APPA-07322", "xcoord": 1480186.517254547, "ycoord": 89829.77675748567, "COMMENTS": null, "CL_2010": "Y", "deci_x": -77.599929340299994, "deci_y": 39.539798824000002 }, "geometry": { "type": "Point", "coordinates": [ 1480186.517254547215998, 89829.776757485669805 ] } },
{ "type": "Feature", "properties": { "siteID": "APPA-07370", "xcoord": 1478778.206398272, "ycoord": 65065.693786954558, "COMMENTS": null, "CL_2010": "Y", "deci_x": -77.675766111200005, "deci_y": 39.3359584349 }, "geometry": { "type": "Point", "coordinates": [ 1478778.20639827218838, 65065.693786954558163 ] } },
{ "type": "Feature", "properties": { "siteID": "APPA-07386", "xcoord": 1480039.6228347989, "ycoord": 83815.511275277429, "COMMENTS": null, "CL_2010": "Y", "deci_x": -77.616027395900005, "deci_y": 39.489983152400001 }, "geometry": { "type": "Point", "coordinates": [ 1480039.622834799112752, 83815.511275277429377 ] } },
{ "type": "Feature", "properties": { "siteID": "APPA-07438", "xcoord": 1483042.518365535, "ycoord": 108007.1341119407, "COMMENTS": null, "CL_2010": "Y", "deci_x": -77.521825515499998, "deci_y": 39.686372474099997 }, "geometry": { "type": "Point", "coordinates": [ 1483042.518365534488112, 108007.134111940715229 ] } },
{ "type": "Feature", "properties": { "siteID": "APPA-07514", "xcoord": 1482588.5760606769, "ycoord": 102132.5538714531, "COMMENTS": null, "CL_2010": "Y", "deci_x": -77.541412205900002, "deci_y": 39.638240619199998 }, "geometry": { "type": "Point", "coordinates": [ 1482588.576060676947236, 102132.553871453128522 ] } },
{ "type": "Feature", "properties": { "siteID": "APPA-07562", "xcoord": 1479799.0293963477, "ycoord": 74588.117468735945, "COMMENTS": null, "CL_2010": "Y", "deci_x": -77.640862192399993, "deci_y": 39.413568811200001 }, "geometry": { "type": "Point", "coordinates": [ 1479799.029396348400041, 74588.117468735945295 ] } },
{ "type": "Feature", "properties": { "siteID": "APPA-07578", "xcoord": 1479314.914571268, "ycoord": 85521.142247950702, "COMMENTS": null, "CL_2010": "Y", "deci_x": -77.620749012199994, "deci_y": 39.505363953299998 }, "geometry": { "type": "Point", "coordinates": [ 1479314.914571268251166, 85521.142247950701858 ] } },
{ "type": "Feature", "properties": { "siteID": "APPA-07694", "xcoord": 1483104.179746246, "ycoord": 108381.93334952521, "COMMENTS": null, "CL_2010": "Y", "deci_x": -77.520177692700003, "deci_y": 39.689389395699997 }, "geometry": { "type": "Point", "coordinates": [ 1483104.179746246198192, 108381.93334952519217 ] } },
{ "type": "Feature", "properties": { "siteID": "APPA-07770", "xcoord": 1480639.0486592881, "ycoord": 99106.536756020418, "COMMENTS": null, "CL_2010": "Y", "deci_x": -77.572308509799996, "deci_y": 39.616257891399997 }, "geometry": { "type": "Point", "coordinates": [ 1480639.048659288091585, 99106.53675602041767 ] } },
{ "type": "Feature", "properties": { "siteID": "APPA-07818", "xcoord": 1480061.77131298, "ycoord": 73678.499633935411, "COMMENTS": null, "CL_2010": "Y", "deci_x": -77.639841854699995, "deci_y": 39.405567752000003 }, "geometry": { "type": "Point", "coordinates": [ 1480061.771312979981303, 73678.499633935411111 ] } },
{ "type": "Feature", "properties": { "siteID": "APPA-07834", "xcoord": 1479561.0293730029, "ycoord": 84716.637493867151, "COMMENTS": null, "CL_2010": "Y", "deci_x": -77.619681103299996, "deci_y": 39.498265686099998 }, "geometry": { "type": "Point", "coordinates": [ 1479561.029373002704233, 84716.637493867150624 ] } },
{ "type": "Feature", "properties": { "siteID": "APPA-07950", "xcoord": 1483426.794592117, "ycoord": 111935.94481484858, "COMMENTS": null, "CL_2010": "Y", "deci_x": -77.5077295591, "deci_y": 39.718426510800001 }, "geometry": { "type": "Point", "coordinates": [ 1483426.794592116959393, 111935.944814848640817 ] } },
{ "type": "Feature", "properties": { "siteID": "APPA-07962", "xcoord": 1479888.0647505629, "ycoord": 93854.77866364512, "COMMENTS": null, "CL_2010": "Y", "deci_x": -77.593953625500006, "deci_y": 39.573784241200002 }, "geometry": { "type": "Point", "coordinates": [ 1479888.0647505633533, 93854.778663645120105 ] } },
{ "type": "Feature", "properties": { "siteID": "APPA-08026", "xcoord": 1481951.1497769961, "ycoord": 101504.2495838411, "COMMENTS": null, "CL_2010": "Y", "deci_x": -77.550652650900005, "deci_y": 39.634058448399998 }, "geometry": { "type": "Point", "coordinates": [ 1481951.149776995647699, 101504.249583841112326 ] } },
{ "type": "Feature", "properties": { "siteID": "APPA-08074", "xcoord": 1479184.4472572119, "ycoord": 67638.207198708958, "COMMENTS": null, "CL_2010": "Y", "deci_x": -77.664767765600004, "deci_y": 39.356714004099999 }, "geometry": { "type": "Point", "coordinates": [ 1479184.447257212130353, 67638.207198708958458 ] } },
{ "type": "Feature", "properties": { "siteID": "APPA-08090", "xcoord": 1480451.6762354902, "ycoord": 79023.180360005877, "COMMENTS": null, "CL_2010": "Y", "deci_x": -77.622432377500004, "deci_y": 39.449420706600002 }, "geometry": { "type": "Point", "coordinates": [ 1480451.676235490245745, 79023.180360005877446 ] } },
{ "type": "Feature", "properties": { "siteID": "APPA-08206", "xcoord": 1482253.15431482, "ycoord": 104027.6453757876, "COMMENTS": null, "CL_2010": "Y", "deci_x": -77.540947045699994, "deci_y": 39.654558971299998 }, "geometry": { "type": "Point", "coordinates": [ 1482253.154314819956198, 104027.645375787600642 ] } },
{ "type": "Feature", "properties": { "siteID": "APPA-08218", "xcoord": 1477562.3783730031, "ycoord": 63342.456644686812, "COMMENTS": "C&O Canal", "CL_2010": "Y", "deci_x": -77.694532359199997, "deci_y": 39.3235911051 }, "geometry": { "type": "Point", "coordinates": [ 1477562.378373002866283, 63342.456644686812069 ] } },
{ "type": "Feature", "properties": { "siteID": "APPA-08282", "xcoord": 1480506.216316168, "ycoord": 95274.733844985327, "COMMENTS": null, "CL_2010": "Y", "deci_x": -77.583069248900003, "deci_y": 39.584589110700001 }, "geometry": { "type": "Point", "coordinates": [ 1480506.216316168196499, 95274.733844985326868 ] } },
{ "type": "Feature", "properties": { "siteID": "APPA-08346", "xcoord": 1481136.0902661979, "ycoord": 100809.09951883359, "COMMENTS": null, "CL_2010": "Y", "deci_x": -77.562207635999997, "deci_y": 39.629610597000003 }, "geometry": { "type": "Point", "coordinates": [ 1481136.090266198152676, 100809.09951883359463 ] } },
{ "type": "Feature", "properties": { "siteID": "APPA-08394", "xcoord": 1479106.4827460709, "ycoord": 67153.092450296914, "COMMENTS": null, "CL_2010": "Y", "deci_x": -77.666858731900007, "deci_y": 39.352802318899997 }, "geometry": { "type": "Point", "coordinates": [ 1479106.482746070949361, 67153.092450296913739 ] } },
{ "type": "Feature", "properties": { "siteID": "APPA-08410", "xcoord": 1479753.952774693, "ycoord": 80191.665012575875, "COMMENTS": null, "CL_2010": "Y", "deci_x": -77.628102263499997, "deci_y": 39.460286897800003 }, "geometry": { "type": "Point", "coordinates": [ 1479753.952774693258107, 80191.665012575875153 ] } },
{ "type": "Feature", "properties": { "siteID": "APPA-08462", "xcoord": 1482815.82829766, "ycoord": 106333.32035420369, "COMMENTS": null, "CL_2010": "Y", "deci_x": -77.528591437499998, "deci_y": 39.672818919599997 }, "geometry": { "type": "Point", "coordinates": [ 1482815.828297659521922, 106333.320354203737224 ] } },
{ "type": "Feature", "properties": { "siteID": "APPA-08538", "xcoord": 1479964.604952517, "ycoord": 92352.418956557813, "COMMENTS": null, "CL_2010": "Y", "deci_x": -77.596607498500006, "deci_y": 39.561156177400001 }, "geometry": { "type": "Point", "coordinates": [ 1479964.604952517431229, 92352.418956557812635 ] } },
{ "type": "Feature", "properties": { "siteID": "APPA-08586", "xcoord": 1479624.2967451133, "ycoord": 76191.821828031476, "COMMENTS": null, "CL_2010": "Y", "deci_x": -77.639170575999998, "deci_y": 39.427203902700001 }, "geometry": { "type": "Point", "coordinates": [ 1479624.296745113329962, 76191.821828031475889 ] } },
{ "type": "Feature", "properties": { "siteID": "APPA-08602", "xcoord": 1479438.2071076571, "ycoord": 88456.60697353282, "COMMENTS": null, "CL_2010": "Y", "deci_x": -77.612269485599995, "deci_y": 39.529594243299996 }, "geometry": { "type": "Point", "coordinates": [ 1479438.207107657101005, 88456.60697353282012 ] } },
{ "type": "Feature", "properties": { "siteID": "APPA-08650", "xcoord": 1478782.2066570669, "ycoord": 64974.634493419187, "COMMENTS": null, "CL_2010": "Y", "deci_x": -77.675933170099995, "deci_y": 39.335193770399997 }, "geometry": { "type": "Point", "coordinates": [ 1478782.2066570664756, 64974.634493419180217 ] } },
{ "type": "Feature", "properties": { "siteID": "APPA-08666", "xcoord": 1479968.447342963, "ycoord": 81230.136844083056, "COMMENTS": null, "CL_2010": "Y", "deci_x": -77.623037185399994, "deci_y": 39.468580338099997 }, "geometry": { "type": "Point", "coordinates": [ 1479968.447342963190749, 81230.136844083055621 ] } },
{ "type": "Feature", "properties": { "siteID": "APPA-08718", "xcoord": 1482364.6453488159, "ycoord": 109155.52009891489, "COMMENTS": null, "CL_2010": "Y", "deci_x": -77.527306291200006, "deci_y": 39.697039955599998 }, "geometry": { "type": "Point", "coordinates": [ 1482364.645348815480247, 109155.520098914857954 ] } },
{ "type": "Feature", "properties": { "siteID": "APPA-08794", "xcoord": 1482609.2834893027, "ycoord": 103199.68206028978, "COMMENTS": null, "CL_2010": "Y", "deci_x": -77.538606043300007, "deci_y": 39.647085608600001 }, "geometry": { "type": "Point", "coordinates": [ 1482609.28348930249922, 103199.682060289778747 ] } },
{ "type": "Feature", "properties": { "siteID": "APPA-08842", "xcoord": 1479901.2899935329, "ycoord": 72200.427967662792, "COMMENTS": null, "CL_2010": "Y", "deci_x": -77.6452891542, "deci_y": 39.393525359500003 }, "geometry": { "type": "Point", "coordinates": [ 1479901.289993532700464, 72200.427967662792071 ] } },
{ "type": "Feature", "properties": { "siteID": "APPA-08858", "xcoord": 1479254.6200512722, "ycoord": 87062.198589114967, "COMMENTS": null, "CL_2010": "Y", "deci_x": -77.617813158499999, "deci_y": 39.518288836000004 }, "geometry": { "type": "Point", "coordinates": [ 1479254.620051271514967, 87062.198589114967035 ] } },
{ "type": "Feature", "properties": { "siteID": "APPA-08974", "xcoord": 1483340.6924802931, "ycoord": 111358.61344131859, "COMMENTS": null, "CL_2010": "Y", "deci_x": -77.510161889700001, "deci_y": 39.713765096800003 }, "geometry": { "type": "Point", "coordinates": [ 1483340.692480292636901, 111358.613441318564583 ] } },
{ "type": "Feature", "properties": { "siteID": "APPA-09050", "xcoord": 1480516.7144748471, "ycoord": 98523.982789467918, "COMMENTS": null, "CL_2010": "Y", "deci_x": -77.575184493199998, "deci_y": 39.611610684299997 }, "geometry": { "type": "Point", "coordinates": [ 1480516.714474847307429, 98523.982789467918337 ] } },
{ "type": "Feature", "properties": { "siteID": "APPA-09098", "xcoord": 1479785.2164836971, "ycoord": 70676.768593985471, "COMMENTS": null, "CL_2010": "Y", "deci_x": -77.650305486799994, "deci_y": 39.381030593600002 }, "geometry": { "type": "Point", "coordinates": [ 1479785.216483697062358, 70676.768593985470943 ] } },
{ "type": "Feature", "properties": { "siteID": "APPA-09114", "xcoord": 1480172.6132592619, "ycoord": 78772.822551145015, "COMMENTS": null, "CL_2010": "Y", "deci_x": -77.626405249100003, "deci_y": 39.447792761499997 }, "geometry": { "type": "Point", "coordinates": [ 1480172.613259261706844, 78772.822551145029138 ] } },
{ "type": "Feature", "properties": { "siteID": "APPA-09230", "xcoord": 1482408.1580729629, "ycoord": 104367.0703616947, "COMMENTS": null, "CL_2010": "Y", "deci_x": -77.538252321100003, "deci_y": 39.657128723600003 }, "geometry": { "type": "Point", "coordinates": [ 1482408.15807296289131, 104367.070361694743042 ] } },
{ "type": "Feature", "properties": { "siteID": "APPA-09242", "xcoord": 1478477.901497293, "ycoord": 64201.423493779628, "COMMENTS": null, "CL_2010": "Y", "deci_x": -77.681439212599997, "deci_y": 39.329251923999998 }, "geometry": { "type": "Point", "coordinates": [ 1478477.901497293030843, 64201.423493779628188 ] } },
{ "type": "Feature", "properties": { "siteID": "APPA-09306", "xcoord": 1480577.7504870759, "ycoord": 96637.536702216297, "COMMENTS": null, "CL_2010": "Y", "deci_x": -77.578948650399994, "deci_y": 39.5958127444 }, "geometry": { "type": "Point", "coordinates": [ 1480577.750487075885758, 96637.53670221628272 ] } },
{ "type": "Feature", "properties": { "siteID": "APPA-09370", "xcoord": 1480800.9934824109, "ycoord": 100472.60459733571, "COMMENTS": null, "CL_2010": "Y", "deci_x": -77.567078966599993, "deci_y": 39.6273598079 }, "geometry": { "type": "Point", "coordinates": [ 1480800.993482411373407, 100472.604597335710423 ] } },
{ "type": "Feature", "properties": { "siteID": "APPA-09418", "xcoord": 1478759.9226036221, "ycoord": 65422.997490815418, "COMMENTS": null, "CL_2010": "Y", "deci_x": -77.675141827600001, "deci_y": 39.338963077099997 }, "geometry": { "type": "Point", "coordinates": [ 1478759.922603622311726, 65422.997490815418132 ] } },
{ "type": "Feature", "properties": { "siteID": "APPA-09434", "xcoord": 1479827.673770126, "ycoord": 80117.511131055086, "COMMENTS": null, "CL_2010": "Y", "deci_x": -77.627385934000003, "deci_y": 39.459549223700002 }, "geometry": { "type": "Point", "coordinates": [ 1479827.673770125722513, 80117.511131055085571 ] } },
{ "type": "Feature", "properties": { "siteID": "APPA-09486", "xcoord": 1482148.4717753229, "ycoord": 103702.7355305198, "COMMENTS": null, "CL_2010": "Y", "deci_x": -77.542995880299998, "deci_y": 39.652027368100001 }, "geometry": { "type": "Point", "coordinates": [ 1482148.471775323385373, 103702.735530519785243 ] } },
{ "type": "Feature", "properties": { "siteID": "APPA-09562", "xcoord": 1479760.097049281, "ycoord": 92688.331381138123, "COMMENTS": null, "CL_2010": "Y", "deci_x": -77.598286460400004, "deci_y": 39.564286311099998 }, "geometry": { "type": "Point", "coordinates": [ 1479760.097049281001091, 92688.331381138123106 ] } },
{ "type": "Feature", "properties": { "siteID": "APPA-09610", "xcoord": 1479536.780539453, "ycoord": 77144.78410768717, "COMMENTS": null, "CL_2010": "Y", "deci_x": -77.637967592500004, "deci_y": 39.435279468700003 }, "geometry": { "type": "Point", "coordinates": [ 1479536.780539452796802, 77144.784107687170035 ] } },
{ "type": "Feature", "properties": { "siteID": "APPA-09626", "xcoord": 1479421.8440807459, "ycoord": 88324.75466712621, "COMMENTS": null, "CL_2010": "Y", "deci_x": -77.612781688200002, "deci_y": 39.528523614699999 }, "geometry": { "type": "Point", "coordinates": [ 1479421.844080745941028, 88324.754667126209824 ] } },
{ "type": "Feature", "properties": { "siteID": "APPA-09674", "xcoord": 1478835.018478245, "ycoord": 66049.997952280231, "COMMENTS": null, "CL_2010": "Y", "deci_x": -77.672750745299993, "deci_y": 39.34406093 }, "geometry": { "type": "Point", "coordinates": [ 1478835.018478245008737, 66049.997952280231402 ] } },
{ "type": "Feature", "properties": { "siteID": "APPA-09690", "xcoord": 1479949.2084425939, "ycoord": 80904.263016546975, "COMMENTS": null, "CL_2010": "Y", "deci_x": -77.624044727200001, "deci_y": 39.465899330600003 }, "geometry": { "type": "Point", "coordinates": [ 1479949.208442593691871, 80904.263016546974541 ] } },
{ "type": "Feature", "properties": { "siteID": "APPA-09742", "xcoord": 1482383.571980438, "ycoord": 108609.67964836719, "COMMENTS": null, "CL_2010": "Y", "deci_x": -77.528385057999998, "deci_y": 39.692467635900002 }, "geometry": { "type": "Point", "coordinates": [ 1482383.571980437729508, 108609.67964836723695 ] } },
{ "type": "Feature", "properties": { "siteID": "APPA-09818", "xcoord": 1482288.2425154119, "ycoord": 101330.8663015418, "COMMENTS": null, "CL_2010": "Y", "deci_x": -77.546976143199998, "deci_y": 39.632062860600001 }, "geometry": { "type": "Point", "coordinates": [ 1482288.242515411693603, 101330.866301541798748 ] } },
{ "type": "Feature", "properties": { "siteID": "APPA-09866", "xcoord": 1479853.874473124, "ycoord": 71293.496263979279, "COMMENTS": null, "CL_2010": "Y", "deci_x": -77.648013136700001, "deci_y": 39.386052738300002 }, "geometry": { "type": "Point", "coordinates": [ 1479853.874473124276847, 71293.49626397927932 ] } },
{ "type": "Feature", "properties": { "siteID": "APPA-09882", "xcoord": 1479952.2694082959, "ycoord": 83949.628749083407, "COMMENTS": null, "CL_2010": "Y", "deci_x": -77.616766416700003, "deci_y": 39.491242233599998 }, "geometry": { "type": "Point", "coordinates": [ 1479952.269408296328038, 83949.628749083407456 ] } },
{ "type": "Feature", "properties": { "siteID": "APPA-09930", "xcoord": 1474900.3499047437, "ycoord": 62848.470141918333, "COMMENTS": null, "CL_2010": "Y", "deci_x": -77.727865670900002, "deci_y": 39.3238079813 }, "geometry": { "type": "Point", "coordinates": [ 1474900.349904743488878, 62848.470141918332956 ] } },
{ "type": "Feature", "properties": { "siteID": "APPA-09998", "xcoord": 1482822.1904966291, "ycoord": 110108.55934689741, "COMMENTS": null, "CL_2010": "Y", "deci_x": -77.519461780499995, "deci_y": 39.704217395400001 }, "geometry": { "type": "Point", "coordinates": [ 1482822.190496629104018, 110108.559346897367504 ] } },
{ "type": "Feature", "properties": { "siteID": "APPA-10010", "xcoord": 1480607.2396338461, "ycoord": 96800.549769507721, "COMMENTS": null, "CL_2010": "Y", "deci_x": -77.578201729200003, "deci_y": 39.597120970699997 }, "geometry": { "type": "Point", "coordinates": [ 1480607.239633846096694, 96800.549769507721066 ] } },
{ "type": "Feature", "properties": { "siteID": "APPA-10074", "xcoord": 1480530.5204502649, "ycoord": 97344.149904829814, "COMMENTS": null, "CL_2010": "Y", "deci_x": -77.577834538100007, "deci_y": 39.601770193199997 }, "geometry": { "type": "Point", "coordinates": [ 1480530.520450265146792, 97344.14990482981375 ] } },
{ "type": "Feature", "properties": { "siteID": "APPA-10122", "xcoord": 1479657.08806416, "ycoord": 69593.792594423634, "COMMENTS": null, "CL_2010": "Y", "deci_x": -77.654421475700005, "deci_y": 39.372223864399999 }, "geometry": { "type": "Point", "coordinates": [ 1479657.088064160430804, 69593.792594423634 ] } },
{ "type": "Feature", "properties": { "siteID": "APPA-10138", "xcoord": 1479579.4285093241, "ycoord": 77933.784253056714, "COMMENTS": null, "CL_2010": "Y", "deci_x": -77.635578141899998, "deci_y": 39.4417775597 }, "geometry": { "type": "Point", "coordinates": [ 1479579.428509324323386, 77933.784253056714078 ] } },
{ "type": "Feature", "properties": { "siteID": "APPA-10254", "xcoord": 1482572.0009042332, "ycoord": 105329.60508933919, "COMMENTS": null, "CL_2010": "Y", "deci_x": -77.533957406400006, "deci_y": 39.664868276699998 }, "geometry": { "type": "Point", "coordinates": [ 1482572.000904232962057, 105329.605089339223923 ] } },
{ "type": "Feature", "properties": { "siteID": "APPA-10266", "xcoord": 1476220.5609990549, "ycoord": 63268.18659229992, "COMMENTS": "C&O Canal", "CL_2010": "Y", "deci_x": -77.710921796299999, "deci_y": 39.325156315699999 }, "geometry": { "type": "Point", "coordinates": [ 1476220.56099905539304, 63268.186592299920449 ] } },
{ "type": "Feature", "properties": { "siteID": "APPA-10330", "xcoord": 1480443.712183987, "ycoord": 91082.636221425535, "COMMENTS": null, "CL_2010": "Y", "deci_x": -77.5938258101, "deci_y": 39.549804760699999 }, "geometry": { "type": "Point", "coordinates": [ 1480443.712183986557648, 91082.636221425535041 ] } },
{ "type": "Feature", "properties": { "siteID": "APPA-10394", "xcoord": 1479621.6276489489, "ycoord": 88906.052177268721, "COMMENTS": null, "CL_2010": "Y", "deci_x": -77.608976362299998, "deci_y": 39.533034961200002 }, "geometry": { "type": "Point", "coordinates": [ 1479621.627648949390277, 88906.052177268720698 ] } },
{ "type": "Feature", "properties": { "siteID": "APPA-10442", "xcoord": 1478489.3246765579, "ycoord": 64757.508274373067, "COMMENTS": null, "CL_2010": "Y", "deci_x": -77.679986168200003, "deci_y": 39.333863255899999 }, "geometry": { "type": "Point", "coordinates": [ 1478489.324676557676867, 64757.508274373067252 ] } },
{ "type": "Feature", "properties": { "siteID": "APPA-10458", "xcoord": 1480011.3221799759, "ycoord": 82641.466355296463, "COMMENTS": null, "CL_2010": "Y", "deci_x": -77.619162489199994, "deci_y": 39.480257456700002 }, "geometry": { "type": "Point", "coordinates": [ 1480011.322179975686595, 82641.466355296463007 ] } },
{ "type": "Feature", "properties": { "siteID": "APPA-10510", "xcoord": 1483006.4543131141, "ycoord": 107266.15306431989, "COMMENTS": null, "CL_2010": "Y", "deci_x": -77.524040252800006, "deci_y": 39.680266930999998 }, "geometry": { "type": "Point", "coordinates": [ 1483006.454313113819808, 107266.153064319907571 ] } },
{ "type": "Feature", "properties": { "siteID": "APPA-10586", "xcoord": 1479712.4555654293, "ycoord": 93155.953931748329, "COMMENTS": null, "CL_2010": "Y", "deci_x": -77.597749411500004, "deci_y": 39.5682558954 }, "geometry": { "type": "Point", "coordinates": [ 1479712.455565428826958, 93155.953931748328614 ] } },
{ "type": "Feature", "properties": { "siteID": "APPA-10634", "xcoord": 1479739.956379615, "ycoord": 75697.63177854837, "COMMENTS": null, "CL_2010": "Y", "deci_x": -77.638943952899993, "deci_y": 39.422901276099999 }, "geometry": { "type": "Point", "coordinates": [ 1479739.956379615003243, 75697.631778548369766 ] } },
{ "type": "Feature", "properties": { "siteID": "APPA-10650", "xcoord": 1479387.01142009, "ycoord": 87529.409337013378, "COMMENTS": null, "CL_2010": "Y", "deci_x": -77.615096992100007, "deci_y": 39.52196101 }, "geometry": { "type": "Point", "coordinates": [ 1479387.011420089751482, 87529.409337013363256 ] } },
{ "type": "Feature", "properties": { "siteID": "APPA-10714", "xcoord": 1480339.9234579699, "ycoord": 81595.920476779109, "COMMENTS": null, "CL_2010": "Y", "deci_x": -77.617669509799995, "deci_y": 39.4710178431 }, "geometry": { "type": "Point", "coordinates": [ 1480339.923457970377058, 81595.920476779094315 ] } },
{ "type": "Feature", "properties": { "siteID": "APPA-10766", "xcoord": 1482910.0400326923, "ycoord": 108825.2354430386, "COMMENTS": null, "CL_2010": "Y", "deci_x": -77.521472784300002, "deci_y": 39.693396403199998 }, "geometry": { "type": "Point", "coordinates": [ 1482910.040032692020759, 108825.235443038574886 ] } },
{ "type": "Feature", "properties": { "siteID": "APPA-10842", "xcoord": 1480727.3045943859, "ycoord": 99661.963414799116, "COMMENTS": null, "CL_2010": "Y", "deci_x": -77.5699104885, "deci_y": 39.620735118600003 }, "geometry": { "type": "Point", "coordinates": [ 1480727.304594385903329, 99661.963414799116435 ] } },
{ "type": "Feature", "properties": { "siteID": "APPA-10890", "xcoord": 1479954.6685854769, "ycoord": 74051.337605869645, "COMMENTS": null, "CL_2010": "Y", "deci_x": -77.640252894599996, "deci_y": 39.408846305099999 }, "geometry": { "type": "Point", "coordinates": [ 1479954.668585476698354, 74051.337605869644904 ] } },
{ "type": "Feature", "properties": { "siteID": "APPA-10906", "xcoord": 1479352.9762537349, "ycoord": 84752.844555157353, "COMMENTS": null, "CL_2010": "Y", "deci_x": -77.622115322100001, "deci_y": 39.498907045800003 }, "geometry": { "type": "Point", "coordinates": [ 1479352.976253734668717, 84752.84455515735317 ] } },
{ "type": "Feature", "properties": { "siteID": "APPA-11034", "xcoord": 1480229.1990287369, "ycoord": 94557.759121390685, "COMMENTS": null, "CL_2010": "Y", "deci_x": -77.588139773199998, "deci_y": 39.579076094400001 }, "geometry": { "type": "Point", "coordinates": [ 1480229.199028737377375, 94557.759121390685323 ] } },
{ "type": "Feature", "properties": { "siteID": "APPA-11098", "xcoord": 1482167.2057921591, "ycoord": 101384.8972033616, "COMMENTS": null, "CL_2010": "Y", "deci_x": -77.548315884000004, "deci_y": 39.632710978399999 }, "geometry": { "type": "Point", "coordinates": [ 1482167.205792159074917, 101384.897203361557331 ] } },
{ "type": "Feature", "properties": { "siteID": "APPA-11146", "xcoord": 1479270.945045308, "ycoord": 68203.151860953527, "COMMENTS": null, "CL_2010": "Y", "deci_x": -77.662384338400003, "deci_y": 39.361276334599999 }, "geometry": { "type": "Point", "coordinates": [ 1479270.945045307511464, 68203.151860953526921 ] } },
{ "type": "Feature", "properties": { "siteID": "APPA-11162", "xcoord": 1479695.187310423, "ycoord": 78250.706541999651, "COMMENTS": null, "CL_2010": "Y", "deci_x": -77.633424413599997, "deci_y": 39.444226585099997 }, "geometry": { "type": "Point", "coordinates": [ 1479695.187310422537848, 78250.706541999650653 ] } },
{ "type": "Feature", "properties": { "siteID": "APPA-11278", "xcoord": 1482470.1036127429, "ycoord": 105341.6050390485, "COMMENTS": null, "CL_2010": "Y", "deci_x": -77.535165973700003, "deci_y": 39.6651353775 }, "geometry": { "type": "Point", "coordinates": [ 1482470.10361274308525, 105341.60503904845973 ] } },
{ "type": "Feature", "properties": { "siteID": "APPA-11290", "xcoord": 1476251.7135674991, "ycoord": 63280.435650347339, "COMMENTS": "C&O Canal", "CL_2010": "Y", "deci_x": -77.710516432800006, "deci_y": 39.325207633700003 }, "geometry": { "type": "Point", "coordinates": [ 1476251.713567498605698, 63280.43565034733183 ] } },
{ "type": "Feature", "properties": { "siteID": "APPA-11354", "xcoord": 1480207.8789467879, "ycoord": 91982.44412791224, "COMMENTS": null, "CL_2010": "Y", "deci_x": -77.594539890899995, "deci_y": 39.557679101300003 }, "geometry": { "type": "Point", "coordinates": [ 1480207.878946788376197, 91982.444127912254771 ] } },
{ "type": "Feature", "properties": { "siteID": "APPA-11418", "xcoord": 1480189.0495379169, "ycoord": 89833.729349262518, "COMMENTS": null, "CL_2010": "Y", "deci_x": -77.599889228699993, "deci_y": 39.539827576699999 }, "geometry": { "type": "Point", "coordinates": [ 1480189.049537917366251, 89833.729349262532196 ] } },
{ "type": "Feature", "properties": { "siteID": "APPA-11466", "xcoord": 1478781.8366532461, "ycoord": 65055.810564873631, "COMMENTS": null, "CL_2010": "Y", "deci_x": -77.675745618400001, "deci_y": 39.3358702325 }, "geometry": { "type": "Point", "coordinates": [ 1478781.83665324607864, 65055.810564873630938 ] } },
{ "type": "Feature", "properties": { "siteID": "APPA-11482", "xcoord": 1480207.019809976, "ycoord": 83588.681838954784, "COMMENTS": null, "CL_2010": "Y", "deci_x": -77.614539476700003, "deci_y": 39.487821550600003 }, "geometry": { "type": "Point", "coordinates": [ 1480207.019809976220131, 83588.681838954798877 ] } },
{ "type": "Feature", "properties": { "siteID": "APPA-11534", "xcoord": 1482987.5686252541, "ycoord": 107812.60591366061, "COMMENTS": null, "CL_2010": "Y", "deci_x": -77.522959417099997, "deci_y": 39.684844308499997 }, "geometry": { "type": "Point", "coordinates": [ 1482987.568625253858045, 107812.605913660590886 ] } },
{ "type": "Feature", "properties": { "siteID": "APPA-11610", "xcoord": 1482671.573159849, "ycoord": 102478.369632888, "COMMENTS": null, "CL_2010": "Y", "deci_x": -77.539576919699996, "deci_y": 39.640981773100002 }, "geometry": { "type": "Point", "coordinates": [ 1482671.573159849271178, 102478.369632888017804 ] } },
{ "type": "Feature", "properties": { "siteID": "APPA-11658", "xcoord": 1479825.6474112819, "ycoord": 74469.348495950908, "COMMENTS": null, "CL_2010": "Y", "deci_x": -77.640821968200001, "deci_y": 39.412536668199998 }, "geometry": { "type": "Point", "coordinates": [ 1479825.647411281475797, 74469.348495950907818 ] } },
{ "type": "Feature", "properties": { "siteID": "APPA-11674", "xcoord": 1479190.4728579761, "ycoord": 85891.866746155414, "COMMENTS": null, "CL_2010": "Y", "deci_x": -77.621374823799997, "deci_y": 39.508652912099997 }, "geometry": { "type": "Point", "coordinates": [ 1479190.472857975866646, 85891.866746155414148 ] } },
{ "type": "Feature", "properties": { "siteID": "APPA-11790", "xcoord": 1482930.0441338769, "ycoord": 110967.30774227421, "COMMENTS": null, "CL_2010": "Y", "deci_x": -77.516090895900007, "deci_y": 39.7111845031 }, "geometry": { "type": "Point", "coordinates": [ 1482930.04413387668319, 110967.307742274206248 ] } },
{ "type": "Feature", "properties": { "siteID": "APPA-11866", "xcoord": 1480634.3585556489, "ycoord": 99048.217801638239, "COMMENTS": null, "CL_2010": "Y", "deci_x": -77.572504743899998, "deci_y": 39.615780288099998 }, "geometry": { "type": "Point", "coordinates": [ 1480634.358555648475885, 99048.217801638224046 ] } },
{ "type": "Feature", "properties": { "siteID": "APPA-11914", "xcoord": 1479923.927426154, "ycoord": 72533.228489354107, "COMMENTS": null, "CL_2010": "Y", "deci_x": -77.644226067800005, "deci_y": 39.396258872600001 }, "geometry": { "type": "Point", "coordinates": [ 1479923.927426154259592, 72533.228489354107296 ] } },
{ "type": "Feature", "properties": { "siteID": "APPA-11930", "xcoord": 1479589.0754874719, "ycoord": 84746.772075122179, "COMMENTS": null, "CL_2010": "Y", "deci_x": -77.619269678400002, "deci_y": 39.498470666599999 }, "geometry": { "type": "Point", "coordinates": [ 1479589.075487471884117, 84746.772075122178649 ] } },
{ "type": "Feature", "properties": { "siteID": "APPA-12058", "xcoord": 1480234.1841044631, "ycoord": 94297.532743717791, "COMMENTS": null, "CL_2010": "Y", "deci_x": -77.588700089200003, "deci_y": 39.5769023565 }, "geometry": { "type": "Point", "coordinates": [ 1480234.184104462852702, 94297.532743717791163 ] } },
{ "type": "Feature", "properties": { "siteID": "APPA-12122", "xcoord": 1481521.401517373, "ycoord": 100935.44494267719, "COMMENTS": null, "CL_2010": "Y", "deci_x": -77.557229077800002, "deci_y": 39.630030259000002 }, "geometry": { "type": "Point", "coordinates": [ 1481521.401517372811213, 100935.444942677218933 ] } },
{ "type": "Feature", "properties": { "siteID": "APPA-12170", "xcoord": 1479382.320258368, "ycoord": 68667.567416194855, "COMMENTS": null, "CL_2010": "Y", "deci_x": -77.659937921500003, "deci_y": 39.364961091300003 }, "geometry": { "type": "Point", "coordinates": [ 1479382.320258367806673, 68667.567416194855468 ] } },
{ "type": "Feature", "properties": { "siteID": "APPA-12186", "xcoord": 1480359.751657434, "ycoord": 79398.867728166151, "COMMENTS": null, "CL_2010": "Y", "deci_x": -77.622652308699998, "deci_y": 39.452698051699997 }, "geometry": { "type": "Point", "coordinates": [ 1480359.75165743380785, 79398.86772816615121 ] } },
{ "type": "Feature", "properties": { "siteID": "APPA-12302", "xcoord": 1482248.2403659031, "ycoord": 103554.3843339389, "COMMENTS": null, "CL_2010": "Y", "deci_x": -77.542139813800006, "deci_y": 39.650629329399997 }, "geometry": { "type": "Point", "coordinates": [ 1482248.240365902893245, 103554.384333938884083 ] } },
{ "type": "Feature", "properties": { "siteID": "APPA-12314", "xcoord": 1477741.685936603, "ycoord": 63408.986665029763, "COMMENTS": "C&O Canal", "CL_2010": "Y", "deci_x": -77.692208534299994, "deci_y": 39.323853106900003 }, "geometry": { "type": "Point", "coordinates": [ 1477741.685936602996662, 63408.986665029755386 ] } },
{ "type": "Feature", "properties": { "siteID": "APPA-12378", "xcoord": 1480583.0491170611, "ycoord": 95712.519877493745, "COMMENTS": null, "CL_2010": "Y", "deci_x": -77.581092487700005, "deci_y": 39.588106430099998 }, "geometry": { "type": "Point", "coordinates": [ 1480583.049117061309516, 95712.519877493745298 ] } },
{ "type": "Feature", "properties": { "siteID": "APPA-12442", "xcoord": 1481398.7441619181, "ycoord": 100920.16109117911, "COMMENTS": null, "CL_2010": "Y", "deci_x": -77.5587542974, "deci_y": 39.630104176400003 }, "geometry": { "type": "Point", "coordinates": [ 1481398.744161918293685, 100920.16109117907763 ] } },
{ "type": "Feature", "properties": { "siteID": "APPA-12490", "xcoord": 1479118.262065775, "ycoord": 67231.400362260101, "COMMENTS": null, "CL_2010": "Y", "deci_x": -77.666530963, "deci_y": 39.353435066000003 }, "geometry": { "type": "Point", "coordinates": [ 1479118.26206577476114, 67231.400362260101247 ] } },
{ "type": "Feature", "properties": { "siteID": "APPA-12506", "xcoord": 1479716.2666437749, "ycoord": 80284.916704457937, "COMMENTS": null, "CL_2010": "Y", "deci_x": -77.628336952200002, "deci_y": 39.461124666499998 }, "geometry": { "type": "Point", "coordinates": [ 1479716.266643774695694, 80284.916704457937158 ] } },
{ "type": "Feature", "properties": { "siteID": "APPA-12558", "xcoord": 1482789.620592271, "ycoord": 106254.0209708951, "COMMENTS": null, "CL_2010": "Y", "deci_x": -77.529099754900002, "deci_y": 39.672202183899998 }, "geometry": { "type": "Point", "coordinates": [ 1482789.620592270512134, 106254.020970895056962 ] } },
{ "type": "Feature", "properties": { "siteID": "APPA-12634", "xcoord": 1480165.6026410321, "ycoord": 92089.659619793703, "COMMENTS": null, "CL_2010": "Y", "deci_x": -77.594796862300001, "deci_y": 39.558640550600003 }, "geometry": { "type": "Point", "coordinates": [ 1480165.602641031611711, 92089.659619793703314 ] } },
{ "type": "Feature", "properties": { "siteID": "APPA-12682", "xcoord": 1479679.220537361, "ycoord": 76073.270613422443, "COMMENTS": null, "CL_2010": "Y", "deci_x": -77.638787327800003, "deci_y": 39.426127372700002 }, "geometry": { "type": "Point", "coordinates": [ 1479679.220537360524759, 76073.270613422442693 ] } },
{ "type": "Feature", "properties": { "siteID": "APPA-12698", "xcoord": 1479608.8005378919, "ycoord": 88630.701981958409, "COMMENTS": null, "CL_2010": "Y", "deci_x": -77.609787474000001, "deci_y": 39.530764274100001 }, "geometry": { "type": "Point", "coordinates": [ 1479608.800537891918793, 88630.701981958409306 ] } },
{ "type": "Feature", "properties": { "siteID": "APPA-12746", "xcoord": 1478726.9555074801, "ycoord": 64781.502797085159, "COMMENTS": null, "CL_2010": "Y", "deci_x": -77.677057704000006, "deci_y": 39.333675821500002 }, "geometry": { "type": "Point", "coordinates": [ 1478726.95550748007372, 64781.502797085151542 ] } },
{ "type": "Feature", "properties": { "siteID": "APPA-12762", "xcoord": 1480267.260333346, "ycoord": 81344.598892902606, "COMMENTS": null, "CL_2010": "Y", "deci_x": -77.619146929600007, "deci_y": 39.469044736900003 }, "geometry": { "type": "Point", "coordinates": [ 1480267.26033334620297, 81344.598892902620719 ] } },
{ "type": "Feature", "properties": { "siteID": "APPA-12814", "xcoord": 1482635.6711978493, "ycoord": 109913.7301563637, "COMMENTS": null, "CL_2010": "Y", "deci_x": -77.522195275399994, "deci_y": 39.702902884300002 }, "geometry": { "type": "Point", "coordinates": [ 1482635.671197849325836, 109913.730156363730202 ] } },
{ "type": "Feature", "properties": { "siteID": "APPA-12890", "xcoord": 1482478.6065638061, "ycoord": 103391.30946871112, "COMMENTS": null, "CL_2010": "Y", "deci_x": -77.539733590300003, "deci_y": 39.648894470899997 }, "geometry": { "type": "Point", "coordinates": [ 1482478.606563805602491, 103391.309468711071531 ] } },
{ "type": "Feature", "properties": { "siteID": "APPA-12938", "xcoord": 1479879.002412806, "ycoord": 72087.234457051673, "COMMENTS": null, "CL_2010": "Y", "deci_x": -77.645827155500001, "deci_y": 39.3926194326 }, "geometry": { "type": "Point", "coordinates": [ 1479879.002412806032225, 72087.234457051672507 ] } },
{ "type": "Feature", "properties": { "siteID": "APPA-12954", "xcoord": 1479244.621330546, "ycoord": 87029.020772834352, "COMMENTS": null, "CL_2010": "Y", "deci_x": -77.618013266199995, "deci_y": 39.518029039200002 }, "geometry": { "type": "Point", "coordinates": [ 1479244.621330546448007, 87029.020772834352101 ] } },
{ "type": "Feature", "properties": { "siteID": "APPA-13070", "xcoord": 1482874.957591722, "ycoord": 110217.7339652657, "COMMENTS": null, "CL_2010": "Y", "deci_x": -77.518558754699995, "deci_y": 39.705038988399998 }, "geometry": { "type": "Point", "coordinates": [ 1482874.957591721555218, 110217.73396526571014 ] } },
{ "type": "Feature", "properties": { "siteID": "APPA-13146", "xcoord": 1480482.164505335, "ycoord": 98311.469228605347, "COMMENTS": null, "CL_2010": "Y", "deci_x": -77.5761112685, "deci_y": 39.609898873600002 }, "geometry": { "type": "Point", "coordinates": [ 1480482.164505335269496, 98311.469228605346871 ] } },
{ "type": "Feature", "properties": { "siteID": "APPA-13194", "xcoord": 1479741.5976815149, "ycoord": 70546.726890110032, "COMMENTS": null, "CL_2010": "Y", "deci_x": -77.651141201900003, "deci_y": 39.380019180799998 }, "geometry": { "type": "Point", "coordinates": [ 1479741.597681514685974, 70546.7268901100324 ] } },
{ "type": "Feature", "properties": { "siteID": "APPA-13210", "xcoord": 1480182.9986336557, "ycoord": 78773.102913987575, "COMMENTS": null, "CL_2010": "Y", "deci_x": -77.626278872200004, "deci_y": 39.447778127399999 }, "geometry": { "type": "Point", "coordinates": [ 1480182.998633656417951, 78773.102913987575448 ] } },
{ "type": "Feature", "properties": { "siteID": "APPA-13326", "xcoord": 1482577.144083123, "ycoord": 104892.4915939464, "COMMENTS": null, "CL_2010": "Y", "deci_x": -77.534942084600004, "deci_y": 39.6612229877 }, "geometry": { "type": "Point", "coordinates": [ 1482577.144083122955635, 104892.491593946440844 ] } },
{ "type": "Feature", "properties": { "siteID": "APPA-13338", "xcoord": 1478195.6087528702, "ycoord": 63870.501431209377, "COMMENTS": "C&O Canal", "CL_2010": "Y", "deci_x": -77.685632783299994, "deci_y": 39.326956514499997 }, "geometry": { "type": "Point", "coordinates": [ 1478195.608752869768068, 63870.501431209384464 ] } },
{ "type": "Feature", "properties": { "siteID": "APPA-13402", "xcoord": 1480523.9101044533, "ycoord": 96124.084408129842, "COMMENTS": null, "CL_2010": "Y", "deci_x": -77.580827471999996, "deci_y": 39.591628169800003 }, "geometry": { "type": "Point", "coordinates": [ 1480523.910104452632368, 96124.084408129841904 ] } },
{ "type": "Feature", "properties": { "siteID": "APPA-13466", "xcoord": 1481244.9376694651, "ycoord": 100767.0114370396, "COMMENTS": null, "CL_2010": "Y", "deci_x": -77.560987204499995, "deci_y": 39.629081967700003 }, "geometry": { "type": "Point", "coordinates": [ 1481244.937669465085492, 100767.011437039618613 ] } },
{ "type": "Feature", "properties": { "siteID": "APPA-13514", "xcoord": 1478760.2287177371, "ycoord": 65884.287948781261, "COMMENTS": null, "CL_2010": "Y", "deci_x": -77.674046775299999, "deci_y": 39.342803174399997 }, "geometry": { "type": "Point", "coordinates": [ 1478760.228717736667022, 65884.287948781260638 ] } },
{ "type": "Feature", "properties": { "siteID": "APPA-13530", "xcoord": 1480048.817781531, "ycoord": 82330.843251389233, "COMMENTS": null, "CL_2010": "Y", "deci_x": -77.619447054000005, "deci_y": 39.477610730499997 }, "geometry": { "type": "Point", "coordinates": [ 1480048.817781530786306, 82330.843251389233046 ] } },
{ "type": "Feature", "properties": { "siteID": "APPA-13582", "xcoord": 1483052.9722499889, "ycoord": 108056.0093767496, "COMMENTS": null, "CL_2010": "Y", "deci_x": -77.5215813322, "deci_y": 39.686761930599999 }, "geometry": { "type": "Point", "coordinates": [ 1483052.972249989397824, 108056.009376749600051 ] } },
{ "type": "Feature", "properties": { "siteID": "APPA-13658", "xcoord": 1479722.7464151811, "ycoord": 93529.329634682697, "COMMENTS": null, "CL_2010": "Y", "deci_x": -77.596734458300006, "deci_y": 39.571346340300003 }, "geometry": { "type": "Point", "coordinates": [ 1479722.746415180852637, 93529.32963468269736 ] } },
{ "type": "Feature", "properties": { "siteID": "APPA-13706", "xcoord": 1479552.171742952, "ycoord": 76531.192606194192, "COMMENTS": null, "CL_2010": "Y", "deci_x": -77.639237867000006, "deci_y": 39.430146674 }, "geometry": { "type": "Point", "coordinates": [ 1479552.171742952195928, 76531.192606194192194 ] } },
{ "type": "Feature", "properties": { "siteID": "APPA-13722", "xcoord": 1479346.906611844, "ycoord": 87371.734870453947, "COMMENTS": null, "CL_2010": "Y", "deci_x": -77.615958243700007, "deci_y": 39.5207142533 }, "geometry": { "type": "Point", "coordinates": [ 1479346.906611844198778, 87371.734870453947224 ] } },
{ "type": "Feature", "properties": { "siteID": "APPA-13770", "xcoord": 1478952.0901830797, "ycoord": 66599.38489841175, "COMMENTS": null, "CL_2010": "Y", "deci_x": -77.670035602400006, "deci_y": 39.3484441019 }, "geometry": { "type": "Point", "coordinates": [ 1478952.09018308040686, 66599.384898411750328 ] } },
{ "type": "Feature", "properties": { "siteID": "APPA-13786", "xcoord": 1480360.6225637021, "ycoord": 81549.464547889293, "COMMENTS": null, "CL_2010": "Y", "deci_x": -77.617529337299999, "deci_y": 39.470597335299999 }, "geometry": { "type": "Point", "coordinates": [ 1480360.622563702054322, 81549.464547889292589 ] } },
{ "type": "Feature", "properties": { "siteID": "APPA-13838", "xcoord": 1482296.0103894849, "ycoord": 108867.35119247351, "COMMENTS": null, "CL_2010": "Y", "deci_x": -77.528831003400001, "deci_y": 39.694755167799997 }, "geometry": { "type": "Point", "coordinates": [ 1482296.010389485396445, 108867.351192473463016 ] } },
{ "type": "Feature", "properties": { "siteID": "APPA-13914", "xcoord": 1482654.913545595, "ycoord": 101398.63147575079, "COMMENTS": null, "CL_2010": "Y", "deci_x": -77.542363739699994, "deci_y": 39.632025137399999 }, "geometry": { "type": "Point", "coordinates": [ 1482654.91354559501633, 101398.631475750749814 ] } },
{ "type": "Feature", "properties": { "siteID": "APPA-13962", "xcoord": 1479859.0582376532, "ycoord": 70979.318942716272, "COMMENTS": null, "CL_2010": "Y", "deci_x": -77.648695300599996, "deci_y": 39.383428794700002 }, "geometry": { "type": "Point", "coordinates": [ 1479859.058237652759999, 70979.318942716272431 ] } },
{ "type": "Feature", "properties": { "siteID": "APPA-13978", "xcoord": 1479884.6202940501, "ycoord": 84208.211873667431, "COMMENTS": null, "CL_2010": "Y", "deci_x": -77.616970722999994, "deci_y": 39.493505058799997 }, "geometry": { "type": "Point", "coordinates": [ 1479884.62029404961504, 84208.211873667431064 ] } },
{ "type": "Feature", "properties": { "siteID": "APPA-14026", "xcoord": 1474935.952996474, "ycoord": 62862.635897085143, "COMMENTS": null, "CL_2010": "Y", "deci_x": -77.727402027699995, "deci_y": 39.323868076399997 }, "geometry": { "type": "Point", "coordinates": [ 1474935.952996474225074, 62862.635897085136094 ] } },
{ "type": "Feature", "properties": { "siteID": "APPA-14094", "xcoord": 1482914.190453046, "ycoord": 110678.04219165941, "COMMENTS": null, "CL_2010": "Y", "deci_x": -77.516977646100003, "deci_y": 39.708804038799997 }, "geometry": { "type": "Point", "coordinates": [ 1482914.190453045768663, 110678.042191659420496 ] } },
{ "type": "Feature", "properties": { "siteID": "APPA-14106", "xcoord": 1479734.86886672, "ycoord": 93804.825716126594, "COMMENTS": null, "CL_2010": "Y", "deci_x": -77.595930582799994, "deci_y": 39.573619208799997 }, "geometry": { "type": "Point", "coordinates": [ 1479734.868866720236838, 93804.825716126593761 ] } },
{ "type": "Feature", "properties": { "siteID": "APPA-14170", "xcoord": 1480577.134669733, "ycoord": 97009.137856664704, "COMMENTS": null, "CL_2010": "Y", "deci_x": -77.578068924899995, "deci_y": 39.598906046800003 }, "geometry": { "type": "Point", "coordinates": [ 1480577.134669732535258, 97009.137856664703577 ] } },
{ "type": "Feature", "properties": { "siteID": "APPA-14218", "xcoord": 1479567.278255316, "ycoord": 69198.983104140629, "COMMENTS": null, "CL_2010": "Y", "deci_x": -77.656442826599999, "deci_y": 39.369083541099997 }, "geometry": { "type": "Point", "coordinates": [ 1479567.27825531642884, 69198.983104140628711 ] } },
{ "type": "Feature", "properties": { "siteID": "APPA-14234", "xcoord": 1479554.0742548781, "ycoord": 77716.89179805672, "COMMENTS": null, "CL_2010": "Y", "deci_x": -77.636400014000003, "deci_y": 39.440013532099996 }, "geometry": { "type": "Point", "coordinates": [ 1479554.074254878330976, 77716.89179805672029 ] } },
{ "type": "Feature", "properties": { "siteID": "APPA-14350", "xcoord": 1482614.5345396311, "ycoord": 105601.36959753938, "COMMENTS": null, "CL_2010": "Y", "deci_x": -77.532789831200006, "deci_y": 39.667059562 }, "geometry": { "type": "Point", "coordinates": [ 1482614.534539630869403, 105601.369597539349343 ] } },
{ "type": "Feature", "properties": { "siteID": "APPA-14362", "xcoord": 1475726.6851559039, "ycoord": 63046.985562332593, "COMMENTS": "C&O Canal", "CL_2010": "Y", "deci_x": -77.717411864400006, "deci_y": 39.3241176756 }, "geometry": { "type": "Point", "coordinates": [ 1475726.685155903920531, 63046.985562332585687 ] } },
{ "type": "Feature", "properties": { "siteID": "APPA-14426", "xcoord": 1480341.5051532469, "ycoord": 90494.609282523714, "COMMENTS": null, "CL_2010": "Y", "deci_x": -77.596466383500001, "deci_y": 39.545078262200001 }, "geometry": { "type": "Point", "coordinates": [ 1480341.505153246456757, 90494.609282523713773 ] } },
{ "type": "Feature", "properties": { "siteID": "APPA-14490", "xcoord": 1479626.480573314, "ycoord": 88924.752341182786, "COMMENTS": null, "CL_2010": "Y", "deci_x": -77.608873015, "deci_y": 39.5331826615 }, "geometry": { "type": "Point", "coordinates": [ 1479626.480573314242065, 88924.75234118278604 ] } },
{ "type": "Feature", "properties": { "siteID": "APPA-14538", "xcoord": 1478692.7878599749, "ycoord": 64787.943272341661, "COMMENTS": null, "CL_2010": "Y", "deci_x": -77.677455377499996, "deci_y": 39.333785122800002 }, "geometry": { "type": "Point", "coordinates": [ 1478692.787859974894673, 64787.943272341661213 ] } },
{ "type": "Feature", "properties": { "siteID": "APPA-14554", "xcoord": 1479933.912143107, "ycoord": 83068.03807719535, "COMMENTS": null, "CL_2010": "Y", "deci_x": -77.619085563300004, "deci_y": 39.483934492099998 }, "geometry": { "type": "Point", "coordinates": [ 1479933.912143106805161, 83068.038077195349615 ] } },
{ "type": "Feature", "properties": { "siteID": "APPA-14606", "xcoord": 1482927.6390369581, "ycoord": 106950.92962159069, "COMMENTS": null, "CL_2010": "Y", "deci_x": -77.525753181300004, "deci_y": 39.677773763799998 }, "geometry": { "type": "Point", "coordinates": [ 1482927.639036958338693, 106950.929621590708848 ] } },
{ "type": "Feature", "properties": { "siteID": "APPA-14682", "xcoord": 1482590.2001330673, "ycoord": 102110.20023941901, "COMMENTS": null, "CL_2010": "Y", "deci_x": -77.541446001899999, "deci_y": 39.638051960799999 }, "geometry": { "type": "Point", "coordinates": [ 1482590.200133067322895, 102110.200239419020363 ] } },
{ "type": "Feature", "properties": { "siteID": "APPA-14730", "xcoord": 1479765.6297640989, "ycoord": 75052.711083797505, "COMMENTS": null, "CL_2010": "Y", "deci_x": -77.640163847300002, "deci_y": 39.417490811500002 }, "geometry": { "type": "Point", "coordinates": [ 1479765.629764098674059, 75052.711083797519677 ] } },
{ "type": "Feature", "properties": { "siteID": "APPA-14746", "xcoord": 1479269.312212494, "ycoord": 87148.646755209891, "COMMENTS": null, "CL_2010": "Y", "deci_x": -77.617429412600004, "deci_y": 39.518984329600002 }, "geometry": { "type": "Point", "coordinates": [ 1479269.312212494434789, 87148.646755209891126 ] } },
{ "type": "Feature", "properties": { "siteID": "APPA-14810", "xcoord": 1480272.258062501, "ycoord": 81880.538663098021, "COMMENTS": null, "CL_2010": "Y", "deci_x": -77.617812071700001, "deci_y": 39.4734974498 }, "geometry": { "type": "Point", "coordinates": [ 1480272.258062501205131, 81880.538663098021061 ] } },
{ "type": "Feature", "properties": { "siteID": "APPA-14862", "xcoord": 1482300.1239517189, "ycoord": 108693.8190417302, "COMMENTS": null, "CL_2010": "Y", "deci_x": -77.529197056399994, "deci_y": 39.6933046694 }, "geometry": { "type": "Point", "coordinates": [ 1482300.123951718676835, 108693.819041730239405 ] } },
{ "type": "Feature", "properties": { "siteID": "APPA-14938", "xcoord": 1480667.4331075172, "ycoord": 99396.901118733847, "COMMENTS": null, "CL_2010": "Y", "deci_x": -77.571270362199996, "deci_y": 39.618627578100003 }, "geometry": { "type": "Point", "coordinates": [ 1480667.433107517426834, 99396.901118733847397 ] } },
{ "type": "Feature", "properties": { "siteID": "APPA-14986", "xcoord": 1480059.642663725, "ycoord": 73774.343458537871, "COMMENTS": null, "CL_2010": "Y", "deci_x": -77.639640199, "deci_y": 39.406369079400001 }, "geometry": { "type": "Point", "coordinates": [ 1480059.642663725186139, 73774.343458537870902 ] } },
{ "type": "Feature", "properties": { "siteID": "APPA-15002", "xcoord": 1479711.372462319, "ycoord": 84740.57831282611, "COMMENTS": null, "CL_2010": "Y", "deci_x": -77.617802930600007, "deci_y": 39.498219232099999 }, "geometry": { "type": "Point", "coordinates": [ 1479711.37246231851168, 84740.57831282611005 ] } },
{ "type": "Feature", "properties": { "siteID": "APPA-15130", "xcoord": 1480410.320581164, "ycoord": 95045.740075298803, "COMMENTS": null, "CL_2010": "Y", "deci_x": -77.584778800199999, "deci_y": 39.582840485799998 }, "geometry": { "type": "Point", "coordinates": [ 1480410.320581164443865, 95045.740075298803276 ] } },
{ "type": "Feature", "properties": { "siteID": "APPA-15194", "xcoord": 1482227.1501874931, "ycoord": 101351.7979106188, "COMMENTS": null, "CL_2010": "Y", "deci_x": -77.547667533500004, "deci_y": 39.632337241099997 }, "geometry": { "type": "Point", "coordinates": [ 1482227.150187493069097, 101351.79791061875585 ] } },
{ "type": "Feature", "properties": { "siteID": "APPA-15242", "xcoord": 1479189.2026140981, "ycoord": 67691.69842210639, "COMMENTS": null, "CL_2010": "Y", "deci_x": -77.664583627400006, "deci_y": 39.357151587300002 }, "geometry": { "type": "Point", "coordinates": [ 1479189.202614097623155, 67691.698422106390353 ] } },
{ "type": "Feature", "properties": { "siteID": "APPA-15258", "xcoord": 1479714.3951354148, "ycoord": 78282.754446257837, "COMMENTS": null, "CL_2010": "Y", "deci_x": -77.633115808900001, "deci_y": 39.444461981400003 }, "geometry": { "type": "Point", "coordinates": [ 1479714.395135415252298, 78282.754446257837117 ] } },
{ "type": "Feature", "properties": { "siteID": "APPA-15374", "xcoord": 1482462.886751818, "ycoord": 105298.0493416313, "COMMENTS": null, "CL_2010": "Y", "deci_x": -77.535357944899999, "deci_y": 39.664784833699997 }, "geometry": { "type": "Point", "coordinates": [ 1482462.886751818237826, 105298.049341631311108 ] } },
{ "type": "Feature", "properties": { "siteID": "APPA-15386", "xcoord": 1476573.902479118, "ycoord": 63401.607562531528, "COMMENTS": "C&O Canal", "CL_2010": "Y", "deci_x": -77.706337022400007, "deci_y": 39.325692418300001 }, "geometry": { "type": "Point", "coordinates": [ 1476573.902479118201882, 63401.607562531527947 ] } },
{ "type": "Feature", "properties": { "siteID": "APPA-15450", "xcoord": 1480491.6273931849, "ycoord": 91473.088888437225, "COMMENTS": null, "CL_2010": "Y", "deci_x": -77.592314114000004, "deci_y": 39.552975787100003 }, "geometry": { "type": "Point", "coordinates": [ 1480491.627393184462562, 91473.088888437225251 ] } },
{ "type": "Feature", "properties": { "siteID": "APPA-15514", "xcoord": 1479988.9373961771, "ycoord": 89884.549900304279, "COMMENTS": null, "CL_2010": "Y", "deci_x": -77.6021937374, "deci_y": 39.540577885200001 }, "geometry": { "type": "Point", "coordinates": [ 1479988.937396176625043, 89884.54990030429326 ] } },
{ "type": "Feature", "properties": { "siteID": "APPA-15562", "xcoord": 1478472.2535139511, "ycoord": 64741.573804474399, "COMMENTS": null, "CL_2010": "Y", "deci_x": -77.680230153699995, "deci_y": 39.333758400999997 }, "geometry": { "type": "Point", "coordinates": [ 1478472.253513951087371, 64741.573804474399367 ] } },
{ "type": "Feature", "properties": { "siteID": "APPA-15578", "xcoord": 1480270.0081781661, "ycoord": 83651.809241847368, "COMMENTS": null, "CL_2010": "Y", "deci_x": -77.613626399400005, "deci_y": 39.4882440003 }, "geometry": { "type": "Point", "coordinates": [ 1480270.008178166346624, 83651.809241847367957 ] } },
{ "type": "Feature", "properties": { "siteID": "APPA-15630", "xcoord": 1482435.6175726478, "ycoord": 109230.241185796, "COMMENTS": null, "CL_2010": "Y", "deci_x": -77.526264911599995, "deci_y": 39.697545069500002 }, "geometry": { "type": "Point", "coordinates": [ 1482435.61757264775224, 109230.241185795952333 ] } },
{ "type": "Feature", "properties": { "siteID": "APPA-15706", "xcoord": 1482710.7216404751, "ycoord": 102799.0247704675, "COMMENTS": null, "CL_2010": "Y", "deci_x": -77.5383339949, "deci_y": 39.643585511600001 }, "geometry": { "type": "Point", "coordinates": [ 1482710.721640474861488, 102799.024770467498456 ] } },
{ "type": "Feature", "properties": { "siteID": "APPA-15754", "xcoord": 1479864.3250178057, "ycoord": 74397.426068691551, "COMMENTS": null, "CL_2010": "Y", "deci_x": -77.640524689100005, "deci_y": 39.4118748072 }, "geometry": { "type": "Point", "coordinates": [ 1479864.325017806375399, 74397.426068691551336 ] } },
{ "type": "Feature", "properties": { "siteID": "APPA-15770", "xcoord": 1479184.726045117, "ycoord": 86009.321383342904, "COMMENTS": null, "CL_2010": "Y", "deci_x": -77.621165050800002, "deci_y": 39.509639895299998 }, "geometry": { "type": "Point", "coordinates": [ 1479184.726045117015019, 86009.321383342903573 ] } },
{ "type": "Feature", "properties": { "siteID": "APPA-15886", "xcoord": 1483030.0588421971, "ycoord": 111045.1510946131, "COMMENTS": null, "CL_2010": "Y", "deci_x": -77.514688813999996, "deci_y": 39.711667780100001 }, "geometry": { "type": "Point", "coordinates": [ 1483030.058842197060585, 111045.151094613116584 ] } },
{ "type": "Feature", "properties": { "siteID": "APPA-15962", "xcoord": 1480518.120474285, "ycoord": 98533.718307234754, "COMMENTS": null, "CL_2010": "Y", "deci_x": -77.575144180300001, "deci_y": 39.611689393900001 }, "geometry": { "type": "Point", "coordinates": [ 1480518.120474285446107, 98533.71830723475432 ] } },
{ "type": "Feature", "properties": { "siteID": "APPA-16010", "xcoord": 1480021.3583415197, "ycoord": 73010.075702380389, "COMMENTS": null, "CL_2010": "Y", "deci_x": -77.641916495399997, "deci_y": 39.400069401700001 }, "geometry": { "type": "Point", "coordinates": [ 1480021.358341519953683, 73010.075702380388975 ] } },
{ "type": "Feature", "properties": { "siteID": "APPA-16026", "xcoord": 1479517.7286249341, "ycoord": 84666.65305778716, "COMMENTS": null, "CL_2010": "Y", "deci_x": -77.620324530199994, "deci_y": 39.497920419300002 }, "geometry": { "type": "Point", "coordinates": [ 1479517.728624934097752, 84666.653057787174475 ] } },
{ "type": "Feature", "properties": { "siteID": "APPA-16154", "xcoord": 1480224.795617701, "ycoord": 94401.972336355422, "COMMENTS": null, "CL_2010": "Y", "deci_x": -77.588564813399998, "deci_y": 39.577786861200003 }, "geometry": { "type": "Point", "coordinates": [ 1480224.795617700787261, 94401.972336355422158 ] } },
{ "type": "Feature", "properties": { "siteID": "APPA-16218", "xcoord": 1481650.9220477049, "ycoord": 100915.2832267847, "COMMENTS": null, "CL_2010": "Y", "deci_x": -77.555705337099994, "deci_y": 39.629650134800002 }, "geometry": { "type": "Point", "coordinates": [ 1481650.922047705156729, 100915.283226784740691 ] } },
{ "type": "Feature", "properties": { "siteID": "APPA-16266", "xcoord": 1479417.2292367229, "ycoord": 68751.963256981238, "COMMENTS": null, "CL_2010": "Y", "deci_x": -77.659315962099996, "deci_y": 39.365606769800003 }, "geometry": { "type": "Point", "coordinates": [ 1479417.229236722690985, 68751.963256981238374 ] } },
{ "type": "Feature", "properties": { "siteID": "APPA-16282", "xcoord": 1480125.2903226709, "ycoord": 79605.323606101374, "COMMENTS": null, "CL_2010": "Y", "deci_x": -77.624999982800006, "deci_y": 39.454799653499997 }, "geometry": { "type": "Point", "coordinates": [ 1480125.290322671411559, 79605.323606101374025 ] } },
{ "type": "Feature", "properties": { "siteID": "APPA-16474", "xcoord": 1480223.962854811, "ycoord": 94047.586383224101, "COMMENTS": null, "CL_2010": "Y", "deci_x": -77.589420258600001, "deci_y": 39.574839050400001 }, "geometry": { "type": "Point", "coordinates": [ 1480223.962854810524732, 94047.586383224086603 ] } },
{ "type": "Feature", "properties": { "siteID": "APPA-16538", "xcoord": 1481499.953553516, "ycoord": 100906.3060962772, "COMMENTS": null, "CL_2010": "Y", "deci_x": -77.557559069600003, "deci_y": 39.629822963000002 }, "geometry": { "type": "Point", "coordinates": [ 1481499.95355351595208, 100906.306096277243341 ] } },
{ "type": "Feature", "properties": { "siteID": "APPA-16586", "xcoord": 1479332.6232470809, "ycoord": 68427.162224485, "COMMENTS": null, "CL_2010": "Y", "deci_x": -77.661108154299995, "deci_y": 39.363040704200003 }, "geometry": { "type": "Point", "coordinates": [ 1479332.623247081181034, 68427.162224485000479 ] } },
{ "type": "Feature", "properties": { "siteID": "APPA-16602", "xcoord": 1480355.8100507581, "ycoord": 79305.831175071333, "COMMENTS": null, "CL_2010": "Y", "deci_x": -77.622921127200001, "deci_y": 39.451930080700002 }, "geometry": { "type": "Point", "coordinates": [ 1480355.810050758067518, 79305.831175071332837 ] } },
{ "type": "Feature", "properties": { "siteID": "APPA-16654", "xcoord": 1482665.8124287031, "ycoord": 105988.55963362231, "COMMENTS": null, "CL_2010": "Y", "deci_x": -77.531239409799994, "deci_y": 39.670196819799997 }, "geometry": { "type": "Point", "coordinates": [ 1482665.812428702833131, 105988.559633622266119 ] } },
{ "type": "Feature", "properties": { "siteID": "APPA-16666", "xcoord": 1476602.471615836, "ycoord": 63406.657118779709, "COMMENTS": "C&O Canal", "CL_2010": "Y", "deci_x": -77.7059798704, "deci_y": 39.325687979800001 }, "geometry": { "type": "Point", "coordinates": [ 1476602.471615835791454, 63406.657118779708981 ] } },
{ "type": "Feature", "properties": { "siteID": "APPA-16730", "xcoord": 1480459.1386802371, "ycoord": 91666.436518164424, "COMMENTS": null, "CL_2010": "Y", "deci_x": -77.592247022699993, "deci_y": 39.554638036599997 }, "geometry": { "type": "Point", "coordinates": [ 1480459.138680237345397, 91666.436518164438894 ] } },
{ "type": "Feature", "properties": { "siteID": "APPA-16778", "xcoord": 1479612.2761982509, "ycoord": 76218.678096494434, "COMMENTS": null, "CL_2010": "Y", "deci_x": -77.639252294200006, "deci_y": 39.427447088000001 }, "geometry": { "type": "Point", "coordinates": [ 1479612.276198250474408, 76218.678096494433703 ] } },
{ "type": "Feature", "properties": { "siteID": "APPA-16794", "xcoord": 1479914.0498507691, "ycoord": 89675.38508997421, "COMMENTS": null, "CL_2010": "Y", "deci_x": -77.603599744099995, "deci_y": 39.5389595989 }, "geometry": { "type": "Point", "coordinates": [ 1479914.049850768875331, 89675.385089974210132 ] } },
{ "type": "Feature", "properties": { "siteID": "APPA-16842", "xcoord": 1478473.7050757201, "ycoord": 64729.671862231808, "COMMENTS": null, "CL_2010": "Y", "deci_x": -77.680240758599993, "deci_y": 39.333656941199997 }, "geometry": { "type": "Point", "coordinates": [ 1478473.705075719859451, 64729.671862231807609 ] } },
{ "type": "Feature", "properties": { "siteID": "APPA-16858", "xcoord": 1479945.5330804179, "ycoord": 83181.059663673586, "COMMENTS": null, "CL_2010": "Y", "deci_x": -77.618676031999996, "deci_y": 39.484856217199997 }, "geometry": { "type": "Point", "coordinates": [ 1479945.533080417662859, 83181.059663673586329 ] } },
{ "type": "Feature", "properties": { "siteID": "APPA-16910", "xcoord": 1482544.9535999971, "ycoord": 109358.6230689848, "COMMENTS": null, "CL_2010": "Y", "deci_x": -77.524628761700001, "deci_y": 39.698433611399999 }, "geometry": { "type": "Point", "coordinates": [ 1482544.953599996631965, 109358.623068984772544 ] } },
{ "type": "Feature", "properties": { "siteID": "APPA-16986", "xcoord": 1482666.6574006691, "ycoord": 102971.0103713601, "COMMENTS": null, "CL_2010": "Y", "deci_x": -77.538457095400005, "deci_y": 39.645088815400001 }, "geometry": { "type": "Point", "coordinates": [ 1482666.657400669064373, 102971.010371360069257 ] } },
{ "type": "Feature", "properties": { "siteID": "APPA-17034", "xcoord": 1479757.238116726, "ycoord": 74869.902689291295, "COMMENTS": null, "CL_2010": "Y", "deci_x": -77.640699180200002, "deci_y": 39.415982741299999 }, "geometry": { "type": "Point", "coordinates": [ 1479757.238116726046428, 74869.902689291295246 ] } },
{ "type": "Feature", "properties": { "siteID": "APPA-17050", "xcoord": 1479226.7779327149, "ycoord": 86374.724784276448, "COMMENTS": null, "CL_2010": "Y", "deci_x": -77.619786256799998, "deci_y": 39.512612467300002 }, "geometry": { "type": "Point", "coordinates": [ 1479226.777932714670897, 86374.72478427644819 ] } },
{ "type": "Feature", "properties": { "siteID": "APPA-17166", "xcoord": 1483374.7013416891, "ycoord": 111455.91833701781, "COMMENTS": null, "CL_2010": "Y", "deci_x": -77.509515047299999, "deci_y": 39.714518703899998 }, "geometry": { "type": "Point", "coordinates": [ 1483374.701341689331457, 111455.918337017821614 ] } },
{ "type": "Feature", "properties": { "siteID": "APPA-17242", "xcoord": 1480516.0601840371, "ycoord": 98514.244611443675, "COMMENTS": null, "CL_2010": "Y", "deci_x": -77.575215691300002, "deci_y": 39.611530721299999 }, "geometry": { "type": "Point", "coordinates": [ 1480516.060184036614373, 98514.24461144367524 ] } },
{ "type": "Feature", "properties": { "siteID": "APPA-17290", "xcoord": 1479970.8811070269, "ycoord": 72738.454882859718, "COMMENTS": null, "CL_2010": "Y", "deci_x": -77.643171367799994, "deci_y": 39.397890665399999 }, "geometry": { "type": "Point", "coordinates": [ 1479970.881107026478276, 72738.454882859718055 ] } },
{ "type": "Feature", "properties": { "siteID": "APPA-17306", "xcoord": 1480320.6147246631, "ycoord": 78758.445870887022, "COMMENTS": null, "CL_2010": "Y", "deci_x": -77.624647917299995, "deci_y": 39.447431274400003 }, "geometry": { "type": "Point", "coordinates": [ 1480320.614724662853405, 78758.445870887022465 ] } },
{ "type": "Feature", "properties": { "siteID": "APPA-17422", "xcoord": 1482413.827718487, "ycoord": 103443.94129520431, "COMMENTS": null, "CL_2010": "Y", "deci_x": -77.540393984100007, "deci_y": 39.649438689500002 }, "geometry": { "type": "Point", "coordinates": [ 1482413.827718487242237, 103443.94129520432034 ] } },
{ "type": "Feature", "properties": { "siteID": "APPA-17434", "xcoord": 1477943.599825992, "ycoord": 63542.824837949651, "COMMENTS": "C&O Canal", "CL_2010": "Y", "deci_x": -77.689452458800005, "deci_y": 39.324638675700001 }, "geometry": { "type": "Point", "coordinates": [ 1477943.599825992248952, 63542.824837949650828 ] } },
{ "type": "Feature", "properties": { "siteID": "APPA-17498", "xcoord": 1480532.0342121641, "ycoord": 95486.423422855936, "COMMENTS": null, "CL_2010": "Y", "deci_x": -77.582250897600005, "deci_y": 39.586308459900003 }, "geometry": { "type": "Point", "coordinates": [ 1480532.034212164115161, 95486.423422855936224 ] } },
{ "type": "Feature", "properties": { "siteID": "APPA-17562", "xcoord": 1480760.7987833021, "ycoord": 100239.9770623946, "COMMENTS": null, "CL_2010": "Y", "deci_x": -77.568122755399997, "deci_y": 39.625489962300001 }, "geometry": { "type": "Point", "coordinates": [ 1480760.798783302307129, 100239.977062394551467 ] } },
{ "type": "Feature", "properties": { "siteID": "APPA-17610", "xcoord": 1479089.1924838549, "ycoord": 66956.814861985084, "COMMENTS": null, "CL_2010": "Y", "deci_x": -77.667532365400007, "deci_y": 39.351196395499997 }, "geometry": { "type": "Point", "coordinates": [ 1479089.192483854945749, 66956.814861985083553 ] } },
{ "type": "Feature", "properties": { "siteID": "APPA-17626", "xcoord": 1479947.800449769, "ycoord": 79931.056909033126, "COMMENTS": null, "CL_2010": "Y", "deci_x": -77.626374663500002, "deci_y": 39.457800969200001 }, "geometry": { "type": "Point", "coordinates": [ 1479947.800449768546969, 79931.056909033126431 ] } },
{ "type": "Feature", "properties": { "siteID": "APPA-17678", "xcoord": 1482852.589536173, "ycoord": 106607.65060460971, "COMMENTS": null, "CL_2010": "Y", "deci_x": -77.527487491100004, "deci_y": 39.675040965000001 }, "geometry": { "type": "Point", "coordinates": [ 1482852.589536172570661, 106607.650604609720176 ] } },
{ "type": "Feature", "properties": { "siteID": "APPA-17754", "xcoord": 1479820.272984663, "ycoord": 92479.571444213201, "COMMENTS": null, "CL_2010": "Y", "deci_x": -77.598054431500003, "deci_y": 39.5624505149 }, "geometry": { "type": "Point", "coordinates": [ 1479820.272984662791714, 92479.571444213201175 ] } },
{ "type": "Feature", "properties": { "siteID": "APPA-17802", "xcoord": 1479550.0255813501, "ycoord": 76733.278287990994, "COMMENTS": null, "CL_2010": "Y", "deci_x": -77.638784152599996, "deci_y": 39.431832386700002 }, "geometry": { "type": "Point", "coordinates": [ 1479550.025581349851564, 76733.278287990993704 ] } },
{ "type": "Feature", "properties": { "siteID": "APPA-17818", "xcoord": 1479470.9384044569, "ycoord": 88522.324029991025, "COMMENTS": null, "CL_2010": "Y", "deci_x": -77.611716343599994, "deci_y": 39.530087678999998 }, "geometry": { "type": "Point", "coordinates": [ 1479470.938404456479475, 88522.324029991024872 ] } },
{ "type": "Feature", "properties": { "siteID": "APPA-17866", "xcoord": 1478850.2705941619, "ycoord": 66271.440026228709, "COMMENTS": null, "CL_2010": "Y", "deci_x": -77.6720424, "deci_y": 39.3458797264 }, "geometry": { "type": "Point", "coordinates": [ 1478850.270594162167981, 66271.44002622870903 ] } },
{ "type": "Feature", "properties": { "siteID": "APPA-17882", "xcoord": 1479937.7229164219, "ycoord": 81082.92006367656, "COMMENTS": null, "CL_2010": "Y", "deci_x": -77.623759142899999, "deci_y": 39.467405170399999 }, "geometry": { "type": "Point", "coordinates": [ 1479937.722916421946138, 81082.920063676559948 ] } },
{ "type": "Feature", "properties": { "siteID": "APPA-17934", "xcoord": 1482304.326877105, "ycoord": 108631.7580401516, "COMMENTS": null, "CL_2010": "Y", "deci_x": -77.529294780399994, "deci_y": 39.692781435800001 }, "geometry": { "type": "Point", "coordinates": [ 1482304.326877104584128, 108631.758040151617024 ] } },
{ "type": "Feature", "properties": { "siteID": "APPA-18010", "xcoord": 1482497.0890468289, "ycoord": 101258.9037676247, "COMMENTS": null, "CL_2010": "Y", "deci_x": -77.544613616199996, "deci_y": 39.631121466800003 }, "geometry": { "type": "Point", "coordinates": [ 1482497.089046829147264, 101258.903767624738975 ] } },
{ "type": "Feature", "properties": { "siteID": "APPA-18058", "xcoord": 1479864.0974826771, "ycoord": 71825.004464072248, "COMMENTS": null, "CL_2010": "Y", "deci_x": -77.646629258000004, "deci_y": 39.390460758700002 }, "geometry": { "type": "Point", "coordinates": [ 1479864.097482677083462, 71825.004464072248084 ] } },
{ "type": "Feature", "properties": { "siteID": "APPA-18074", "xcoord": 1479870.001265473, "ycoord": 84323.730162914144, "COMMENTS": null, "CL_2010": "Y", "deci_x": -77.616873007899997, "deci_y": 39.494490438699998 }, "geometry": { "type": "Point", "coordinates": [ 1479870.001265473430976, 84323.730162914143875 ] } },
{ "type": "Feature", "properties": { "siteID": "APPA-18122", "xcoord": 1475255.945720298, "ycoord": 62878.29963138637, "COMMENTS": null, "CL_2010": "Y", "deci_x": -77.723498265100005, "deci_y": 39.323478401599999 }, "geometry": { "type": "Point", "coordinates": [ 1475255.945720297750086, 62878.299631386369583 ] } },
{ "type": "Feature", "properties": { "siteID": "APPA-18190", "xcoord": 1482915.1520212891, "ycoord": 110661.89319068209, "COMMENTS": null, "CL_2010": "Y", "deci_x": -77.517004711699997, "deci_y": 39.7086681089 }, "geometry": { "type": "Point", "coordinates": [ 1482915.152021288871765, 110661.893190682138084 ] } },
{ "type": "Feature", "properties": { "siteID": "APPA-18266", "xcoord": 1480519.248854608, "ycoord": 97478.053333712727, "COMMENTS": null, "CL_2010": "Y", "deci_x": -77.577651555299994, "deci_y": 39.602902928100001 }, "geometry": { "type": "Point", "coordinates": [ 1480519.248854608042166, 97478.053333712727181 ] } },
{ "type": "Feature", "properties": { "siteID": "APPA-18314", "xcoord": 1479741.631987287, "ycoord": 70546.573197917998, "COMMENTS": null, "CL_2010": "Y", "deci_x": -77.651141151399997, "deci_y": 39.380017845300003 }, "geometry": { "type": "Point", "coordinates": [ 1479741.631987286964431, 70546.573197917998186 ] } },
{ "type": "Feature", "properties": { "siteID": "APPA-18330", "xcoord": 1479517.9439699461, "ycoord": 77469.117142544419, "COMMENTS": null, "CL_2010": "Y", "deci_x": -77.637425583899997, "deci_y": 39.438010024199997 }, "geometry": { "type": "Point", "coordinates": [ 1479517.943969946121797, 77469.117142544419039 ] } },
{ "type": "Feature", "properties": { "siteID": "APPA-18446", "xcoord": 1482576.2623896259, "ycoord": 104881.37889713849, "COMMENTS": null, "CL_2010": "Y", "deci_x": -77.5349794097, "deci_y": 39.661131975399996 }, "geometry": { "type": "Point", "coordinates": [ 1482576.262389626353979, 104881.378897138449247 ] } },
{ "type": "Feature", "properties": { "siteID": "APPA-18458", "xcoord": 1478267.636165892, "ycoord": 64241.458097645358, "COMMENTS": null, "CL_2010": "Y", "deci_x": -77.683885421300005, "deci_y": 39.329927797800003 }, "geometry": { "type": "Point", "coordinates": [ 1478267.636165891541168, 64241.458097645358066 ] } },
{ "type": "Feature", "properties": { "siteID": "APPA-18522", "xcoord": 1480592.504903585, "ycoord": 96544.287477327525, "COMMENTS": null, "CL_2010": "Y", "deci_x": -77.578992286200005, "deci_y": 39.595012601599997 }, "geometry": { "type": "Point", "coordinates": [ 1480592.504903584718704, 96544.287477327525266 ] } },
{ "type": "Feature", "properties": { "siteID": "APPA-18586", "xcoord": 1479894.177592285, "ycoord": 89535.976171842907, "COMMENTS": null, "CL_2010": "Y", "deci_x": -77.604172697799996, "deci_y": 39.537831863599997 }, "geometry": { "type": "Point", "coordinates": [ 1479894.177592285210267, 89535.976171842907206 ] } },
{ "type": "Feature", "properties": { "siteID": "APPA-18634", "xcoord": 1478764.616074688, "ycoord": 65483.30638247716, "COMMENTS": null, "CL_2010": "Y", "deci_x": -77.674942427999994, "deci_y": 39.339457547099997 }, "geometry": { "type": "Point", "coordinates": [ 1478764.616074687801301, 65483.306382477152511 ] } },
{ "type": "Feature", "properties": { "siteID": "APPA-18650", "xcoord": 1480052.1489293177, "ycoord": 82315.924439906215, "COMMENTS": null, "CL_2010": "Y", "deci_x": -77.619442188999997, "deci_y": 39.477481110500001 }, "geometry": { "type": "Point", "coordinates": [ 1480052.148929317481816, 82315.924439906215412 ] } },
{ "type": "Feature", "properties": { "siteID": "APPA-18702", "xcoord": 1483000.3039022433, "ycoord": 107332.36499483031, "COMMENTS": null, "CL_2010": "Y", "deci_x": -77.523956206400001, "deci_y": 39.680827901699999 }, "geometry": { "type": "Point", "coordinates": [ 1483000.303902242798358, 107332.36499483033549 ] } },
{ "type": "Feature", "properties": { "siteID": "APPA-18778", "xcoord": 1479731.81393941, "ycoord": 93263.16716808574, "COMMENTS": null, "CL_2010": "Y", "deci_x": -77.597259066899994, "deci_y": 39.569116467299999 }, "geometry": { "type": "Point", "coordinates": [ 1479731.81393941026181, 93263.167168085739831 ] } },
{ "type": "Feature", "properties": { "siteID": "APPA-18826", "xcoord": 1479560.057684365, "ycoord": 76974.440508942862, "COMMENTS": null, "CL_2010": "Y", "deci_x": -77.638090266999995, "deci_y": 39.433823490400002 }, "geometry": { "type": "Point", "coordinates": [ 1479560.057684365194291, 76974.440508942861925 ] } },
{ "type": "Feature", "properties": { "siteID": "APPA-18842", "xcoord": 1479300.4794745112, "ycoord": 87808.833469658057, "COMMENTS": null, "CL_2010": "Y", "deci_x": -77.615480565699997, "deci_y": 39.524428078500002 }, "geometry": { "type": "Point", "coordinates": [ 1479300.479474510764703, 87808.833469658056856 ] } },
{ "type": "Feature", "properties": { "siteID": "APPA-18906", "xcoord": 1480322.501866421, "ycoord": 81443.856471786858, "COMMENTS": null, "CL_2010": "Y", "deci_x": -77.6182420393, "deci_y": 39.4697806179 }, "geometry": { "type": "Point", "coordinates": [ 1480322.50186642142944, 81443.856471786857583 ] } },
{ "type": "Feature", "properties": { "siteID": "APPA-18958", "xcoord": 1482296.2968123693, "ycoord": 108766.37030845199, "COMMENTS": null, "CL_2010": "Y", "deci_x": -77.529069616800001, "deci_y": 39.693914562099998 }, "geometry": { "type": "Point", "coordinates": [ 1482296.296812368556857, 108766.370308451951132 ] } },
{ "type": "Feature", "properties": { "siteID": "APPA-19034", "xcoord": 1480730.214255813, "ycoord": 99799.515781903028, "COMMENTS": null, "CL_2010": "Y", "deci_x": -77.569546497100006, "deci_y": 39.621874945899997 }, "geometry": { "type": "Point", "coordinates": [ 1480730.214255812810734, 99799.515781903028255 ] } },
{ "type": "Feature", "properties": { "siteID": "APPA-19082", "xcoord": 1479846.9577726731, "ycoord": 71130.843566878844, "COMMENTS": null, "CL_2010": "Y", "deci_x": -77.6484824084, "deci_y": 39.384709966099997 }, "geometry": { "type": "Point", "coordinates": [ 1479846.957772673107684, 71130.843566878844285 ] } },
{ "type": "Feature", "properties": { "siteID": "APPA-19098", "xcoord": 1479748.666626713, "ycoord": 84731.466385611915, "COMMENTS": null, "CL_2010": "Y", "deci_x": -77.617372834799994, "deci_y": 39.498082434899999 }, "geometry": { "type": "Point", "coordinates": [ 1479748.666626713005826, 84731.46638561191503 ] } },
{ "type": "Feature", "properties": { "siteID": "APPA-19146", "xcoord": 1475541.4410106421, "ycoord": 62980.553055048636, "COMMENTS": "C&O Canal", "CL_2010": "Y", "deci_x": -77.719807104899999, "deci_y": 39.323865712200003 }, "geometry": { "type": "Point", "coordinates": [ 1475541.441010641632602, 62980.553055048643728 ] } },
{ "type": "Feature", "properties": { "siteID": "APPA-19226", "xcoord": 1480443.6774367781, "ycoord": 95207.636745010808, "COMMENTS": null, "CL_2010": "Y", "deci_x": -77.583987898100006, "deci_y": 39.584133140699997 }, "geometry": { "type": "Point", "coordinates": [ 1480443.677436778089032, 95207.636745010808227 ] } },
{ "type": "Feature", "properties": { "siteID": "APPA-19290", "xcoord": 1481590.6173146321, "ycoord": 101003.31251307449, "COMMENTS": null, "CL_2010": "Y", "deci_x": -77.556226712699996, "deci_y": 39.63048149 }, "geometry": { "type": "Point", "coordinates": [ 1481590.617314632050693, 101003.312513074459275 ] } },
{ "type": "Feature", "properties": { "siteID": "APPA-19338", "xcoord": 1479745.2037255859, "ycoord": 69931.758292635772, "COMMENTS": null, "CL_2010": "Y", "deci_x": -77.652555131400007, "deci_y": 39.374893683700002 }, "geometry": { "type": "Point", "coordinates": [ 1479745.203725585481152, 69931.758292635771795 ] } },
{ "type": "Feature", "properties": { "siteID": "APPA-19354", "xcoord": 1479541.00905517, "ycoord": 78593.811514780871, "COMMENTS": null, "CL_2010": "Y", "deci_x": -77.634475823900004, "deci_y": 39.447334386900003 }, "geometry": { "type": "Point", "coordinates": [ 1479541.009055169997737, 78593.811514780871221 ] } },
{ "type": "Feature", "properties": { "siteID": "APPA-19470", "xcoord": 1482582.5703397449, "ycoord": 105127.2039312061, "COMMENTS": null, "CL_2010": "Y", "deci_x": -77.534313944499999, "deci_y": 39.6631669235 }, "geometry": { "type": "Point", "coordinates": [ 1482582.570339745376259, 105127.203931206138805 ] } },
{ "type": "Feature", "properties": { "siteID": "APPA-19482", "xcoord": 1476052.9131105379, "ycoord": 63205.265924706429, "COMMENTS": "C&O Canal", "CL_2010": "Y", "deci_x": -77.713096177599994, "deci_y": 39.324905088100003 }, "geometry": { "type": "Point", "coordinates": [ 1476052.913110537920147, 63205.26592470642936 ] } },
{ "type": "Feature", "properties": { "siteID": "APPA-19546", "xcoord": 1480325.6398799501, "ycoord": 90438.71442767368, "COMMENTS": null, "CL_2010": "Y", "deci_x": -77.596791912399993, "deci_y": 39.544639044 }, "geometry": { "type": "Point", "coordinates": [ 1480325.639879950322211, 90438.714427673679893 ] } },
{ "type": "Feature", "properties": { "siteID": "APPA-19610", "xcoord": 1479615.338924061, "ycoord": 88873.148850881145, "COMMENTS": null, "CL_2010": "Y", "deci_x": -77.609130931899998, "deci_y": 39.532771399799998 }, "geometry": { "type": "Point", "coordinates": [ 1479615.338924060808495, 88873.148850881145336 ] } },
{ "type": "Feature", "properties": { "siteID": "APPA-19658", "xcoord": 1478782.176069895, "ycoord": 64753.20738772089, "COMMENTS": null, "CL_2010": "Y", "deci_x": -77.676457309, "deci_y": 39.333350248899997 }, "geometry": { "type": "Point", "coordinates": [ 1478782.176069895038381, 64753.207387720889528 ] } },
{ "type": "Feature", "properties": { "siteID": "APPA-19674", "xcoord": 1480184.70477066, "ycoord": 83578.827467980882, "COMMENTS": null, "CL_2010": "Y", "deci_x": -77.614833192899994, "deci_y": 39.48777601 }, "geometry": { "type": "Point", "coordinates": [ 1480184.704770660027862, 83578.82746798088192 ] } },
{ "type": "Feature", "properties": { "siteID": "APPA-19726", "xcoord": 1483033.307129286, "ycoord": 107960.16094156451, "COMMENTS": null, "CL_2010": "Y", "deci_x": -77.522050041100002, "deci_y": 39.6859968009 }, "geometry": { "type": "Point", "coordinates": [ 1483033.307129285531119, 107960.160941564448876 ] } },
{ "type": "Feature", "properties": { "siteID": "APPA-19802", "xcoord": 1482702.1781748231, "ycoord": 102527.9596074201, "COMMENTS": null, "CL_2010": "Y", "deci_x": -77.5390866985, "deci_y": 39.641344158099997 }, "geometry": { "type": "Point", "coordinates": [ 1482702.178174823289737, 102527.959607420125394 ] } },
{ "type": "Feature", "properties": { "siteID": "APPA-19850", "xcoord": 1479894.770826245, "ycoord": 74334.243901626745, "COMMENTS": null, "CL_2010": "Y", "deci_x": -77.640306266899998, "deci_y": 39.411299142600001 }, "geometry": { "type": "Point", "coordinates": [ 1479894.770826244959608, 74334.243901626745355 ] } },
{ "type": "Feature", "properties": { "siteID": "APPA-19866", "xcoord": 1479321.042457077, "ycoord": 85500.409229130586, "COMMENTS": null, "CL_2010": "Y", "deci_x": -77.620724090099998, "deci_y": 39.505181374599999 }, "geometry": { "type": "Point", "coordinates": [ 1479321.042457076953724, 85500.409229130586027 ] } },
{ "type": "Feature", "properties": { "siteID": "APPA-19982", "xcoord": 1483087.1937737649, "ycoord": 108520.50284379419, "COMMENTS": null, "CL_2010": "Y", "deci_x": -77.520051679600002, "deci_y": 39.690570146 }, "geometry": { "type": "Point", "coordinates": [ 1483087.193773764884099, 108520.502843794238288 ] } },
{ "type": "Feature", "properties": { "siteID": "APPA-20058", "xcoord": 1480612.6756578078, "ycoord": 98911.954779275329, "COMMENTS": null, "CL_2010": "Y", "deci_x": -77.573093369899993, "deci_y": 39.6146819278 }, "geometry": { "type": "Point", "coordinates": [ 1480612.675657807616517, 98911.954779275329201 ] } },
{ "type": "Feature", "properties": { "siteID": "APPA-20106", "xcoord": 1480095.7070346649, "ycoord": 73540.857439457875, "COMMENTS": null, "CL_2010": "Y", "deci_x": -77.639757908899995, "deci_y": 39.404366540399998 }, "geometry": { "type": "Point", "coordinates": [ 1480095.707034665392712, 73540.857439457875444 ] } },
{ "type": "Feature", "properties": { "siteID": "APPA-20122", "xcoord": 1479346.8975278949, "ycoord": 84751.305660324841, "COMMENTS": null, "CL_2010": "Y", "deci_x": -77.622192619700002, "deci_y": 39.498904170400003 }, "geometry": { "type": "Point", "coordinates": [ 1479346.897527895402163, 84751.305660324840574 ] } },
{ "type": "Feature", "properties": { "siteID": "APPA-20238", "xcoord": 1483435.9501115778, "ycoord": 111970.1595041032, "COMMENTS": null, "CL_2010": "Y", "deci_x": -77.507536149499998, "deci_y": 39.718696098800002 }, "geometry": { "type": "Point", "coordinates": [ 1483435.950111577520147, 111970.159504103226936 ] } },
{ "type": "Feature", "properties": { "siteID": "APPA-20250", "xcoord": 1480235.677435244, "ycoord": 93978.706395847112, "COMMENTS": null, "CL_2010": "Y", "deci_x": -77.589442489600003, "deci_y": 39.57424666 }, "geometry": { "type": "Point", "coordinates": [ 1480235.677435244433582, 93978.706395847111708 ] } },
{ "type": "Feature", "properties": { "siteID": "APPA-20314", "xcoord": 1481895.8283262709, "ycoord": 100989.6062040102, "COMMENTS": null, "CL_2010": "Y", "deci_x": -77.552555224100004, "deci_y": 39.629866963600001 }, "geometry": { "type": "Point", "coordinates": [ 1481895.828326270915568, 100989.606204010167858 ] } },
{ "type": "Feature", "properties": { "siteID": "APPA-20362", "xcoord": 1479226.272877543, "ycoord": 67898.883063859394, "COMMENTS": null, "CL_2010": "Y", "deci_x": -77.663644911999995, "deci_y": 39.358816034500002 }, "geometry": { "type": "Point", "coordinates": [ 1479226.272877543233335, 67898.883063859393587 ] } },
{ "type": "Feature", "properties": { "siteID": "APPA-20378", "xcoord": 1479695.4640013007, "ycoord": 78251.149839078556, "COMMENTS": null, "CL_2010": "Y", "deci_x": -77.633420011699997, "deci_y": 39.444229823199997 }, "geometry": { "type": "Point", "coordinates": [ 1479695.464001300511882, 78251.149839078556397 ] } },
{ "type": "Feature", "properties": { "siteID": "APPA-20506", "xcoord": 1477618.1540475041, "ycoord": 63358.199581507499, "COMMENTS": "C&O Canal", "CL_2010": "Y", "deci_x": -77.693821209299998, "deci_y": 39.3236313763 }, "geometry": { "type": "Point", "coordinates": [ 1477618.15404750360176, 63358.199581507498806 ] } },
{ "type": "Feature", "properties": { "siteID": "APPA-20570", "xcoord": 1480555.5904164179, "ycoord": 95790.500940044891, "COMMENTS": null, "CL_2010": "Y", "deci_x": -77.581239424499998, "deci_y": 39.5888003269 }, "geometry": { "type": "Point", "coordinates": [ 1480555.590416418388486, 95790.50094004489074 ] } },
{ "type": "Feature", "properties": { "siteID": "APPA-20634", "xcoord": 1480754.1520154839, "ycoord": 100181.19937884979, "COMMENTS": null, "CL_2010": "Y", "deci_x": -77.568343890799994, "deci_y": 39.625011759000003 }, "geometry": { "type": "Point", "coordinates": [ 1480754.152015484170988, 100181.199378849778441 ] } },
{ "type": "Feature", "properties": { "siteID": "APPA-20682", "xcoord": 1479413.716218174, "ycoord": 68730.984229046371, "COMMENTS": null, "CL_2010": "Y", "deci_x": -77.659408128199999, "deci_y": 39.365437844100001 }, "geometry": { "type": "Point", "coordinates": [ 1479413.716218174202368, 68730.984229046371183 ] } },
{ "type": "Feature", "properties": { "siteID": "APPA-20698", "xcoord": 1480434.899038672, "ycoord": 79210.744759549023, "COMMENTS": null, "CL_2010": "Y", "deci_x": -77.622189715499999, "deci_y": 39.451009362999997 }, "geometry": { "type": "Point", "coordinates": [ 1480434.899038672214374, 79210.744759549023001 ] } },
{ "type": "Feature", "properties": { "siteID": "APPA-20750", "xcoord": 1482814.146756504, "ycoord": 106315.8631505762, "COMMENTS": null, "CL_2010": "Y", "deci_x": -77.528653697199999, "deci_y": 39.672676437600003 }, "geometry": { "type": "Point", "coordinates": [ 1482814.146756504429504, 106315.863150576173211 ] } },
{ "type": "Feature", "properties": { "siteID": "APPA-20762", "xcoord": 1476838.8400566729, "ycoord": 63436.733670967777, "COMMENTS": "C&O Canal", "CL_2010": "Y", "deci_x": -77.703052588999995, "deci_y": 39.325553792500003 }, "geometry": { "type": "Point", "coordinates": [ 1476838.840056673390791, 63436.733670967776561 ] } },
{ "type": "Feature", "properties": { "siteID": "APPA-20826", "xcoord": 1480226.4899797, "ycoord": 91893.873484240219, "COMMENTS": null, "CL_2010": "Y", "deci_x": -77.5945253979, "deci_y": 39.556911542899996 }, "geometry": { "type": "Point", "coordinates": [ 1480226.489979699719697, 91893.873484240219113 ] } },
{ "type": "Feature", "properties": { "siteID": "APPA-20874", "xcoord": 1479555.1058945979, "ycoord": 76465.913083276842, "COMMENTS": null, "CL_2010": "Y", "deci_x": -77.639357306700006, "deci_y": 39.429598480300001 }, "geometry": { "type": "Point", "coordinates": [ 1479555.105894597480074, 76465.913083276842372 ] } },
{ "type": "Feature", "properties": { "siteID": "APPA-20890", "xcoord": 1480201.1600084498, "ycoord": 89889.210411608437, "COMMENTS": null, "CL_2010": "Y", "deci_x": -77.599610243100003, "deci_y": 39.540269503700003 }, "geometry": { "type": "Point", "coordinates": [ 1480201.160008450038731, 89889.210411608437425 ] } },
{ "type": "Feature", "properties": { "siteID": "APPA-20938", "xcoord": 1478771.5790196811, "ycoord": 64996.384462505703, "COMMENTS": null, "CL_2010": "Y", "deci_x": -77.676010155699998, "deci_y": 39.335392177000003 }, "geometry": { "type": "Point", "coordinates": [ 1478771.57901968085207, 64996.384462505702686 ] } },
{ "type": "Feature", "properties": { "siteID": "APPA-20954", "xcoord": 1480025.2529461491, "ycoord": 83368.630324296959, "COMMENTS": null, "CL_2010": "Y", "deci_x": -77.6172644018, "deci_y": 39.486287128100003 }, "geometry": { "type": "Point", "coordinates": [ 1480025.252946148859337, 83368.630324296958861 ] } },
{ "type": "Feature", "properties": { "siteID": "APPA-21006", "xcoord": 1482417.6479640589, "ycoord": 109209.80368069602, "COMMENTS": null, "CL_2010": "Y", "deci_x": -77.526532223900006, "deci_y": 39.697404544199998 }, "geometry": { "type": "Point", "coordinates": [ 1482417.647964059142396, 109209.803680696015363 ] } },
{ "type": "Feature", "properties": { "siteID": "APPA-21082", "xcoord": 1482450.4654804389, "ycoord": 103414.39904103179, "COMMENTS": null, "CL_2010": "Y", "deci_x": -77.540019936099995, "deci_y": 39.649132764699999 }, "geometry": { "type": "Point", "coordinates": [ 1482450.465480438899249, 103414.399041031749221 ] } },
{ "type": "Feature", "properties": { "siteID": "APPA-21130", "xcoord": 1479912.023645784, "ycoord": 72260.868495311908, "COMMENTS": null, "CL_2010": "Y", "deci_x": -77.645015992899999, "deci_y": 39.394010989599998 }, "geometry": { "type": "Point", "coordinates": [ 1479912.023645783541724, 72260.868495311908191 ] } },
{ "type": "Feature", "properties": { "siteID": "APPA-21146", "xcoord": 1479261.1648170731, "ycoord": 86889.729934765812, "COMMENTS": null, "CL_2010": "Y", "deci_x": -77.618144246599996, "deci_y": 39.516842681599996 }, "geometry": { "type": "Point", "coordinates": [ 1479261.164817072916776, 86889.729934765811777 ] } },
{ "type": "Feature", "properties": { "siteID": "APPA-21262", "xcoord": 1483353.9254719799, "ycoord": 111335.39186562769, "COMMENTS": null, "CL_2010": "Y", "deci_x": -77.510056836700002, "deci_y": 39.713550162499999 }, "geometry": { "type": "Point", "coordinates": [ 1483353.925471979891881, 111335.391865627723746 ] } },
{ "type": "Feature", "properties": { "siteID": "APPA-21338", "xcoord": 1480537.1449759591, "ycoord": 98081.53106292231, "COMMENTS": null, "CL_2010": "Y", "deci_x": -77.575993318399995, "deci_y": 39.607895415999998 }, "geometry": { "type": "Point", "coordinates": [ 1480537.144975958857685, 98081.531062922309502 ] } },
{ "type": "Feature", "properties": { "siteID": "APPA-21386", "xcoord": 1479808.272198071, "ycoord": 70765.386967212311, "COMMENTS": null, "CL_2010": "Y", "deci_x": -77.64981661, "deci_y": 39.381730711400003 }, "geometry": { "type": "Point", "coordinates": [ 1479808.272198070539162, 70765.386967212310992 ] } },
{ "type": "Feature", "properties": { "siteID": "APPA-21402", "xcoord": 1480252.1130557579, "ycoord": 78761.671400846462, "COMMENTS": null, "CL_2010": "Y", "deci_x": -77.625469432800003, "deci_y": 39.4475700502 }, "geometry": { "type": "Point", "coordinates": [ 1480252.113055757479742, 78761.671400846462348 ] } },
{ "type": "Feature", "properties": { "siteID": "APPA-21518", "xcoord": 1482579.610885838, "ycoord": 104946.6300845724, "COMMENTS": null, "CL_2010": "Y", "deci_x": -77.534782446799994, "deci_y": 39.661669379800003 }, "geometry": { "type": "Point", "coordinates": [ 1482579.610885837581009, 104946.630084572345368 ] } },
{ "type": "Feature", "properties": { "siteID": "APPA-21530", "xcoord": 1478082.5173729588, "ycoord": 63705.620401447537, "COMMENTS": "C&O Canal", "CL_2010": "Y", "deci_x": -77.687389084100005, "deci_y": 39.325767895799999 }, "geometry": { "type": "Point", "coordinates": [ 1478082.517372959293425, 63705.620401447544282 ] } },
{ "type": "Feature", "properties": { "siteID": "APPA-21594", "xcoord": 1480592.9423387507, "ycoord": 95690.895693209255, "COMMENTS": null, "CL_2010": "Y", "deci_x": -77.581024100500002, "deci_y": 39.587910280300001 }, "geometry": { "type": "Point", "coordinates": [ 1480592.942338751163334, 95690.895693209255114 ] } },
{ "type": "Feature", "properties": { "siteID": "APPA-21658", "xcoord": 1480971.7751866782, "ycoord": 100609.70699800779, "COMMENTS": null, "CL_2010": "Y", "deci_x": -77.564678551200004, "deci_y": 39.628220767599998 }, "geometry": { "type": "Point", "coordinates": [ 1480971.775186677929014, 100609.706998007837683 ] } },
{ "type": "Feature", "properties": { "siteID": "APPA-21706", "xcoord": 1479094.6934768769, "ycoord": 67017.681915110981, "COMMENTS": null, "CL_2010": "Y", "deci_x": -77.667321788400002, "deci_y": 39.351694177399999 }, "geometry": { "type": "Point", "coordinates": [ 1479094.69347687647678, 67017.681915110981208 ] } },
{ "type": "Feature", "properties": { "siteID": "APPA-21722", "xcoord": 1479825.581127075, "ycoord": 80118.09222445215, "COMMENTS": null, "CL_2010": "Y", "deci_x": -77.627409888399995, "deci_y": 39.459557479300003 }, "geometry": { "type": "Point", "coordinates": [ 1479825.581127074779943, 80118.092224452149821 ] } },
{ "type": "Feature", "properties": { "siteID": "APPA-21774", "xcoord": 1482149.5074348869, "ycoord": 103693.95999773141, "COMMENTS": null, "CL_2010": "Y", "deci_x": -77.543004315900006, "deci_y": 39.651952653000002 }, "geometry": { "type": "Point", "coordinates": [ 1482149.507434886880219, 103693.959997731421026 ] } },
{ "type": "Feature", "properties": { "siteID": "APPA-21850", "xcoord": 1480154.511863387, "ycoord": 92110.809985439279, "COMMENTS": null, "CL_2010": "Y", "deci_x": -77.594880909699995, "deci_y": 39.558834716699998 }, "geometry": { "type": "Point", "coordinates": [ 1480154.511863386956975, 92110.809985439293087 ] } },
{ "type": "Feature", "properties": { "siteID": "APPA-21898", "xcoord": 1479556.501935852, "ycoord": 76713.662525076128, "COMMENTS": null, "CL_2010": "Y", "deci_x": -77.638752338900005, "deci_y": 39.4316585264 }, "geometry": { "type": "Point", "coordinates": [ 1479556.50193585222587, 76713.662525076128077 ] } },
{ "type": "Feature", "properties": { "siteID": "APPA-21914", "xcoord": 1479450.1292089073, "ycoord": 88099.811948264978, "COMMENTS": null, "CL_2010": "Y", "deci_x": -77.612974383700006, "deci_y": 39.526605215499998 }, "geometry": { "type": "Point", "coordinates": [ 1479450.129208906553686, 88099.811948264978128 ] } },
{ "type": "Feature", "properties": { "siteID": "APPA-21962", "xcoord": 1478946.350498277, "ycoord": 66564.23872101387, "COMMENTS": null, "CL_2010": "Y", "deci_x": -77.670188160099997, "deci_y": 39.348160845199999 }, "geometry": { "type": "Point", "coordinates": [ 1478946.350498276762664, 66564.238721013869508 ] } },
{ "type": "Feature", "properties": { "siteID": "APPA-21978", "xcoord": 1479847.8412016321, "ycoord": 80719.813078551058, "COMMENTS": null, "CL_2010": "Y", "deci_x": -77.625710449699994, "deci_y": 39.464529659599997 }, "geometry": { "type": "Point", "coordinates": [ 1479847.841201632283628, 80719.813078551058425 ] } },
{ "type": "Feature", "properties": { "siteID": "APPA-22030", "xcoord": 1482977.8950563711, "ycoord": 108734.70189000609, "COMMENTS": null, "CL_2010": "Y", "deci_x": -77.520865637, "deci_y": 39.6925317408 }, "geometry": { "type": "Point", "coordinates": [ 1482977.895056371111423, 108734.701890006050235 ] } },
{ "type": "Feature", "properties": { "siteID": "APPA-22106", "xcoord": 1482679.2904857181, "ycoord": 101582.3204948942, "COMMENTS": null, "CL_2010": "Y", "deci_x": -77.541628224299998, "deci_y": 39.633513534599999 }, "geometry": { "type": "Point", "coordinates": [ 1482679.290485717589036, 101582.320494894229341 ] } },
{ "type": "Feature", "properties": { "siteID": "APPA-22154", "xcoord": 1479808.888242414, "ycoord": 71541.624862730867, "COMMENTS": null, "CL_2010": "Y", "deci_x": -77.647968897499993, "deci_y": 39.388191786900002 }, "geometry": { "type": "Point", "coordinates": [ 1479808.888242414221168, 71541.62486273086688 ] } },
{ "type": "Feature", "properties": { "siteID": "APPA-22170", "xcoord": 1479886.6201628323, "ycoord": 84205.346096315072, "COMMENTS": null, "CL_2010": "Y", "deci_x": -77.616953315999993, "deci_y": 39.493477937400002 }, "geometry": { "type": "Point", "coordinates": [ 1479886.620162831619382, 84205.346096315071918 ] } },
{ "type": "Feature", "properties": { "siteID": "APPA-22218", "xcoord": 1475070.323850615, "ycoord": 62880.911781855109, "COMMENTS": null, "CL_2010": "Y", "deci_x": -77.725735166700005, "deci_y": 39.323801868700002 }, "geometry": { "type": "Point", "coordinates": [ 1475070.32385061471723, 62880.911781855109439 ] } },
{ "type": "Feature", "properties": { "siteID": "APPA-22286", "xcoord": 1482822.2304649591, "ycoord": 110108.59572894371, "COMMENTS": null, "CL_2010": "Y", "deci_x": -77.519461207700004, "deci_y": 39.704217632400002 }, "geometry": { "type": "Point", "coordinates": [ 1482822.230464959284291, 110108.59572894370649 ] } },
{ "type": "Feature", "properties": { "siteID": "APPA-22362", "xcoord": 1480584.0542804829, "ycoord": 96952.881434154493, "COMMENTS": null, "CL_2010": "Y", "deci_x": -77.578119297499995, "deci_y": 39.598426575200001 }, "geometry": { "type": "Point", "coordinates": [ 1480584.054280483396724, 96952.881434154507588 ] } },
{ "type": "Feature", "properties": { "siteID": "APPA-22410", "xcoord": 1479657.9214502571, "ycoord": 69598.902237874572, "COMMENTS": null, "CL_2010": "Y", "deci_x": -77.654399291299995, "deci_y": 39.372265043 }, "geometry": { "type": "Point", "coordinates": [ 1479657.921450256835669, 69598.902237874572165 ] } },
{ "type": "Feature", "properties": { "siteID": "APPA-22426", "xcoord": 1479512.875600707, "ycoord": 77447.718929516763, "COMMENTS": null, "CL_2010": "Y", "deci_x": -77.637537728699996, "deci_y": 39.437840178499997 }, "geometry": { "type": "Point", "coordinates": [ 1479512.875600707251579, 77447.718929516762728 ] } },
{ "type": "Feature", "properties": { "siteID": "APPA-22542", "xcoord": 1482441.44957319, "ycoord": 104477.84425414271, "COMMENTS": null, "CL_2010": "Y", "deci_x": -77.537582820699996, "deci_y": 39.657995753500003 }, "geometry": { "type": "Point", "coordinates": [ 1482441.449573189485818, 104477.844254142706632 ] } },
{ "type": "Feature", "properties": { "siteID": "APPA-22554", "xcoord": 1478252.328524864, "ycoord": 63950.402745190819, "COMMENTS": "C&O Canal", "CL_2010": "Y", "deci_x": -77.684758508300007, "deci_y": 39.327529389600002 }, "geometry": { "type": "Point", "coordinates": [ 1478252.328524864045903, 63950.402745190818678 ] } },
{ "type": "Feature", "properties": { "siteID": "APPA-22618", "xcoord": 1480346.2261368949, "ycoord": 90540.310735301915, "COMMENTS": null, "CL_2010": "Y", "deci_x": -77.596300235599998, "deci_y": 39.545450881299999 }, "geometry": { "type": "Point", "coordinates": [ 1480346.226136895129457, 90540.310735301914974 ] } },
{ "type": "Feature", "properties": { "siteID": "APPA-22682", "xcoord": 1479800.4243923861, "ycoord": 89285.091725967592, "COMMENTS": null, "CL_2010": "Y", "deci_x": -77.605906623400003, "deci_y": 39.535897189499998 }, "geometry": { "type": "Point", "coordinates": [ 1479800.424392385873944, 89285.091725967591628 ] } },
{ "type": "Feature", "properties": { "siteID": "APPA-22730", "xcoord": 1478768.7824014539, "ycoord": 65576.721378460948, "COMMENTS": null, "CL_2010": "Y", "deci_x": -77.674671073, "deci_y": 39.340228509600003 }, "geometry": { "type": "Point", "coordinates": [ 1478768.782401453703642, 65576.721378460948472 ] } },
{ "type": "Feature", "properties": { "siteID": "APPA-22746", "xcoord": 1480030.8508572839, "ycoord": 82421.631675040917, "COMMENTS": null, "CL_2010": "Y", "deci_x": -77.619448749100002, "deci_y": 39.478395765599998 }, "geometry": { "type": "Point", "coordinates": [ 1480030.85085728392005, 82421.631675040931441 ] } },
{ "type": "Feature", "properties": { "siteID": "APPA-22798", "xcoord": 1482922.8654180709, "ycoord": 106928.63119637591, "COMMENTS": null, "CL_2010": "Y", "deci_x": -77.525864610300005, "deci_y": 39.677596083499999 }, "geometry": { "type": "Point", "coordinates": [ 1482922.865418071160093, 106928.631196375907166 ] } },
{ "type": "Feature", "properties": { "siteID": "APPA-22874", "xcoord": 1479725.9335093731, "ycoord": 93521.458105895974, "COMMENTS": null, "CL_2010": "Y", "deci_x": -77.596714576300002, "deci_y": 39.5712756179 }, "geometry": { "type": "Point", "coordinates": [ 1479725.933509372640401, 93521.458105895973858 ] } },
{ "type": "Feature", "properties": { "siteID": "APPA-22922", "xcoord": 1479726.1968856109, "ycoord": 75353.170579675279, "COMMENTS": null, "CL_2010": "Y", "deci_x": -77.639927946300006, "deci_y": 39.420056330199998 }, "geometry": { "type": "Point", "coordinates": [ 1479726.19688561046496, 75353.170579675279441 ] } },
{ "type": "Feature", "properties": { "siteID": "APPA-22938", "xcoord": 1479366.0317748419, "ycoord": 87601.497136904043, "COMMENTS": null, "CL_2010": "Y", "deci_x": -77.615179653699997, "deci_y": 39.522595284700003 }, "geometry": { "type": "Point", "coordinates": [ 1479366.031774842413142, 87601.497136904043145 ] } },
{ "type": "Feature", "properties": { "siteID": "APPA-23002", "xcoord": 1480279.2555658068, "ycoord": 81873.371908471774, "COMMENTS": null, "CL_2010": "Y", "deci_x": -77.617744379900003, "deci_y": 39.473426360200001 }, "geometry": { "type": "Point", "coordinates": [ 1480279.255565806990489, 81873.371908471759525 ] } },
{ "type": "Feature", "properties": { "siteID": "APPA-23054", "xcoord": 1482423.8831178739, "ycoord": 108568.75802840119, "COMMENTS": null, "CL_2010": "Y", "deci_x": -77.527993477300001, "deci_y": 39.692060988800002 }, "geometry": { "type": "Point", "coordinates": [ 1482423.883117873687297, 108568.758028401221964 ] } },
{ "type": "Feature", "properties": { "siteID": "APPA-23130", "xcoord": 1480708.5384238693, "ycoord": 99939.085819505373, "COMMENTS": null, "CL_2010": "Y", "deci_x": -77.569476036099999, "deci_y": 39.623071842999998 }, "geometry": { "type": "Point", "coordinates": [ 1480708.538423869060352, 99939.085819505373365 ] } },
{ "type": "Feature", "properties": { "siteID": "APPA-23178", "xcoord": 1480066.424317539, "ycoord": 73576.131752572488, "COMMENTS": null, "CL_2010": "Y", "deci_x": -77.640028447500001, "deci_y": 39.404707992299997 }, "geometry": { "type": "Point", "coordinates": [ 1480066.424317539203912, 73576.13175257248804 ] } },
{ "type": "Feature", "properties": { "siteID": "APPA-23194", "xcoord": 1479307.9049193601, "ycoord": 85275.923301181436, "COMMENTS": null, "CL_2010": "Y", "deci_x": -77.621417222800005, "deci_y": 39.5033344044 }, "geometry": { "type": "Point", "coordinates": [ 1479307.904919360298663, 85275.923301181435818 ] } },
{ "type": "Feature", "properties": { "siteID": "APPA-23322", "xcoord": 1480199.2322781933, "ycoord": 94534.479542673042, "COMMENTS": null, "CL_2010": "Y", "deci_x": -77.588558746700002, "deci_y": 39.578931416899998 }, "geometry": { "type": "Point", "coordinates": [ 1480199.232278193347156, 94534.479542673041578 ] } },
{ "type": "Feature", "properties": { "siteID": "APPA-23386", "xcoord": 1481883.496616631, "ycoord": 101051.658904993, "COMMENTS": null, "CL_2010": "Y", "deci_x": -77.552556459000002, "deci_y": 39.630403513300003 }, "geometry": { "type": "Point", "coordinates": [ 1481883.496616630582139, 101051.65890499301895 ] } },
{ "type": "Feature", "properties": { "siteID": "APPA-23434", "xcoord": 1479221.444926261, "ycoord": 67784.235277817308, "COMMENTS": null, "CL_2010": "Y", "deci_x": -77.663974748699999, "deci_y": 39.3578694188 }, "geometry": { "type": "Point", "coordinates": [ 1479221.444926260970533, 67784.235277817308088 ] } },
{ "type": "Feature", "properties": { "siteID": "APPA-23450", "xcoord": 1479703.449080586, "ycoord": 78261.278252639328, "COMMENTS": null, "CL_2010": "Y", "deci_x": -77.633299305500003, "deci_y": 39.444301090899998 }, "geometry": { "type": "Point", "coordinates": [ 1479703.449080586433411, 78261.278252639327548 ] } },
{ "type": "Feature", "properties": { "siteID": "APPA-23566", "xcoord": 1482635.114044392, "ycoord": 105387.42343236989, "COMMENTS": null, "CL_2010": "Y", "deci_x": -77.533052521499997, "deci_y": 39.6652457283 }, "geometry": { "type": "Point", "coordinates": [ 1482635.114044391550124, 105387.423432369876537 ] } },
{ "type": "Feature", "properties": { "siteID": "APPA-23578", "xcoord": 1476031.2727756749, "ycoord": 63198.838298810602, "COMMENTS": "C&O Canal", "CL_2010": "Y", "deci_x": -77.713372850900001, "deci_y": 39.324886764399999 }, "geometry": { "type": "Point", "coordinates": [ 1476031.272775674937293, 63198.838298810602282 ] } },
{ "type": "Feature", "properties": { "siteID": "APPA-23642", "xcoord": 1480386.724441387, "ycoord": 90908.107720166459, "COMMENTS": null, "CL_2010": "Y", "deci_x": -77.594932675300001, "deci_y": 39.548445540700001 }, "geometry": { "type": "Point", "coordinates": [ 1480386.724441386526451, 90908.10772016645933 ] } },
{ "type": "Feature", "properties": { "siteID": "APPA-23706", "xcoord": 1480198.2609214419, "ycoord": 89882.257380021852, "COMMENTS": null, "CL_2010": "Y", "deci_x": -77.599661950300003, "deci_y": 39.5402163802 }, "geometry": { "type": "Point", "coordinates": [ 1480198.260921441717073, 89882.257380021852441 ] } },
{ "type": "Feature", "properties": { "siteID": "APPA-23754", "xcoord": 1478787.282910601, "ycoord": 64963.025332790283, "COMMENTS": null, "CL_2010": "Y", "deci_x": -77.675899285200003, "deci_y": 39.335088841599998 }, "geometry": { "type": "Point", "coordinates": [ 1478787.282910601235926, 64963.025332790282846 ] } },
{ "type": "Feature", "properties": { "siteID": "APPA-23770", "xcoord": 1480000.369170957, "ycoord": 83289.506844333009, "COMMENTS": null, "CL_2010": "Y", "deci_x": -77.617753970799995, "deci_y": 39.485669231700001 }, "geometry": { "type": "Point", "coordinates": [ 1480000.369170956546441, 83289.506844333009212 ] } },
{ "type": "Feature", "properties": { "siteID": "APPA-23822", "xcoord": 1483031.3011791201, "ycoord": 107934.876582286, "COMMENTS": null, "CL_2010": "Y", "deci_x": -77.522135037400005, "deci_y": 39.685789737199997 }, "geometry": { "type": "Point", "coordinates": [ 1483031.301179120317101, 107934.87658228604414 ] } },
{ "type": "Feature", "properties": { "siteID": "APPA-23898", "xcoord": 1482728.9716232009, "ycoord": 102574.18198428729, "COMMENTS": null, "CL_2010": "Y", "deci_x": -77.538650801399996, "deci_y": 39.641684776699996 }, "geometry": { "type": "Point", "coordinates": [ 1482728.971623200923204, 102574.181984287322848 ] } },
{ "type": "Feature", "properties": { "siteID": "APPA-23946", "xcoord": 1479821.0743761249, "ycoord": 74524.398448633001, "COMMENTS": null, "CL_2010": "Y", "deci_x": -77.640746672899994, "deci_y": 39.413002394800003 }, "geometry": { "type": "Point", "coordinates": [ 1479821.07437612535432, 74524.398448633000953 ] } },
{ "type": "Feature", "properties": { "siteID": "APPA-23962", "xcoord": 1479193.011142096, "ycoord": 85885.160275727234, "COMMENTS": null, "CL_2010": "Y", "deci_x": -77.621360023600005, "deci_y": 39.508592945300002 }, "geometry": { "type": "Point", "coordinates": [ 1479193.011142096016556, 85885.160275727233966 ] } },
{ "type": "Feature", "properties": { "siteID": "APPA-24078", "xcoord": 1483086.64694966, "ycoord": 108578.5436315777, "COMMENTS": null, "CL_2010": "Y", "deci_x": -77.519919115099995, "deci_y": 39.6910539219 }, "geometry": { "type": "Point", "coordinates": [ 1483086.646949659800157, 108578.543631577689666 ] } },
{ "type": "Feature", "properties": { "siteID": "APPA-24154", "xcoord": 1480633.8685223199, "ycoord": 98993.446317681388, "COMMENTS": null, "CL_2010": "Y", "deci_x": -77.572641535100004, "deci_y": 39.615325323100002 }, "geometry": { "type": "Point", "coordinates": [ 1480633.868522319477051, 98993.446317681387882 ] } },
{ "type": "Feature", "properties": { "siteID": "APPA-24202", "xcoord": 1479991.7819126479, "ycoord": 72869.729508347315, "COMMENTS": null, "CL_2010": "Y", "deci_x": -77.642607171099996, "deci_y": 39.398949358400003 }, "geometry": { "type": "Point", "coordinates": [ 1479991.781912647886202, 72869.72950834731455 ] } },
{ "type": "Feature", "properties": { "siteID": "APPA-24218", "xcoord": 1479236.410739573, "ycoord": 84752.687968608021, "COMMENTS": "Washington Monument Trail", "CL_2010": "Y", "deci_x": -77.623527772700001, "deci_y": 39.499096213599998 }, "geometry": { "type": "Point", "coordinates": [ 1479236.41073957295157, 84752.687968608021038 ] } },
{ "type": "Feature", "properties": { "siteID": "APPA-24334", "xcoord": 1483440.5026777301, "ycoord": 111986.1892685653, "COMMENTS": null, "CL_2010": "Y", "deci_x": -77.507442337499995, "deci_y": 39.718821969499999 }, "geometry": { "type": "Point", "coordinates": [ 1483440.502677730284631, 111986.189268565256498 ] } },
{ "type": "Feature", "properties": { "siteID": "APPA-24346", "xcoord": 1480216.3372513221, "ycoord": 94435.684296436171, "COMMENTS": null, "CL_2010": "Y", "deci_x": -77.588586975699997, "deci_y": 39.578081254200001 }, "geometry": { "type": "Point", "coordinates": [ 1480216.337251322111115, 94435.68429643617128 ] } },
{ "type": "Feature", "properties": { "siteID": "APPA-24410", "xcoord": 1482233.2301627679, "ycoord": 101351.5962660229, "COMMENTS": null, "CL_2010": "Y", "deci_x": -77.547594223399997, "deci_y": 39.632325589899999 }, "geometry": { "type": "Point", "coordinates": [ 1482233.230162768159062, 101351.596266022927011 ] } },
{ "type": "Feature", "properties": { "siteID": "APPA-24458", "xcoord": 1479330.7678715233, "ycoord": 68413.548240266275, "COMMENTS": null, "CL_2010": "Y", "deci_x": -77.661162828499997, "deci_y": 39.362930389600002 }, "geometry": { "type": "Point", "coordinates": [ 1479330.767871523043141, 68413.548240266274661 ] } },
{ "type": "Feature", "properties": { "siteID": "APPA-24474", "xcoord": 1480462.5039586029, "ycoord": 79128.953392017647, "COMMENTS": null, "CL_2010": "Y", "deci_x": -77.622049938700002, "deci_y": 39.450283441099998 }, "geometry": { "type": "Point", "coordinates": [ 1480462.503958602668718, 79128.953392017661827 ] } },
{ "type": "Feature", "properties": { "siteID": "APPA-24590", "xcoord": 1482284.289629943, "ycoord": 103530.141637551, "COMMENTS": null, "CL_2010": "Y", "deci_x": -77.541760207400003, "deci_y": 39.6503684698 }, "geometry": { "type": "Point", "coordinates": [ 1482284.28962994273752, 103530.14163755098707 ] } },
{ "type": "Feature", "properties": { "siteID": "APPA-24602", "xcoord": 1477575.030651798, "ycoord": 63345.879888516443, "COMMENTS": "C&O Canal", "CL_2010": "Y", "deci_x": -77.694371389899999, "deci_y": 39.323599009 }, "geometry": { "type": "Point", "coordinates": [ 1477575.030651798006147, 63345.879888516443316 ] } },
{ "type": "Feature", "properties": { "siteID": "APPA-24666", "xcoord": 1480526.9443716949, "ycoord": 95339.582805744256, "COMMENTS": null, "CL_2010": "Y", "deci_x": -77.582663077399999, "deci_y": 39.585094827299997 }, "geometry": { "type": "Point", "coordinates": [ 1480526.944371694466099, 95339.582805744255893 ] } },
{ "type": "Feature", "properties": { "siteID": "APPA-24730", "xcoord": 1480830.3340820619, "ycoord": 100559.8856204286, "COMMENTS": null, "CL_2010": "Y", "deci_x": -77.566514260100007, "deci_y": 39.628037996800003 }, "geometry": { "type": "Point", "coordinates": [ 1480830.334082061890513, 100559.885620428613038 ] } },
{ "type": "Feature", "properties": { "siteID": "APPA-24778", "xcoord": 1479098.515933882, "ycoord": 67103.691965436592, "COMMENTS": null, "CL_2010": "Y", "deci_x": -77.667071978600006, "deci_y": 39.3524040239 }, "geometry": { "type": "Point", "coordinates": [ 1479098.515933882445097, 67103.691965436592 ] } },
{ "type": "Feature", "properties": { "siteID": "APPA-24794", "xcoord": 1479667.732397377, "ycoord": 80397.584808506334, "COMMENTS": null, "CL_2010": "Y", "deci_x": -77.628656852199995, "deci_y": 39.462141772700001 }, "geometry": { "type": "Point", "coordinates": [ 1479667.732397377258167, 80397.584808506333502 ] } },
{ "type": "Feature", "properties": { "siteID": "APPA-24846", "xcoord": 1482818.847185774, "ycoord": 106338.4124059061, "COMMENTS": null, "CL_2010": "Y", "deci_x": -77.528542571900005, "deci_y": 39.6728563283 }, "geometry": { "type": "Point", "coordinates": [ 1482818.847185774240643, 106338.412405906099593 ] } },
{ "type": "Feature", "properties": { "siteID": "APPA-24922", "xcoord": 1479805.917344148, "ycoord": 92803.267830832381, "COMMENTS": null, "CL_2010": "Y", "deci_x": -77.597456871999995, "deci_y": 39.565167868400003 }, "geometry": { "type": "Point", "coordinates": [ 1479805.917344147572294, 92803.267830832381151 ] } },
{ "type": "Feature", "properties": { "siteID": "APPA-24970", "xcoord": 1479696.309184677, "ycoord": 76036.922287385038, "COMMENTS": null, "CL_2010": "Y", "deci_x": -77.638666814499999, "deci_y": 39.425796897200001 }, "geometry": { "type": "Point", "coordinates": [ 1479696.309184676734731, 76036.922287385037635 ] } },
{ "type": "Feature", "properties": { "siteID": "APPA-24986", "xcoord": 1479421.639344221, "ycoord": 88322.25640099989, "COMMENTS": null, "CL_2010": "Y", "deci_x": -77.612790116799999, "deci_y": 39.528503156799999 }, "geometry": { "type": "Point", "coordinates": [ 1479421.639344221213832, 88322.256400999889593 ] } },
{ "type": "Feature", "properties": { "siteID": "APPA-25034", "xcoord": 1478455.8153730601, "ycoord": 64581.540239455411, "COMMENTS": null, "CL_2010": "Y", "deci_x": -77.680807256099996, "deci_y": 39.332452752400002 }, "geometry": { "type": "Point", "coordinates": [ 1478455.815373060293496, 64581.540239455411211 ] } },
{ "type": "Feature", "properties": { "siteID": "APPA-25050", "xcoord": 1479967.0128816459, "ycoord": 81159.491929848256, "COMMENTS": null, "CL_2010": "Y", "deci_x": -77.623222482000003, "deci_y": 39.467994663100001 }, "geometry": { "type": "Point", "coordinates": [ 1479967.012881645932794, 81159.491929848256405 ] } },
{ "type": "Feature", "properties": { "siteID": "APPA-25102", "xcoord": 1482596.920849428, "ycoord": 109624.89565389681, "COMMENTS": null, "CL_2010": "Y", "deci_x": -77.523358829200006, "deci_y": 39.700563549599998 }, "geometry": { "type": "Point", "coordinates": [ 1482596.920849427580833, 109624.895653896746808 ] } },
{ "type": "Feature", "properties": { "siteID": "APPA-25178", "xcoord": 1482665.2646414819, "ycoord": 102977.5855690976, "COMMENTS": null, "CL_2010": "Y", "deci_x": -77.538458258700004, "deci_y": 39.645145809299997 }, "geometry": { "type": "Point", "coordinates": [ 1482665.264641482150182, 102977.585569097587722 ] } },
{ "type": "Feature", "properties": { "siteID": "APPA-25226", "xcoord": 1479908.6105501801, "ycoord": 72214.078841188457, "COMMENTS": null, "CL_2010": "Y", "deci_x": -77.645168238500005, "deci_y": 39.393627050100001 }, "geometry": { "type": "Point", "coordinates": [ 1479908.610550179844722, 72214.078841188456863 ] } },
{ "type": "Feature", "properties": { "siteID": "APPA-25242", "xcoord": 1479233.45100703, "ycoord": 86716.818909439186, "COMMENTS": null, "CL_2010": "Y", "deci_x": -77.618891483100001, "deci_y": 39.515448832799997 }, "geometry": { "type": "Point", "coordinates": [ 1479233.451007030438632, 86716.818909439185518 ] } },
{ "type": "Feature", "properties": { "siteID": "APPA-25358", "xcoord": 1483342.6485444489, "ycoord": 111367.0700988738, "COMMENTS": null, "CL_2010": "Y", "deci_x": -77.5101178205, "deci_y": 39.713832234999998 }, "geometry": { "type": "Point", "coordinates": [ 1483342.648544448660687, 111367.070098873766256 ] } },
{ "type": "Feature", "properties": { "siteID": "APPA-25434", "xcoord": 1480515.367955796, "ycoord": 98508.569233493719, "COMMENTS": null, "CL_2010": "Y", "deci_x": -77.575237646000005, "deci_y": 39.6114846284 }, "geometry": { "type": "Point", "coordinates": [ 1480515.367955795489252, 98508.569233493719366 ] } },
{ "type": "Feature", "properties": { "siteID": "APPA-25482", "xcoord": 1479744.4759217389, "ycoord": 70204.40161858435, "COMMENTS": null, "CL_2010": "Y", "deci_x": -77.651917768800004, "deci_y": 39.377164632499998 }, "geometry": { "type": "Point", "coordinates": [ 1479744.475921739125624, 70204.401618584350217 ] } },
{ "type": "Feature", "properties": { "siteID": "APPA-25498", "xcoord": 1479897.2455042179, "ycoord": 78654.301194453903, "COMMENTS": null, "CL_2010": "Y", "deci_x": -77.630020032100006, "deci_y": 39.447256059300003 }, "geometry": { "type": "Point", "coordinates": [ 1479897.245504218386486, 78654.301194453903008 ] } },
{ "type": "Feature", "properties": { "siteID": "APPA-25614", "xcoord": 1482554.4663567999, "ycoord": 104827.02173905409, "COMMENTS": null, "CL_2010": "Y", "deci_x": -77.535374263600005, "deci_y": 39.660715490500003 }, "geometry": { "type": "Point", "coordinates": [ 1482554.466356799472123, 104827.021739054122008 ] } },
{ "type": "Feature", "properties": { "siteID": "APPA-25626", "xcoord": 1478239.6357034331, "ycoord": 64253.225802756016, "COMMENTS": null, "CL_2010": "Y", "deci_x": -77.684195962800004, "deci_y": 39.330071388500002 }, "geometry": { "type": "Point", "coordinates": [ 1478239.635703433072194, 64253.225802756016492 ] } },
{ "type": "Feature", "properties": { "siteID": "APPA-25690", "xcoord": 1480572.212415742, "ycoord": 96246.790492256929, "COMMENTS": null, "CL_2010": "Y", "deci_x": -77.5799486433, "deci_y": 39.592570185200003 }, "geometry": { "type": "Point", "coordinates": [ 1480572.21241574222222, 96246.790492256928701 ] } },
{ "type": "Feature", "properties": { "siteID": "APPA-25754", "xcoord": 1480893.7480514748, "ycoord": 100539.8920988944, "COMMENTS": null, "CL_2010": "Y", "deci_x": -77.565792416899995, "deci_y": 39.627767710299999 }, "geometry": { "type": "Point", "coordinates": [ 1480893.748051474802196, 100539.89209889441554 ] } },
{ "type": "Feature", "properties": { "siteID": "APPA-25802", "xcoord": 1478763.1950400432, "ycoord": 65713.38483817142, "COMMENTS": null, "CL_2010": "Y", "deci_x": -77.674415273400001, "deci_y": 39.341375443799997 }, "geometry": { "type": "Point", "coordinates": [ 1478763.195040043210611, 65713.384838171419688 ] } },
{ "type": "Feature", "properties": { "siteID": "APPA-25818", "xcoord": 1479891.948199816, "ycoord": 80058.706181835005, "COMMENTS": null, "CL_2010": "Y", "deci_x": -77.626747514000002, "deci_y": 39.458954739200003 }, "geometry": { "type": "Point", "coordinates": [ 1479891.948199816048145, 80058.706181835004827 ] } },
{ "type": "Feature", "properties": { "siteID": "APPA-25870", "xcoord": 1482152.918166359, "ycoord": 103648.8596535245, "COMMENTS": null, "CL_2010": "Y", "deci_x": -77.543070879799998, "deci_y": 39.651571804 }, "geometry": { "type": "Point", "coordinates": [ 1482152.918166358489543, 103648.85965352448693 ] } },
{ "type": "Feature", "properties": { "siteID": "APPA-25946", "xcoord": 1479761.257068861, "ycoord": 92677.231079053017, "COMMENTS": null, "CL_2010": "Y", "deci_x": -77.598298854899994, "deci_y": 39.5641920343 }, "geometry": { "type": "Point", "coordinates": [ 1479761.25706886081025, 92677.231079053017311 ] } },
{ "type": "Feature", "properties": { "siteID": "APPA-25994", "xcoord": 1479552.3978418009, "ycoord": 76618.702542400177, "COMMENTS": null, "CL_2010": "Y", "deci_x": -77.639027413099996, "deci_y": 39.4308747587 }, "geometry": { "type": "Point", "coordinates": [ 1479552.397841800702736, 76618.702542400176753 ] } },
{ "type": "Feature", "properties": { "siteID": "APPA-26010", "xcoord": 1479439.8397063001, "ycoord": 88035.413081135935, "COMMENTS": null, "CL_2010": "Y", "deci_x": -77.613252380299997, "deci_y": 39.526086055999997 }, "geometry": { "type": "Point", "coordinates": [ 1479439.839706300292164, 88035.413081135935499 ] } },
{ "type": "Feature", "properties": { "siteID": "APPA-26058", "xcoord": 1478799.9187055789, "ycoord": 65980.351958287167, "COMMENTS": null, "CL_2010": "Y", "deci_x": -77.673339772800006, "deci_y": 39.343538287599998 }, "geometry": { "type": "Point", "coordinates": [ 1478799.918705578660592, 65980.351958287166781 ] } },
{ "type": "Feature", "properties": { "siteID": "APPA-26074", "xcoord": 1479972.9599167239, "ycoord": 81174.600701574091, "COMMENTS": null, "CL_2010": "Y", "deci_x": -77.623114559200005, "deci_y": 39.468110704499999 }, "geometry": { "type": "Point", "coordinates": [ 1479972.959916724357754, 81174.600701574090635 ] } },
{ "type": "Feature", "properties": { "siteID": "APPA-26126", "xcoord": 1482925.9390761331, "ycoord": 108805.9533652114, "COMMENTS": null, "CL_2010": "Y", "deci_x": -77.521325892099995, "deci_y": 39.693209868499999 }, "geometry": { "type": "Point", "coordinates": [ 1482925.939076132606715, 108805.953365211345954 ] } },
{ "type": "Feature", "properties": { "siteID": "APPA-26202", "xcoord": 1482649.3312276427, "ycoord": 101739.0245178831, "COMMENTS": null, "CL_2010": "Y", "deci_x": -77.541616762999993, "deci_y": 39.634866557300001 }, "geometry": { "type": "Point", "coordinates": [ 1482649.331227643415332, 101739.024517883051885 ] } },
{ "type": "Feature", "properties": { "siteID": "APPA-26250", "xcoord": 1479835.137410226, "ycoord": 71057.178341132108, "COMMENTS": null, "CL_2010": "Y", "deci_x": -77.648799999199994, "deci_y": 39.384116003199999 }, "geometry": { "type": "Point", "coordinates": [ 1479835.137410226045176, 71057.178341132108471 ] } },
{ "type": "Feature", "properties": { "siteID": "APPA-26266", "xcoord": 1479847.992448248, "ycoord": 84568.26167316646, "COMMENTS": null, "CL_2010": "Y", "deci_x": -77.616557894400003, "deci_y": 39.496561698900003 }, "geometry": { "type": "Point", "coordinates": [ 1479847.992448248434812, 84568.261673166460241 ] } },
{ "type": "Feature", "properties": { "siteID": "APPA-26314", "xcoord": 1475094.8108593919, "ycoord": 62871.261426113539, "COMMENTS": null, "CL_2010": "Y", "deci_x": -77.725462026200006, "deci_y": 39.323681712000003 }, "geometry": { "type": "Point", "coordinates": [ 1475094.810859392397106, 62871.261426113538619 ] } },
{ "type": "Feature", "properties": { "siteID": "APPA-26382", "xcoord": 1482819.1296061501, "ycoord": 110105.7731044281, "COMMENTS": null, "CL_2010": "Y", "deci_x": -77.519505653600007, "deci_y": 39.704199243399998 }, "geometry": { "type": "Point", "coordinates": [ 1482819.129606150090694, 110105.77310442813905 ] } },
{ "type": "Feature", "properties": { "siteID": "APPA-26394", "xcoord": 1479702.753444493, "ycoord": 93725.561839231261, "COMMENTS": null, "CL_2010": "Y", "deci_x": -77.596509045600001, "deci_y": 39.573012116299999 }, "geometry": { "type": "Point", "coordinates": [ 1479702.753444492816925, 93725.561839231260819 ] } },
{ "type": "Feature", "properties": { "siteID": "APPA-26458", "xcoord": 1480513.0884645977, "ycoord": 97638.886954231624, "COMMENTS": null, "CL_2010": "Y", "deci_x": -77.577342248400001, "deci_y": 39.604251388500003 }, "geometry": { "type": "Point", "coordinates": [ 1480513.088464597472921, 97638.886954231624259 ] } },
{ "type": "Feature", "properties": { "siteID": "APPA-26506", "xcoord": 1479737.7481413539, "ycoord": 69919.016376930595, "COMMENTS": null, "CL_2010": "Y", "deci_x": -77.652675479400003, "deci_y": 39.374799771699998 }, "geometry": { "type": "Point", "coordinates": [ 1479737.748141354415566, 69919.016376930594561 ] } },
{ "type": "Feature", "properties": { "siteID": "APPA-26522", "xcoord": 1479514.4968452901, "ycoord": 77443.219227996888, "COMMENTS": null, "CL_2010": "Y", "deci_x": -77.637528789599997, "deci_y": 39.4378000751 }, "geometry": { "type": "Point", "coordinates": [ 1479514.49684528959915, 77443.219227996873087 ] } },
{ "type": "Feature", "properties": { "siteID": "APPA-26638", "xcoord": 1482611.453003688, "ycoord": 105579.6734456296, "COMMENTS": null, "CL_2010": "Y", "deci_x": -77.532879232499994, "deci_y": 39.666884107000001 }, "geometry": { "type": "Point", "coordinates": [ 1482611.453003687551245, 105579.673445629567141 ] } },
{ "type": "Feature", "properties": { "siteID": "APPA-26650", "xcoord": 1475935.017339563, "ycoord": 63159.993380484389, "COMMENTS": "C&O Canal", "CL_2010": "Y", "deci_x": -77.714627685599993, "deci_y": 39.324719864499997 }, "geometry": { "type": "Point", "coordinates": [ 1475935.017339562531561, 63159.99338048438949 ] } },
{ "type": "Feature", "properties": { "siteID": "APPA-26714", "xcoord": 1480322.7795182629, "ycoord": 90437.218078151636, "COMMENTS": null, "CL_2010": "Y", "deci_x": -77.596830151500001, "deci_y": 39.544631271 }, "geometry": { "type": "Point", "coordinates": [ 1480322.779518262948841, 90437.218078151636291 ] } },
{ "type": "Feature", "properties": { "siteID": "APPA-26778", "xcoord": 1479634.7277128431, "ycoord": 88992.059995494885, "COMMENTS": null, "CL_2010": "Y", "deci_x": -77.608612780100003, "deci_y": 39.533729356499997 }, "geometry": { "type": "Point", "coordinates": [ 1479634.727712843334302, 88992.05999549489934 ] } },
{ "type": "Feature", "properties": { "siteID": "APPA-26826", "xcoord": 1478733.121682853, "ycoord": 64783.103907527482, "COMMENTS": null, "CL_2010": "Y", "deci_x": -77.6769794004, "deci_y": 39.333679103800002 }, "geometry": { "type": "Point", "coordinates": [ 1478733.12168285343796, 64783.103907527474803 ] } },
{ "type": "Feature", "properties": { "siteID": "APPA-26842", "xcoord": 1479959.2561047541, "ycoord": 82905.628748804083, "COMMENTS": null, "CL_2010": "Y", "deci_x": -77.619164851999997, "deci_y": 39.482541278 }, "geometry": { "type": "Point", "coordinates": [ 1479959.256104753818363, 82905.628748804083443 ] } },
{ "type": "Feature", "properties": { "siteID": "APPA-26894", "xcoord": 1482894.8838047159, "ycoord": 106786.11467648151, "COMMENTS": null, "CL_2010": "Y", "deci_x": -77.526546071300004, "deci_y": 39.676456315599999 }, "geometry": { "type": "Point", "coordinates": [ 1482894.883804716169834, 106786.114676481534843 ] } },
{ "type": "Feature", "properties": { "siteID": "APPA-26970", "xcoord": 1479731.1489177691, "ycoord": 93477.462083786377, "COMMENTS": null, "CL_2010": "Y", "deci_x": -77.5967562254, "deci_y": 39.570900944800002 }, "geometry": { "type": "Point", "coordinates": [ 1479731.148917769314721, 93477.462083786376752 ] } },
{ "type": "Feature", "properties": { "siteID": "APPA-27018", "xcoord": 1479739.5152659209, "ycoord": 75272.824516659006, "COMMENTS": null, "CL_2010": "Y", "deci_x": -77.639957470799999, "deci_y": 39.419365755599998 }, "geometry": { "type": "Point", "coordinates": [ 1479739.515265921130776, 75272.824516659005894 ] } },
{ "type": "Feature", "properties": { "siteID": "APPA-27034", "xcoord": 1479295.7755242421, "ycoord": 87224.613123003073, "COMMENTS": null, "CL_2010": "Y", "deci_x": -77.616927962800006, "deci_y": 39.519573341899999 }, "geometry": { "type": "Point", "coordinates": [ 1479295.775524241616949, 87224.61312300307327 ] } },
{ "type": "Feature", "properties": { "siteID": "APPA-27098", "xcoord": 1480321.942661226, "ycoord": 81441.049428568265, "COMMENTS": null, "CL_2010": "Y", "deci_x": -77.618255484800002, "deci_y": 39.469758167499997 }, "geometry": { "type": "Point", "coordinates": [ 1480321.942661226028576, 81441.049428568265284 ] } },
{ "type": "Feature", "properties": { "siteID": "APPA-27150", "xcoord": 1482418.977291184, "ycoord": 108578.02764061348, "COMMENTS": null, "CL_2010": "Y", "deci_x": -77.528030848200004, "deci_y": 39.692146164900002 }, "geometry": { "type": "Point", "coordinates": [ 1482418.977291183546185, 108578.027640613508993 ] } },
{ "type": "Feature", "properties": { "siteID": "APPA-27226", "xcoord": 1480718.498947951, "ycoord": 99889.769288240932, "COMMENTS": null, "CL_2010": "Y", "deci_x": -77.569473003699997, "deci_y": 39.622645153400001 }, "geometry": { "type": "Point", "coordinates": [ 1480718.49894795124419, 99889.769288240931928 ] } },
{ "type": "Feature", "properties": { "siteID": "APPA-27274", "xcoord": 1480087.72039349, "ycoord": 73314.799512036436, "COMMENTS": null, "CL_2010": "Y", "deci_x": -77.640390852899998, "deci_y": 39.402497753799999 }, "geometry": { "type": "Point", "coordinates": [ 1480087.720393490046263, 73314.799512036435772 ] } },
{ "type": "Feature", "properties": { "siteID": "APPA-27290", "xcoord": 1479259.3990095539, "ycoord": 85012.452529919479, "COMMENTS": null, "CL_2010": "Y", "deci_x": -77.622631505300006, "deci_y": 39.501220740299999 }, "geometry": { "type": "Point", "coordinates": [ 1479259.399009553482756, 85012.452529919479275 ] } },
{ "type": "Feature", "properties": { "siteID": "APPA-27418", "xcoord": 1480275.5687349101, "ycoord": 94852.051125434358, "COMMENTS": null, "CL_2010": "Y", "deci_x": -77.586875291300004, "deci_y": 39.581449246200002 }, "geometry": { "type": "Point", "coordinates": [ 1480275.568734909873456, 94852.051125434343703 ] } },
{ "type": "Feature", "properties": { "siteID": "APPA-27482", "xcoord": 1482060.5272267589, "ycoord": 101471.18919741891, "COMMENTS": null, "CL_2010": "Y", "deci_x": -77.549404197399994, "deci_y": 39.633603967 }, "geometry": { "type": "Point", "coordinates": [ 1482060.527226758655161, 101471.189197418905678 ] } },
{ "type": "Feature", "properties": { "siteID": "APPA-27530", "xcoord": 1479283.2300399709, "ycoord": 68225.397610337313, "COMMENTS": null, "CL_2010": "Y", "deci_x": -77.662183137400007, "deci_y": 39.3614415033 }, "geometry": { "type": "Point", "coordinates": [ 1479283.230039971414953, 68225.397610337313381 ] } },
{ "type": "Feature", "properties": { "siteID": "APPA-27546", "xcoord": 1479551.0819236727, "ycoord": 78651.982441854794, "COMMENTS": null, "CL_2010": "Y", "deci_x": -77.634215745299997, "deci_y": 39.447802150800001 }, "geometry": { "type": "Point", "coordinates": [ 1479551.081923673162237, 78651.98244185479416 ] } },
{ "type": "Feature", "properties": { "siteID": "APPA-27662", "xcoord": 1482628.9263454743, "ycoord": 105716.61160202121, "COMMENTS": null, "CL_2010": "Y", "deci_x": -77.532338953700005, "deci_y": 39.667994757300001 }, "geometry": { "type": "Point", "coordinates": [ 1482628.926345473621041, 105716.611602021192084 ] } },
{ "type": "Feature", "properties": { "siteID": "APPA-27674", "xcoord": 1476654.3497768799, "ycoord": 63414.391093272723, "COMMENTS": "C&O Canal", "CL_2010": "Y", "deci_x": -77.705334714499998, "deci_y": 39.325667965699999 }, "geometry": { "type": "Point", "coordinates": [ 1476654.349776880349964, 63414.391093272723083 ] } },
{ "type": "Feature", "properties": { "siteID": "APPA-27738", "xcoord": 1480263.10863684, "ycoord": 91814.880094177774, "COMMENTS": null, "CL_2010": "Y", "deci_x": -77.594269749700004, "deci_y": 39.5561942199 }, "geometry": { "type": "Point", "coordinates": [ 1480263.108636840013787, 91814.880094177773572 ] } },
{ "type": "Feature", "properties": { "siteID": "APPA-27802", "xcoord": 1480131.50742385, "ycoord": 89837.582437617268, "COMMENTS": null, "CL_2010": "Y", "deci_x": -77.600577520399995, "deci_y": 39.539953778799998 }, "geometry": { "type": "Point", "coordinates": [ 1480131.507423850009218, 89837.582437617267715 ] } },
{ "type": "Feature", "properties": { "siteID": "APPA-27850", "xcoord": 1478749.6074031009, "ycoord": 64778.165008525022, "COMMENTS": null, "CL_2010": "Y", "deci_x": -77.676791857300003, "deci_y": 39.333611117899999 }, "geometry": { "type": "Point", "coordinates": [ 1478749.60740310093388, 64778.165008525014855 ] } },
{ "type": "Feature", "properties": { "siteID": "APPA-27866", "xcoord": 1480153.9727634741, "ycoord": 83529.147582318474, "COMMENTS": null, "CL_2010": "Y", "deci_x": -77.615323588699994, "deci_y": 39.487412750200001 }, "geometry": { "type": "Point", "coordinates": [ 1480153.972763473633677, 83529.147582318473724 ] } },
{ "type": "Feature", "properties": { "siteID": "APPA-27918", "xcoord": 1482982.0331494319, "ycoord": 107705.5660898046, "COMMENTS": null, "CL_2010": "Y", "deci_x": -77.523283310799997, "deci_y": 39.683962856400001 }, "geometry": { "type": "Point", "coordinates": [ 1482982.033149431925267, 107705.566089804633521 ] } },
{ "type": "Feature", "properties": { "siteID": "APPA-27994", "xcoord": 1482599.2539531339, "ycoord": 102274.45411104411, "COMMENTS": null, "CL_2010": "Y", "deci_x": -77.540942916700004, "deci_y": 39.639403777399998 }, "geometry": { "type": "Point", "coordinates": [ 1482599.253953134408221, 102274.454111044120509 ] } },
{ "type": "Feature", "properties": { "siteID": "APPA-28042", "xcoord": 1479801.643849934, "ycoord": 74577.44477859007, "COMMENTS": null, "CL_2010": "Y", "deci_x": -77.640855885400001, "deci_y": 39.413475698600003 }, "geometry": { "type": "Point", "coordinates": [ 1479801.643849934218451, 74577.4447785900702 ] } },
{ "type": "Feature", "properties": { "siteID": "APPA-28058", "xcoord": 1479194.461527609, "ycoord": 85881.452920155687, "COMMENTS": null, "CL_2010": "Y", "deci_x": -77.62135127000001, "deci_y": 39.508559718199997 }, "geometry": { "type": "Point", "coordinates": [ 1479194.46152760903351, 85881.452920155687025 ] } },
{ "type": "Feature", "properties": { "siteID": "APPA-28174", "xcoord": 1482920.048645125, "ycoord": 110781.4525933063, "COMMENTS": null, "CL_2010": "Y", "deci_x": -77.516658330599995, "deci_y": 39.709654726300002 }, "geometry": { "type": "Point", "coordinates": [ 1482920.04864512453787, 110781.452593306268682 ] } },
{ "type": "Feature", "properties": { "siteID": "APPA-28250", "xcoord": 1480517.1173556859, "ycoord": 98528.677854899652, "COMMENTS": null, "CL_2010": "Y", "deci_x": -77.575168390800002, "deci_y": 39.611649093600001 }, "geometry": { "type": "Point", "coordinates": [ 1480517.117355685913935, 98528.67785489965172 ] } },
{ "type": "Feature", "properties": { "siteID": "APPA-28298", "xcoord": 1480049.2941823581, "ycoord": 73134.497293892855, "COMMENTS": null, "CL_2010": "Y", "deci_x": -77.641283419000004, "deci_y": 39.401059552900001 }, "geometry": { "type": "Point", "coordinates": [ 1480049.294182357611135, 73134.497293892854941 ] } },
{ "type": "Feature", "properties": { "siteID": "APPA-28314", "xcoord": 1479566.4005656817, "ycoord": 84724.767864486697, "COMMENTS": null, "CL_2010": "Y", "deci_x": -77.619596698699993, "deci_y": 39.498324578899997 }, "geometry": { "type": "Point", "coordinates": [ 1479566.40056568197906, 84724.767864486697363 ] } },
{ "type": "Feature", "properties": { "siteID": "APPA-28442", "xcoord": 1480065.4932995511, "ycoord": 93876.213439567859, "COMMENTS": null, "CL_2010": "Y", "deci_x": -77.591750797900005, "deci_y": 39.5736722579 }, "geometry": { "type": "Point", "coordinates": [ 1480065.493299550609663, 93876.213439567858586 ] } },
{ "type": "Feature", "properties": { "siteID": "APPA-28506", "xcoord": 1481783.979501521, "ycoord": 100916.57819171372, "COMMENTS": null, "CL_2010": "Y", "deci_x": -77.554087368200001, "deci_y": 39.629442730800001 }, "geometry": { "type": "Point", "coordinates": [ 1481783.979501521214843, 100916.578191713706474 ] } },
{ "type": "Feature", "properties": { "siteID": "APPA-28554", "xcoord": 1479373.6521158479, "ycoord": 68642.520585544335, "COMMENTS": null, "CL_2010": "Y", "deci_x": -77.660102045800002, "deci_y": 39.364766707599998 }, "geometry": { "type": "Point", "coordinates": [ 1479373.652115847915411, 68642.520585544334608 ] } },
{ "type": "Feature", "properties": { "siteID": "APPA-28570", "xcoord": 1480455.006495849, "ycoord": 79088.710987249346, "COMMENTS": null, "CL_2010": "Y", "deci_x": -77.622236332300005, "deci_y": 39.449960725499999 }, "geometry": { "type": "Point", "coordinates": [ 1480455.006495848530903, 79088.710987249360187 ] } },
{ "type": "Feature", "properties": { "siteID": "APPA-28686", "xcoord": 1482258.1747954879, "ycoord": 104039.24050209798, "COMMENTS": null, "CL_2010": "Y", "deci_x": -77.540858328599995, "deci_y": 39.6546472084 }, "geometry": { "type": "Point", "coordinates": [ 1482258.174795487662777, 104039.240502098022262 ] } },
{ "type": "Feature", "properties": { "siteID": "APPA-28698", "xcoord": 1477554.4909483681, "ycoord": 63341.328509209139, "COMMENTS": "C&O Canal", "CL_2010": "Y", "deci_x": -77.694630330600006, "deci_y": 39.323594553200003 }, "geometry": { "type": "Point", "coordinates": [ 1477554.490948367631063, 63341.328509209139156 ] } },
{ "type": "Feature", "properties": { "siteID": "APPA-28762", "xcoord": 1480552.4967555751, "ycoord": 95797.928539203465, "COMMENTS": null, "CL_2010": "Y", "deci_x": -77.581259221300002, "deci_y": 39.588867202800003 }, "geometry": { "type": "Point", "coordinates": [ 1480552.496755575295538, 95797.928539203465334 ] } },
{ "type": "Feature", "properties": { "siteID": "APPA-28826", "xcoord": 1480916.1862197793, "ycoord": 100556.1958238537, "COMMENTS": null, "CL_2010": "Y", "deci_x": -77.565481123699996, "deci_y": 39.627866602399997 }, "geometry": { "type": "Point", "coordinates": [ 1480916.186219778843224, 100556.195823853660841 ] } },
{ "type": "Feature", "properties": { "siteID": "APPA-28874", "xcoord": 1479046.122097811, "ycoord": 66875.857390446618, "COMMENTS": null, "CL_2010": "Y", "deci_x": -77.668244619700005, "deci_y": 39.350592600600002 }, "geometry": { "type": "Point", "coordinates": [ 1479046.122097810730338, 66875.857390446617501 ] } },
{ "type": "Feature", "properties": { "siteID": "APPA-28890", "xcoord": 1479684.152833462, "ycoord": 80375.123947775486, "COMMENTS": null, "CL_2010": "Y", "deci_x": -77.628511415199995, "deci_y": 39.461927989899998 }, "geometry": { "type": "Point", "coordinates": [ 1479684.152833461761475, 80375.123947775486158 ] } },
{ "type": "Feature", "properties": { "siteID": "APPA-28942", "xcoord": 1482808.966577372, "ycoord": 106310.50085398242, "COMMENTS": null, "CL_2010": "Y", "deci_x": -77.528729456999997, "deci_y": 39.6726403292 }, "geometry": { "type": "Point", "coordinates": [ 1482808.966577371582389, 106310.50085398236115 ] } },
{ "type": "Feature", "properties": { "siteID": "APPA-29018", "xcoord": 1479981.783555615, "ycoord": 92338.665627040988, "COMMENTS": null, "CL_2010": "Y", "deci_x": -77.596431995200007, "deci_y": 39.5610136114 }, "geometry": { "type": "Point", "coordinates": [ 1479981.783555614529178, 92338.665627040987602 ] } },
{ "type": "Feature", "properties": { "siteID": "APPA-29066", "xcoord": 1479701.129117623, "ycoord": 75996.03873373181, "COMMENTS": null, "CL_2010": "Y", "deci_x": -77.638705527599996, "deci_y": 39.425448701100002 }, "geometry": { "type": "Point", "coordinates": [ 1479701.129117623204365, 75996.038733731809771 ] } },
{ "type": "Feature", "properties": { "siteID": "APPA-29082", "xcoord": 1479451.8978155961, "ycoord": 88179.898730297777, "COMMENTS": null, "CL_2010": "Y", "deci_x": -77.612762301700002, "deci_y": 39.527268872400001 }, "geometry": { "type": "Point", "coordinates": [ 1479451.897815595846623, 88179.898730297776638 ] } },
{ "type": "Feature", "properties": { "siteID": "APPA-29130", "xcoord": 1478118.1934879259, "ycoord": 64395.617663012359, "COMMENTS": null, "CL_2010": "Y", "deci_x": -77.685326872000005, "deci_y": 39.3314547692 }, "geometry": { "type": "Point", "coordinates": [ 1478118.193487925454974, 64395.617663012359117 ] } },
{ "type": "Feature", "properties": { "siteID": "APPA-29146", "xcoord": 1479930.7513293519, "ycoord": 80974.325403496725, "COMMENTS": null, "CL_2010": "Y", "deci_x": -77.624101676099997, "deci_y": 39.466512662 }, "geometry": { "type": "Point", "coordinates": [ 1479930.751329352380708, 80974.325403496724903 ] } },
{ "type": "Feature", "properties": { "siteID": "APPA-29198", "xcoord": 1482613.8538756019, "ycoord": 109813.587599073, "COMMENTS": null, "CL_2010": "Y", "deci_x": -77.522700541000006, "deci_y": 39.702105576299999 }, "geometry": { "type": "Point", "coordinates": [ 1482613.853875601897016, 109813.587599072954617 ] } },
{ "type": "Feature", "properties": { "siteID": "APPA-29274", "xcoord": 1482301.843515187, "ycoord": 101326.4239703233, "COMMENTS": null, "CL_2010": "Y", "deci_x": -77.546821698700001, "deci_y": 39.632003585900001 }, "geometry": { "type": "Point", "coordinates": [ 1482301.843515187269077, 101326.423970323332469 ] } },
{ "type": "Feature", "properties": { "siteID": "APPA-29322", "xcoord": 1479871.1732741811, "ycoord": 71934.183769586438, "COMMENTS": null, "CL_2010": "Y", "deci_x": -77.646284785600002, "deci_y": 39.391358102399998 }, "geometry": { "type": "Point", "coordinates": [ 1479871.173274180619046, 71934.183769586437847 ] } },
{ "type": "Feature", "properties": { "siteID": "APPA-29338", "xcoord": 1479238.9262430549, "ycoord": 86974.652221595126, "COMMENTS": null, "CL_2010": "Y", "deci_x": -77.618211646700004, "deci_y": 39.5175858375 }, "geometry": { "type": "Point", "coordinates": [ 1479238.926243054680526, 86974.652221595126321 ] } },
{ "type": "Feature", "properties": { "siteID": "APPA-29454", "xcoord": 1482921.643242171, "ycoord": 110529.46807609939, "COMMENTS": null, "CL_2010": "Y", "deci_x": -77.517243586600003, "deci_y": 39.707555745400001 }, "geometry": { "type": "Point", "coordinates": [ 1482921.643242171267048, 110529.468076099365135 ] } },
{ "type": "Feature", "properties": { "siteID": "APPA-29530", "xcoord": 1480513.5811022241, "ycoord": 97729.054405871531, "COMMENTS": null, "CL_2010": "Y", "deci_x": -77.5771209583, "deci_y": 39.605000905300003 }, "geometry": { "type": "Point", "coordinates": [ 1480513.581102223601192, 97729.054405871531344 ] } },
{ "type": "Feature", "properties": { "siteID": "APPA-29578", "xcoord": 1479756.497364904, "ycoord": 70278.459671206016, "COMMENTS": null, "CL_2010": "Y", "deci_x": -77.651596877599999, "deci_y": 39.377761549900001 }, "geometry": { "type": "Point", "coordinates": [ 1479756.49736490403302, 70278.459671206015628 ] } },
{ "type": "Feature", "properties": { "siteID": "APPA-29594", "xcoord": 1480101.9429281149, "ycoord": 78768.129811786013, "COMMENTS": null, "CL_2010": "Y", "deci_x": -77.627271836000006, "deci_y": 39.447869159200003 }, "geometry": { "type": "Point", "coordinates": [ 1480101.942928115138784, 78768.129811786013306 ] } },
{ "type": "Feature", "properties": { "siteID": "APPA-29710", "xcoord": 1482423.5702040221, "ycoord": 104471.40554552111, "COMMENTS": null, "CL_2010": "Y", "deci_x": -77.537815323900006, "deci_y": 39.657971525299999 }, "geometry": { "type": "Point", "coordinates": [ 1482423.570204021874815, 104471.405545521134627 ] } },
{ "type": "Feature", "properties": { "siteID": "APPA-29722", "xcoord": 1478271.9951802259, "ycoord": 63979.476953892052, "COMMENTS": "C&O Canal", "CL_2010": "Y", "deci_x": -77.684452125899995, "deci_y": 39.327739427799997 }, "geometry": { "type": "Point", "coordinates": [ 1478271.995180225698277, 63979.476953892044548 ] } },
{ "type": "Feature", "properties": { "siteID": "APPA-29786", "xcoord": 1480594.026433497, "ycoord": 96764.175663362694, "COMMENTS": null, "CL_2010": "Y", "deci_x": -77.578448863999995, "deci_y": 39.596839922000001 }, "geometry": { "type": "Point", "coordinates": [ 1480594.026433496968821, 96764.17566336269374 ] } },
{ "type": "Feature", "properties": { "siteID": "APPA-29850", "xcoord": 1479861.991887283, "ycoord": 89475.264966813673, "COMMENTS": null, "CL_2010": "Y", "deci_x": -77.604707426100006, "deci_y": 39.537379232 }, "geometry": { "type": "Point", "coordinates": [ 1479861.991887282580137, 89475.264966813687352 ] } },
{ "type": "Feature", "properties": { "siteID": "APPA-29898", "xcoord": 1478761.6270029489, "ycoord": 65344.813257433721, "COMMENTS": null, "CL_2010": "Y", "deci_x": -77.675306189899999, "deci_y": 39.338309353100001 }, "geometry": { "type": "Point", "coordinates": [ 1478761.627002948895097, 65344.813257433721446 ] } },
{ "type": "Feature", "properties": { "siteID": "APPA-29914", "xcoord": 1480005.6372005059, "ycoord": 82707.755084911725, "COMMENTS": null, "CL_2010": "Y", "deci_x": -77.619073700800001, "deci_y": 39.480818495299999 }, "geometry": { "type": "Point", "coordinates": [ 1480005.637200506404042, 82707.755084911725135 ] } },
{ "type": "Feature", "properties": { "siteID": "APPA-29966", "xcoord": 1483092.0247754017, "ycoord": 108173.190337156, "COMMENTS": null, "CL_2010": "Y", "deci_x": -77.520825961100002, "deci_y": 39.687672691800003 }, "geometry": { "type": "Point", "coordinates": [ 1483092.024775401689112, 108173.190337156032911 ] } },
{ "type": "Feature", "properties": { "siteID": "APPA-30042", "xcoord": 1479706.367286542, "ycoord": 93577.384372278655, "COMMENTS": null, "CL_2010": "Y", "deci_x": -77.596818513499997, "deci_y": 39.5717730561 }, "geometry": { "type": "Point", "coordinates": [ 1479706.36728654243052, 93577.384372278655064 ] } },
{ "type": "Feature", "properties": { "siteID": "APPA-30090", "xcoord": 1479550.7945681671, "ycoord": 76542.945620277402, "COMMENTS": null, "CL_2010": "Y", "deci_x": -77.639226635900002, "deci_y": 39.430246757500001 }, "geometry": { "type": "Point", "coordinates": [ 1479550.794568166602403, 76542.945620277401758 ] } },
{ "type": "Feature", "properties": { "siteID": "APPA-30106", "xcoord": 1479335.0140178311, "ycoord": 87343.437036091054, "COMMENTS": null, "CL_2010": "Y", "deci_x": -77.616169702199997, "deci_y": 39.5204981714 }, "geometry": { "type": "Point", "coordinates": [ 1479335.014017830602825, 87343.437036091039772 ] } },
{ "type": "Feature", "properties": { "siteID": "APPA-30154", "xcoord": 1478842.7641154891, "ycoord": 66178.684119462283, "COMMENTS": null, "CL_2010": "Y", "deci_x": -77.672352621300007, "deci_y": 39.345119706299997 }, "geometry": { "type": "Point", "coordinates": [ 1478842.764115488622338, 66178.684119462282979 ] } },
{ "type": "Feature", "properties": { "siteID": "APPA-30170", "xcoord": 1480167.41156903, "ycoord": 82096.801801838315, "COMMENTS": null, "CL_2010": "Y", "deci_x": -77.618567437799996, "deci_y": 39.475468872199997 }, "geometry": { "type": "Point", "coordinates": [ 1480167.411569030256942, 82096.801801838315441 ] } },
{ "type": "Feature", "properties": { "siteID": "APPA-30222", "xcoord": 1482509.8695238749, "ycoord": 108420.31643863471, "COMMENTS": null, "CL_2010": "Y", "deci_x": -77.527304840100001, "deci_y": 39.690684800699998 }, "geometry": { "type": "Point", "coordinates": [ 1482509.869523874716833, 108420.316438634705264 ] } },
{ "type": "Feature", "properties": { "siteID": "APPA-30298", "xcoord": 1482502.5662128611, "ycoord": 101256.74959340809, "COMMENTS": null, "CL_2010": "Y", "deci_x": -77.544552296700004, "deci_y": 39.631094556599997 }, "geometry": { "type": "Point", "coordinates": [ 1482502.56621286063455, 101256.749593408138026 ] } },
{ "type": "Feature", "properties": { "siteID": "APPA-30346", "xcoord": 1479834.760633982, "ycoord": 71095.841606363087, "COMMENTS": null, "CL_2010": "Y", "deci_x": -77.648712895200006, "deci_y": 39.384438484900002 }, "geometry": { "type": "Point", "coordinates": [ 1479834.76063398225233, 71095.841606363086612 ] } },
{ "type": "Feature", "properties": { "siteID": "APPA-30362", "xcoord": 1479909.8210493559, "ycoord": 84133.20704482506, "COMMENTS": null, "CL_2010": "Y", "deci_x": -77.616843890699997, "deci_y": 39.4928395843 }, "geometry": { "type": "Point", "coordinates": [ 1479909.821049355901778, 84133.207044825059711 ] } },
{ "type": "Feature", "properties": { "siteID": "APPA-30410", "xcoord": 1475184.768689245, "ycoord": 62854.797541253633, "COMMENTS": null, "CL_2010": "Y", "deci_x": -77.724413807900007, "deci_y": 39.3233984023 }, "geometry": { "type": "Point", "coordinates": [ 1475184.768689244519919, 62854.797541253632517 ] } },
{ "type": "Feature", "properties": { "siteID": "APPA-30478", "xcoord": 1482906.2335193241, "ycoord": 110450.3812070853, "COMMENTS": null, "CL_2010": "Y", "deci_x": -77.517620576599995, "deci_y": 39.706923104399998 }, "geometry": { "type": "Point", "coordinates": [ 1482906.233519323635846, 110450.381207085287315 ] } },
{ "type": "Feature", "properties": { "siteID": "APPA-30490", "xcoord": 1479761.3755029051, "ycoord": 93823.431629648272, "COMMENTS": null, "CL_2010": "Y", "deci_x": -77.595564765700004, "deci_y": 39.573730676799997 }, "geometry": { "type": "Point", "coordinates": [ 1479761.375502904877067, 93823.431629648257513 ] } },
{ "type": "Feature", "properties": { "siteID": "APPA-30554", "xcoord": 1480603.1697722031, "ycoord": 97080.63539804396, "COMMENTS": null, "CL_2010": "Y", "deci_x": -77.577582367399998, "deci_y": 39.599458374500003 }, "geometry": { "type": "Point", "coordinates": [ 1480603.169772202847525, 97080.635398043959867 ] } },
{ "type": "Feature", "properties": { "siteID": "APPA-30602", "xcoord": 1479623.4898117643, "ycoord": 69464.600363662015, "COMMENTS": null, "CL_2010": "Y", "deci_x": -77.655133841799994, "deci_y": 39.3712031397 }, "geometry": { "type": "Point", "coordinates": [ 1479623.489811764331535, 69464.600363662015297 ] } },
{ "type": "Feature", "properties": { "siteID": "APPA-30618", "xcoord": 1479579.4355057701, "ycoord": 77933.650989485002, "COMMENTS": null, "CL_2010": "Y", "deci_x": -77.635578373599998, "deci_y": 39.4417764389 }, "geometry": { "type": "Point", "coordinates": [ 1479579.435505769681185, 77933.650989485002356 ] } },
{ "type": "Feature", "properties": { "siteID": "APPA-30734", "xcoord": 1482648.335724321, "ycoord": 105062.46895911111, "COMMENTS": null, "CL_2010": "Y", "deci_x": -77.533670478000005, "deci_y": 39.662520365299997 }, "geometry": { "type": "Point", "coordinates": [ 1482648.335724320728332, 105062.468959111094591 ] } },
{ "type": "Feature", "properties": { "siteID": "APPA-30746", "xcoord": 1476033.3185847609, "ycoord": 63199.382228397299, "COMMENTS": "C&O Canal", "CL_2010": "Y", "deci_x": -77.713346845499998, "deci_y": 39.324887966200002 }, "geometry": { "type": "Point", "coordinates": [ 1476033.318584760883823, 63199.382228397298604 ] } },
{ "type": "Feature", "properties": { "siteID": "APPA-30810", "xcoord": 1480366.0938207491, "ycoord": 90857.104580091313, "COMMENTS": null, "CL_2010": "Y", "deci_x": -77.595304339600006, "deci_y": 39.548054836 }, "geometry": { "type": "Point", "coordinates": [ 1480366.093820749083534, 90857.104580091312528 ] } },
{ "type": "Feature", "properties": { "siteID": "APPA-30874", "xcoord": 1479626.3094442729, "ycoord": 88924.142924540167, "COMMENTS": null, "CL_2010": "Y", "deci_x": -77.608876540300002, "deci_y": 39.533177869399999 }, "geometry": { "type": "Point", "coordinates": [ 1479626.309444272890687, 88924.14292454016686 ] } },
{ "type": "Feature", "properties": { "siteID": "APPA-30922", "xcoord": 1478517.092261269, "ycoord": 64741.508025680661, "COMMENTS": null, "CL_2010": "Y", "deci_x": -77.679688442, "deci_y": 39.333684795899998 }, "geometry": { "type": "Point", "coordinates": [ 1478517.092261269222945, 64741.508025680661376 ] } },
{ "type": "Feature", "properties": { "siteID": "APPA-30938", "xcoord": 1480158.970871035, "ycoord": 83526.823361049523, "COMMENTS": null, "CL_2010": "Y", "deci_x": -77.615268582, "deci_y": 39.487385234599998 }, "geometry": { "type": "Point", "coordinates": [ 1480158.970871035009623, 83526.823361049522646 ] } },
{ "type": "Feature", "properties": { "siteID": "APPA-30990", "xcoord": 1483000.2104100981, "ycoord": 107339.7402464554, "COMMENTS": null, "CL_2010": "Y", "deci_x": -77.523939659299998, "deci_y": 39.680889415800003 }, "geometry": { "type": "Point", "coordinates": [ 1483000.210410098079592, 107339.740246455417946 ] } },
{ "type": "Feature", "properties": { "siteID": "APPA-31066", "xcoord": 1482590.915090411, "ycoord": 101905.4583502711, "COMMENTS": null, "CL_2010": "Y", "deci_x": -77.541927409300001, "deci_y": 39.6363472293 }, "geometry": { "type": "Point", "coordinates": [ 1482590.915090411202982, 101905.45835027108842 ] } },
{ "type": "Feature", "properties": { "siteID": "APPA-31114", "xcoord": 1479744.747781419, "ycoord": 75481.240648283871, "COMMENTS": null, "CL_2010": "Y", "deci_x": -77.639399544400007, "deci_y": 39.421092142299997 }, "geometry": { "type": "Point", "coordinates": [ 1479744.747781418962404, 75481.240648283870541 ] } },
{ "type": "Feature", "properties": { "siteID": "APPA-31130", "xcoord": 1479287.9597772099, "ycoord": 87190.990759791617, "COMMENTS": null, "CL_2010": "Y", "deci_x": -77.617102683200002, "deci_y": 39.519306278800002 }, "geometry": { "type": "Point", "coordinates": [ 1479287.95977720967494, 87190.990759791631717 ] } },
{ "type": "Feature", "properties": { "siteID": "APPA-31194", "xcoord": 1479699.575244796, "ycoord": 80686.611318730647, "COMMENTS": null, "CL_2010": "Y", "deci_x": -77.627584515099997, "deci_y": 39.464495529300002 }, "geometry": { "type": "Point", "coordinates": [ 1479699.575244795531034, 80686.611318730647326 ] } },
{ "type": "Feature", "properties": { "siteID": "APPA-31246", "xcoord": 1482313.0329995903, "ycoord": 108938.0441565378, "COMMENTS": null, "CL_2010": "Y", "deci_x": -77.528454724100001, "deci_y": 39.695315364899997 }, "geometry": { "type": "Point", "coordinates": [ 1482313.032999589573592, 108938.044156537842355 ] } },
{ "type": "Feature", "properties": { "siteID": "APPA-31322", "xcoord": 1480666.464626228, "ycoord": 99405.712926625944, "COMMENTS": null, "CL_2010": "Y", "deci_x": -77.571261061499996, "deci_y": 39.618702489599997 }, "geometry": { "type": "Point", "coordinates": [ 1480666.464626228436828, 99405.71292662594351 ] } },
{ "type": "Feature", "properties": { "siteID": "APPA-31370", "xcoord": 1480071.2210865279, "ycoord": 73705.108980117977, "COMMENTS": null, "CL_2010": "Y", "deci_x": -77.639664404599998, "deci_y": 39.4057738327 }, "geometry": { "type": "Point", "coordinates": [ 1480071.221086528152227, 73705.108980117976898 ] } },
{ "type": "Feature", "properties": { "siteID": "APPA-31386", "xcoord": 1479275.4985319299, "ycoord": 85138.770189285118, "COMMENTS": null, "CL_2010": "Y", "deci_x": -77.622136035400004, "deci_y": 39.502245804799998 }, "geometry": { "type": "Point", "coordinates": [ 1479275.498531930148602, 85138.770189285118249 ] } },
{ "type": "Feature", "properties": { "siteID": "APPA-31514", "xcoord": 1480419.647212079, "ycoord": 95096.840771424279, "COMMENTS": null, "CL_2010": "Y", "deci_x": -77.584543744399994, "deci_y": 39.583250465200003 }, "geometry": { "type": "Point", "coordinates": [ 1480419.647212078794837, 95096.8407714242785 ] } },
{ "type": "Feature", "properties": { "siteID": "APPA-31578", "xcoord": 1482040.846660442, "ycoord": 101483.7283450114, "COMMENTS": null, "CL_2010": "Y", "deci_x": -77.549613065599999, "deci_y": 39.633740581399998 }, "geometry": { "type": "Point", "coordinates": [ 1482040.846660442184657, 101483.728345011419151 ] } },
{ "type": "Feature", "properties": { "siteID": "APPA-31626", "xcoord": 1479184.708846892, "ycoord": 67641.047246970265, "COMMENTS": null, "CL_2010": "Y", "deci_x": -77.664757878900005, "deci_y": 39.356737222100001 }, "geometry": { "type": "Point", "coordinates": [ 1479184.708846892230213, 67641.047246970265405 ] } },
{ "type": "Feature", "properties": { "siteID": "APPA-31642", "xcoord": 1479663.287432275, "ycoord": 78197.341600461572, "COMMENTS": null, "CL_2010": "Y", "deci_x": -77.633937265499995, "deci_y": 39.443834473000003 }, "geometry": { "type": "Point", "coordinates": [ 1479663.287432275246829, 78197.341600461571943 ] } },
{ "type": "Feature", "properties": { "siteID": "APPA-31758", "xcoord": 1482505.3000580817, "ycoord": 105213.0704523434, "COMMENTS": null, "CL_2010": "Y", "deci_x": -77.535046501899998, "deci_y": 39.664008180099998 }, "geometry": { "type": "Point", "coordinates": [ 1482505.300058081513271, 105213.070452343410579 ] } },
{ "type": "Feature", "properties": { "siteID": "APPA-31770", "xcoord": 1477260.4977116489, "ycoord": 63402.318534575526, "COMMENTS": "C&O Canal", "CL_2010": "Y", "deci_x": -77.698038687700006, "deci_y": 39.324580972 }, "geometry": { "type": "Point", "coordinates": [ 1477260.497711648931727, 63402.318534575526428 ] } },
{ "type": "Feature", "properties": { "siteID": "APPA-31834", "xcoord": 1480209.541399084, "ycoord": 91975.559993015646, "COMMENTS": null, "CL_2010": "Y", "deci_x": -77.594536146600007, "deci_y": 39.557619089699998 }, "geometry": { "type": "Point", "coordinates": [ 1480209.541399084031582, 91975.559993015645887 ] } },
{ "type": "Feature", "properties": { "siteID": "APPA-31898", "xcoord": 1480250.626900262, "ycoord": 89983.163875550104, "COMMENTS": null, "CL_2010": "Y", "deci_x": -77.598786776500006, "deci_y": 39.540970498299998 }, "geometry": { "type": "Point", "coordinates": [ 1480250.626900261733681, 89983.163875550104422 ] } },
{ "type": "Feature", "properties": { "siteID": "APPA-31946", "xcoord": 1478628.7287297491, "ycoord": 64602.489212401633, "COMMENTS": null, "CL_2010": "Y", "deci_x": -77.678668133800002, "deci_y": 39.332345434499999 }, "geometry": { "type": "Point", "coordinates": [ 1478628.72872974909842, 64602.489212401625991 ] } },
{ "type": "Feature", "properties": { "siteID": "APPA-31962", "xcoord": 1479895.4951558241, "ycoord": 83137.659069912697, "COMMENTS": null, "CL_2010": "Y", "deci_x": -77.619385270099997, "deci_y": 39.4845767602 }, "geometry": { "type": "Point", "coordinates": [ 1479895.495155823882669, 83137.659069912697305 ] } },
{ "type": "Feature", "properties": { "siteID": "APPA-32014", "xcoord": 1482578.8630895021, "ycoord": 109531.4144290768, "COMMENTS": null, "CL_2010": "Y", "deci_x": -77.523802411700004, "deci_y": 39.699815480399998 }, "geometry": { "type": "Point", "coordinates": [ 1482578.863089502323419, 109531.414429076830857 ] } },
{ "type": "Feature", "properties": { "siteID": "APPA-32090", "xcoord": 1482650.691847201, "ycoord": 103050.74638282199, "COMMENTS": null, "CL_2010": "Y", "deci_x": -77.538459985299994, "deci_y": 39.645778451200002 }, "geometry": { "type": "Point", "coordinates": [ 1482650.691847200738266, 103050.746382821947918 ] } },
{ "type": "Feature", "properties": { "siteID": "APPA-32138", "xcoord": 1479783.508006071, "ycoord": 74661.329816064128, "COMMENTS": null, "CL_2010": "Y", "deci_x": -77.640876260900001, "deci_y": 39.414203603300002 }, "geometry": { "type": "Point", "coordinates": [ 1479783.508006071439013, 74661.329816064127954 ] } },
{ "type": "Feature", "properties": { "siteID": "APPA-32154", "xcoord": 1479272.6851723939, "ycoord": 85739.976437674792, "COMMENTS": null, "CL_2010": "Y", "deci_x": -77.620740081600005, "deci_y": 39.507254357400001 }, "geometry": { "type": "Point", "coordinates": [ 1479272.685172393685207, 85739.976437674791669 ] } },
{ "type": "Feature", "properties": { "siteID": "APPA-32270", "xcoord": 1482921.649797563, "ycoord": 110785.99641048819, "COMMENTS": null, "CL_2010": "Y", "deci_x": -77.5166279723, "deci_y": 39.709689897399997 }, "geometry": { "type": "Point", "coordinates": [ 1482921.649797562975436, 110785.996410488223773 ] } },
{ "type": "Feature", "properties": { "siteID": "APPA-32346", "xcoord": 1480580.72435892, "ycoord": 98718.247767918758, "COMMENTS": null, "CL_2010": "Y", "deci_x": -77.573943789300003, "deci_y": 39.613122375499998 }, "geometry": { "type": "Point", "coordinates": [ 1480580.724358919775113, 98718.247767918757745 ] } },
{ "type": "Feature", "properties": { "siteID": "APPA-32394", "xcoord": 1480042.7665820699, "ycoord": 73105.452506439629, "COMMENTS": null, "CL_2010": "Y", "deci_x": -77.641431281300001, "deci_y": 39.400828424099998 }, "geometry": { "type": "Point", "coordinates": [ 1480042.766582069452852, 73105.45250643962936 ] } },
{ "type": "Feature", "properties": { "siteID": "APPA-32410", "xcoord": 1480413.8546564451, "ycoord": 78733.105457611222, "COMMENTS": null, "CL_2010": "Y", "deci_x": -77.623579512800006, "deci_y": 39.447067990199997 }, "geometry": { "type": "Point", "coordinates": [ 1480413.854656445095316, 78733.105457611221937 ] } },
{ "type": "Feature", "properties": { "siteID": "APPA-32538", "xcoord": 1480231.6862054369, "ycoord": 93998.534247297954, "COMMENTS": null, "CL_2010": "Y", "deci_x": -77.589443597699997, "deci_y": 39.574418199299998 }, "geometry": { "type": "Point", "coordinates": [ 1480231.686205437174067, 93998.534247297953698 ] } },
{ "type": "Feature", "properties": { "siteID": "APPA-32602", "xcoord": 1481827.012919599, "ycoord": 100910.8041348969, "COMMENTS": null, "CL_2010": "Y", "deci_x": -77.5535788997, "deci_y": 39.629324118500001 }, "geometry": { "type": "Point", "coordinates": [ 1481827.012919598491862, 100910.804134896898177 ] } },
{ "type": "Feature", "properties": { "siteID": "APPA-32650", "xcoord": 1479527.4349310971, "ycoord": 69063.656837124348, "COMMENTS": null, "CL_2010": "Y", "deci_x": -77.657245165399999, "deci_y": 39.368021922300002 }, "geometry": { "type": "Point", "coordinates": [ 1479527.434931096620858, 69063.656837124348385 ] } },
{ "type": "Feature", "properties": { "siteID": "APPA-32666", "xcoord": 1480178.7469112091, "ycoord": 79511.684894396356, "COMMENTS": null, "CL_2010": "Y", "deci_x": -77.624575367000006, "deci_y": 39.453932883 }, "geometry": { "type": "Point", "coordinates": [ 1480178.746911208843812, 79511.684894396355958 ] } },
{ "type": "Feature", "properties": { "siteID": "APPA-32858", "xcoord": 1480226.3296568471, "ycoord": 94389.491277574387, "COMMENTS": null, "CL_2010": "Y", "deci_x": -77.5885759823, "deci_y": 39.577680483899996 }, "geometry": { "type": "Point", "coordinates": [ 1480226.329656847054139, 94389.491277574386913 ] } },
{ "type": "Feature", "properties": { "siteID": "APPA-32922", "xcoord": 1481103.9885143831, "ycoord": 100811.44952813959, "COMMENTS": null, "CL_2010": "Y", "deci_x": -77.562591632099995, "deci_y": 39.629682768599999 }, "geometry": { "type": "Point", "coordinates": [ 1481103.988514382857829, 100811.449528139593895 ] } },
{ "type": "Feature", "properties": { "siteID": "APPA-32970", "xcoord": 1479561.372276024, "ycoord": 69182.106017081853, "COMMENTS": null, "CL_2010": "Y", "deci_x": -77.656554219399993, "deci_y": 39.368952671099997 }, "geometry": { "type": "Point", "coordinates": [ 1479561.372276023728773, 69182.106017081852769 ] } },
{ "type": "Feature", "properties": { "siteID": "APPA-32986", "xcoord": 1480430.7041382189, "ycoord": 79222.228038328147, "COMMENTS": null, "CL_2010": "Y", "deci_x": -77.6222132045, "deci_y": 39.451111802100002 }, "geometry": { "type": "Point", "coordinates": [ 1480430.704138219356537, 79222.228038328146795 ] } },
{ "type": "Feature", "properties": { "siteID": "APPA-33038", "xcoord": 1482768.732305055, "ycoord": 106206.59641372391, "COMMENTS": null, "CL_2010": "Y", "deci_x": -77.529467076200007, "deci_y": 39.671841909699999 }, "geometry": { "type": "Point", "coordinates": [ 1482768.732305055251345, 106206.596413723891601 ] } },
{ "type": "Feature", "properties": { "siteID": "APPA-33050", "xcoord": 1477292.6751506557, "ycoord": 63394.74102882333, "COMMENTS": "C&O Canal", "CL_2010": "Y", "deci_x": -77.697667770600006, "deci_y": 39.324465501299997 }, "geometry": { "type": "Point", "coordinates": [ 1477292.675150655675679, 63394.741028823329543 ] } },
{ "type": "Feature", "properties": { "siteID": "APPA-33114", "xcoord": 1480372.3228098992, "ycoord": 91748.956103425182, "COMMENTS": null, "CL_2010": "Y", "deci_x": -77.5931028153, "deci_y": 39.555466860700001 }, "geometry": { "type": "Point", "coordinates": [ 1480372.322809899225831, 91748.956103425181936 ] } },
{ "type": "Feature", "properties": { "siteID": "APPA-33162", "xcoord": 1479601.5755023321, "ycoord": 76281.263313039381, "COMMENTS": null, "CL_2010": "Y", "deci_x": -77.639233237499994, "deci_y": 39.427985535600001 }, "geometry": { "type": "Point", "coordinates": [ 1479601.575502332067117, 76281.263313039380591 ] } },
{ "type": "Feature", "properties": { "siteID": "APPA-33178", "xcoord": 1480251.4939679441, "ycoord": 90111.509317851946, "COMMENTS": null, "CL_2010": "Y", "deci_x": -77.598470435400003, "deci_y": 39.542037226300003 }, "geometry": { "type": "Point", "coordinates": [ 1480251.493967944057658, 90111.509317851945525 ] } },
{ "type": "Feature", "properties": { "siteID": "APPA-33226", "xcoord": 1478235.0758898801, "ycoord": 64547.726998576793, "COMMENTS": null, "CL_2010": "Y", "deci_x": -77.6835547652, "deci_y": 39.332530840399997 }, "geometry": { "type": "Point", "coordinates": [ 1478235.075889880070463, 64547.726998576785263 ] } },
{ "type": "Feature", "properties": { "siteID": "APPA-33242", "xcoord": 1479969.658184188, "ycoord": 83205.383460185578, "COMMENTS": null, "CL_2010": "Y", "deci_x": -77.618325997, "deci_y": 39.485019241499998 }, "geometry": { "type": "Point", "coordinates": [ 1479969.658184187952429, 83205.383460185563308 ] } },
{ "type": "Feature", "properties": { "siteID": "APPA-33294", "xcoord": 1482600.7019269059, "ycoord": 109693.67492873489, "COMMENTS": null, "CL_2010": "Y", "deci_x": -77.523147933199994, "deci_y": 39.701129554799998 }, "geometry": { "type": "Point", "coordinates": [ 1482600.701926906360313, 109693.674928734937566 ] } },
{ "type": "Feature", "properties": { "siteID": "APPA-33370", "xcoord": 1482629.142682743, "ycoord": 103153.28107575441, "COMMENTS": null, "CL_2010": "Y", "deci_x": -77.538476067199994, "deci_y": 39.646666943600003 }, "geometry": { "type": "Point", "coordinates": [ 1482629.142682743025944, 103153.281075754362973 ] } },
{ "type": "Feature", "properties": { "siteID": "APPA-33418", "xcoord": 1479918.4209524789, "ycoord": 72406.6876994044, "COMMENTS": null, "CL_2010": "Y", "deci_x": -77.644592788799997, "deci_y": 39.395214448799997 }, "geometry": { "type": "Point", "coordinates": [ 1479918.420952479122207, 72406.687699404399609 ] } },
{ "type": "Feature", "properties": { "siteID": "APPA-33434", "xcoord": 1479235.6526200019, "ycoord": 86539.1578004404, "COMMENTS": null, "CL_2010": "Y", "deci_x": -77.619287511699994, "deci_y": 39.513966551800003 }, "geometry": { "type": "Point", "coordinates": [ 1479235.652620002161711, 86539.157800440400024 ] } },
{ "type": "Feature", "properties": { "siteID": "APPA-33550", "xcoord": 1483199.815752276, "ycoord": 111167.7919841471, "COMMENTS": null, "CL_2010": "Y", "deci_x": -77.512331749300003, "deci_y": 39.712409121199997 }, "geometry": { "type": "Point", "coordinates": [ 1483199.815752275753766, 111167.791984147130279 ] } },
{ "type": "Feature", "properties": { "siteID": "APPA-33626", "xcoord": 1480462.776194897, "ycoord": 98181.35842594906, "COMMENTS": null, "CL_2010": "Y", "deci_x": -77.576657246899998, "deci_y": 39.608847927299998 }, "geometry": { "type": "Point", "coordinates": [ 1480462.776194896781817, 98181.358425949059892 ] } },
{ "type": "Feature", "properties": { "siteID": "APPA-33674", "xcoord": 1480000.864501805, "ycoord": 72925.561013351078, "COMMENTS": null, "CL_2010": "Y", "deci_x": -77.642364871500007, "deci_y": 39.399399307000003 }, "geometry": { "type": "Point", "coordinates": [ 1480000.86450180481188, 72925.561013351078145 ] } },
{ "type": "Feature", "properties": { "siteID": "APPA-33690", "xcoord": 1479991.6209873869, "ycoord": 78748.246905880602, "COMMENTS": null, "CL_2010": "Y", "deci_x": -77.628654481400005, "deci_y": 39.447883886600003 }, "geometry": { "type": "Point", "coordinates": [ 1479991.620987386908382, 78748.246905880601844 ] } },
{ "type": "Feature", "properties": { "siteID": "APPA-33806", "xcoord": 1482422.020638027, "ycoord": 104164.59514639528, "COMMENTS": null, "CL_2010": "Y", "deci_x": -77.538568899400005, "deci_y": 39.655421323600002 }, "geometry": { "type": "Point", "coordinates": [ 1482422.020638027228415, 104164.595146395266056 ] } },
{ "type": "Feature", "properties": { "siteID": "APPA-33818", "xcoord": 1478130.91484218, "ycoord": 63774.438207840023, "COMMENTS": "C&O Canal", "CL_2010": "Y", "deci_x": -77.6866416031, "deci_y": 39.326262055400001 }, "geometry": { "type": "Point", "coordinates": [ 1478130.914842180442065, 63774.438207840015821 ] } },
{ "type": "Feature", "properties": { "siteID": "APPA-33882", "xcoord": 1480510.614138636, "ycoord": 95869.623166313526, "COMMENTS": null, "CL_2010": "Y", "deci_x": -77.581596126299999, "deci_y": 39.589532403900002 }, "geometry": { "type": "Point", "coordinates": [ 1480510.614138635806739, 95869.623166313525871 ] } },
{ "type": "Feature", "properties": { "siteID": "APPA-33946", "xcoord": 1480995.9831563791, "ycoord": 100644.8831359484, "COMMENTS": null, "CL_2010": "Y", "deci_x": -77.564300661000004, "deci_y": 39.628473793799998 }, "geometry": { "type": "Point", "coordinates": [ 1480995.983156379312277, 100644.883135948417475 ] } },
{ "type": "Feature", "properties": { "siteID": "APPA-33994", "xcoord": 1479097.0498058379, "ycoord": 67076.31033772463, "COMMENTS": null, "CL_2010": "Y", "deci_x": -77.667154519799993, "deci_y": 39.352178447999997 }, "geometry": { "type": "Point", "coordinates": [ 1479097.049805838149041, 67076.31033772462979 ] } },
{ "type": "Feature", "properties": { "siteID": "APPA-34010", "xcoord": 1479858.7748068471, "ycoord": 80112.983568243522, "COMMENTS": null, "CL_2010": "Y", "deci_x": -77.627020158500002, "deci_y": 39.459460727100002 }, "geometry": { "type": "Point", "coordinates": [ 1479858.774806846864522, 80112.983568243522313 ] } },
{ "type": "Feature", "properties": { "siteID": "APPA-34062", "xcoord": 1482144.5233184029, "ycoord": 103718.38113428438, "COMMENTS": null, "CL_2010": "Y", "deci_x": -77.5430063604, "deci_y": 39.652164024100003 }, "geometry": { "type": "Point", "coordinates": [ 1482144.523318403400481, 103718.381134284383734 ] } },
{ "type": "Feature", "properties": { "siteID": "APPA-34138", "xcoord": 1479856.3886829789, "ycoord": 92445.406232769121, "COMMENTS": null, "CL_2010": "Y", "deci_x": -77.597697962599995, "deci_y": 39.562107095999998 }, "geometry": { "type": "Point", "coordinates": [ 1479856.388682979391888, 92445.406232769120834 ] } },
{ "type": "Feature", "properties": { "siteID": "APPA-34186", "xcoord": 1479546.6556744049, "ycoord": 76558.922535627513, "COMMENTS": null, "CL_2010": "Y", "deci_x": -77.639238800200005, "deci_y": 39.4303865109 }, "geometry": { "type": "Point", "coordinates": [ 1479546.655674405163154, 76558.922535627498291 ] } },
{ "type": "Feature", "properties": { "siteID": "APPA-34202", "xcoord": 1479424.3733433511, "ycoord": 88353.558791039599, "COMMENTS": null, "CL_2010": "Y", "deci_x": -77.612682464200006, "deci_y": 39.528759210799997 }, "geometry": { "type": "Point", "coordinates": [ 1479424.373343350831419, 88353.558791039598873 ] } },
{ "type": "Feature", "properties": { "siteID": "APPA-34250", "xcoord": 1478880.7666802581, "ycoord": 66384.54042485368, "COMMENTS": null, "CL_2010": "Y", "deci_x": -77.671406151699998, "deci_y": 39.346771652199998 }, "geometry": { "type": "Point", "coordinates": [ 1478880.766680258326232, 66384.540424853679724 ] } },
{ "type": "Feature", "properties": { "siteID": "APPA-34266", "xcoord": 1479928.713104787, "ycoord": 81034.522557088421, "COMMENTS": null, "CL_2010": "Y", "deci_x": -77.623983272700002, "deci_y": 39.467017050400003 }, "geometry": { "type": "Point", "coordinates": [ 1479928.713104786584154, 81034.522557088421308 ] } },
{ "type": "Feature", "properties": { "siteID": "APPA-34318", "xcoord": 1482653.9378749279, "ycoord": 108648.1186337684, "COMMENTS": null, "CL_2010": "Y", "deci_x": -77.525008575100003, "deci_y": 39.692343471999997 }, "geometry": { "type": "Point", "coordinates": [ 1482653.937874927651137, 108648.118633768390282 ] } },
{ "type": "Feature", "properties": { "siteID": "APPA-34394", "xcoord": 1482355.4444434289, "ycoord": 101308.9169428404, "COMMENTS": null, "CL_2010": "Y", "deci_x": -77.546213042700003, "deci_y": 39.6317699855 }, "geometry": { "type": "Point", "coordinates": [ 1482355.444443428888917, 101308.916942840412958 ] } },
{ "type": "Feature", "properties": { "siteID": "APPA-34442", "xcoord": 1479808.6992539959, "ycoord": 71538.587661103418, "COMMENTS": null, "CL_2010": "Y", "deci_x": -77.647978384300004, "deci_y": 39.388166811200001 }, "geometry": { "type": "Point", "coordinates": [ 1479808.699253995902836, 71538.587661103418213 ] } },
{ "type": "Feature", "properties": { "siteID": "APPA-34458", "xcoord": 1479871.714840037, "ycoord": 84300.319644613162, "COMMENTS": null, "CL_2010": "Y", "deci_x": -77.616907940600001, "deci_y": 39.494292786899997 }, "geometry": { "type": "Point", "coordinates": [ 1479871.714840036816895, 84300.319644613162382 ] } },
{ "type": "Feature", "properties": { "siteID": "APPA-34506", "xcoord": 1475472.387500884, "ycoord": 62958.159723118923, "COMMENTS": null, "CL_2010": "Y", "deci_x": -77.720694381200005, "deci_y": 39.323791517499998 }, "geometry": { "type": "Point", "coordinates": [ 1475472.387500884011388, 62958.159723118915281 ] } },
{ "type": "Feature", "properties": { "siteID": "APPA-34574", "xcoord": 1482888.603811824, "ycoord": 110358.2112539884, "COMMENTS": null, "CL_2010": "Y", "deci_x": -77.518055921799998, "deci_y": 39.7061852649 }, "geometry": { "type": "Point", "coordinates": [ 1482888.603811823762953, 110358.211253988396493 ] } },
{ "type": "Feature", "properties": { "siteID": "APPA-34650", "xcoord": 1480555.4814884891, "ycoord": 97215.218022012632, "COMMENTS": null, "CL_2010": "Y", "deci_x": -77.577839565900007, "deci_y": 39.600656407199999 }, "geometry": { "type": "Point", "coordinates": [ 1480555.481488489313051, 97215.218022012631991 ] } },
{ "type": "Feature", "properties": { "siteID": "APPA-34698", "xcoord": 1479740.5624023429, "ycoord": 70553.410756654164, "COMMENTS": null, "CL_2010": "Y", "deci_x": -77.651137878599997, "deci_y": 39.380076513 }, "geometry": { "type": "Point", "coordinates": [ 1479740.56240234291181, 70553.410756654164288 ] } },
{ "type": "Feature", "properties": { "siteID": "APPA-34714", "xcoord": 1479558.2960056311, "ycoord": 77760.874254661423, "COMMENTS": null, "CL_2010": "Y", "deci_x": -77.636244486099997, "deci_y": 39.4403727523 }, "geometry": { "type": "Point", "coordinates": [ 1479558.296005630865693, 77760.874254661423038 ] } },
{ "type": "Feature", "properties": { "siteID": "APPA-34830", "xcoord": 1482583.100696394, "ycoord": 104920.7144021244, "COMMENTS": null, "CL_2010": "Y", "deci_x": -77.534802153000001, "deci_y": 39.661448028800002 }, "geometry": { "type": "Point", "coordinates": [ 1482583.100696393521503, 104920.714402124358458 ] } },
{ "type": "Feature", "properties": { "siteID": "APPA-34842", "xcoord": 1478459.3190700118, "ycoord": 64243.068134940753, "COMMENTS": null, "CL_2010": "Y", "deci_x": -77.681565291699997, "deci_y": 39.3296289321 }, "geometry": { "type": "Point", "coordinates": [ 1478459.319070012308657, 64243.068134940745949 ] } },
{ "type": "Feature", "properties": { "siteID": "APPA-34906", "xcoord": 1480599.126657241, "ycoord": 96770.182161155972, "COMMENTS": null, "CL_2010": "Y", "deci_x": -77.578372652, "deci_y": 39.596881552500001 }, "geometry": { "type": "Point", "coordinates": [ 1480599.126657241256908, 96770.182161155971698 ] } },
{ "type": "Feature", "properties": { "siteID": "APPA-34970", "xcoord": 1479837.0449819339, "ycoord": 89473.594378790032, "COMMENTS": null, "CL_2010": "Y", "deci_x": -77.605013779900005, "deci_y": 39.537406129700003 }, "geometry": { "type": "Point", "coordinates": [ 1479837.044981933897361, 89473.594378790032351 ] } },
{ "type": "Feature", "properties": { "siteID": "APPA-35018", "xcoord": 1478765.5487407241, "ycoord": 65659.47609241691, "COMMENTS": null, "CL_2010": "Y", "deci_x": -77.674514368999994, "deci_y": 39.340922776399999 }, "geometry": { "type": "Point", "coordinates": [ 1478765.548740724101663, 65659.476092416909523 ] } },
{ "type": "Feature", "properties": { "siteID": "APPA-35034", "xcoord": 1479984.9098775431, "ycoord": 82794.309025467912, "COMMENTS": null, "CL_2010": "Y", "deci_x": -77.619118891699998, "deci_y": 39.481572793700003 }, "geometry": { "type": "Point", "coordinates": [ 1479984.909877542871982, 82794.309025467911852 ] } },
{ "type": "Feature", "properties": { "siteID": "APPA-35086", "xcoord": 1482997.870874231, "ycoord": 107088.7831623246, "COMMENTS": null, "CL_2010": "Y", "deci_x": -77.524569737999997, "deci_y": 39.678805344099999 }, "geometry": { "type": "Point", "coordinates": [ 1482997.870874231448397, 107088.783162324602017 ] } },
{ "type": "Feature", "properties": { "siteID": "APPA-35162", "xcoord": 1479726.2450957899, "ycoord": 93009.649157852546, "COMMENTS": null, "CL_2010": "Y", "deci_x": -77.597930977800004, "deci_y": 39.5670157622 }, "geometry": { "type": "Point", "coordinates": [ 1479726.245095789665356, 93009.649157852545613 ] } },
{ "type": "Feature", "properties": { "siteID": "APPA-35210", "xcoord": 1479758.1161001921, "ycoord": 74954.460560696141, "COMMENTS": null, "CL_2010": "Y", "deci_x": -77.640487906199994, "deci_y": 39.416685202300002 }, "geometry": { "type": "Point", "coordinates": [ 1479758.116100192070007, 74954.460560696141329 ] } },
{ "type": "Feature", "properties": { "siteID": "APPA-35226", "xcoord": 1479371.1418225879, "ycoord": 87593.018487280686, "COMMENTS": null, "CL_2010": "Y", "deci_x": -77.615137908799994, "deci_y": 39.522516364499999 }, "geometry": { "type": "Point", "coordinates": [ 1479371.141822587931529, 87593.018487280685804 ] } },
{ "type": "Feature", "properties": { "siteID": "APPA-35290", "xcoord": 1480259.34683999, "ycoord": 81891.494873927673, "COMMENTS": null, "CL_2010": "Y", "deci_x": -77.617942362799994, "deci_y": 39.473609746699999 }, "geometry": { "type": "Point", "coordinates": [ 1480259.346839990001172, 81891.494873927687877 ] } },
{ "type": "Feature", "properties": { "siteID": "APPA-35342", "xcoord": 1482816.441620071, "ycoord": 108829.7157038037, "COMMENTS": null, "CL_2010": "Y", "deci_x": -77.522599051599997, "deci_y": 39.693587412699998 }, "geometry": { "type": "Point", "coordinates": [ 1482816.441620070952922, 108829.715703803682118 ] } },
{ "type": "Feature", "properties": { "siteID": "APPA-35418", "xcoord": 1480732.131937851, "ycoord": 100071.68526660489, "COMMENTS": null, "CL_2010": "Y", "deci_x": -77.568872840699996, "deci_y": 39.624136561500002 }, "geometry": { "type": "Point", "coordinates": [ 1480732.131937851430848, 100071.685266604894423 ] } },
{ "type": "Feature", "properties": { "siteID": "APPA-35466", "xcoord": 1480042.8562920787, "ycoord": 73620.320154669491, "COMMENTS": null, "CL_2010": "Y", "deci_x": -77.640208708700001, "deci_y": 39.405114318800003 }, "geometry": { "type": "Point", "coordinates": [ 1480042.856292078504339, 73620.320154669490876 ] } },
{ "type": "Feature", "properties": { "siteID": "APPA-35482", "xcoord": 1479289.7936434862, "ycoord": 84902.57607569937, "COMMENTS": "Washington Monument Trail", "CL_2010": "Y", "deci_x": -77.622524615800003, "deci_y": 39.500256544800003 }, "geometry": { "type": "Point", "coordinates": [ 1479289.79364348622039, 84902.57607569936954 ] } },
{ "type": "Feature", "properties": { "siteID": "APPA-35610", "xcoord": 1480462.8758223311, "ycoord": 95223.400245235112, "COMMENTS": null, "CL_2010": "Y", "deci_x": -77.583717425700002, "deci_y": 39.584232887600002 }, "geometry": { "type": "Point", "coordinates": [ 1480462.875822331057861, 95223.400245235097827 ] } },
{ "type": "Feature", "properties": { "siteID": "APPA-35674", "xcoord": 1481993.2971066849, "ycoord": 101504.089904744, "COMMENTS": null, "CL_2010": "Y", "deci_x": -77.550141475100006, "deci_y": 39.633987992999998 }, "geometry": { "type": "Point", "coordinates": [ 1481993.297106684651226, 101504.089904743945226 ] } },
{ "type": "Feature", "properties": { "siteID": "APPA-35722", "xcoord": 1479683.119677112, "ycoord": 69681.912533256036, "COMMENTS": null, "CL_2010": "Y", "deci_x": -77.653897907399994, "deci_y": 39.372914999499997 }, "geometry": { "type": "Point", "coordinates": [ 1479683.119677112437785, 69681.912533256036113 ] } },
{ "type": "Feature", "properties": { "siteID": "APPA-35738", "xcoord": 1479675.6155609139, "ycoord": 78687.854218707536, "COMMENTS": null, "CL_2010": "Y", "deci_x": -77.632623095900001, "deci_y": 39.447897358500001 }, "geometry": { "type": "Point", "coordinates": [ 1479675.615560914156958, 78687.854218707536347 ] } },
{ "type": "Feature", "properties": { "siteID": "APPA-35854", "xcoord": 1482611.352930438, "ycoord": 105778.21676345078, "COMMENTS": null, "CL_2010": "Y", "deci_x": -77.532404746500006, "deci_y": 39.668536164899997 }, "geometry": { "type": "Point", "coordinates": [ 1482611.352930438239127, 105778.216763450807775 ] } },
{ "type": "Feature", "properties": { "siteID": "APPA-35866", "xcoord": 1476526.6422337489, "ycoord": 63388.767838012624, "COMMENTS": "C&O Canal", "CL_2010": "Y", "deci_x": -77.706938431699996, "deci_y": 39.325662401599999 }, "geometry": { "type": "Point", "coordinates": [ 1476526.642233748920262, 63388.767838012616266 ] } },
{ "type": "Feature", "properties": { "siteID": "APPA-35930", "xcoord": 1480335.9629338549, "ycoord": 90597.497875611196, "COMMENTS": null, "CL_2010": "Y", "deci_x": -77.5962883511, "deci_y": 39.545943606199998 }, "geometry": { "type": "Point", "coordinates": [ 1480335.962933854665607, 90597.497875611195923 ] } },
{ "type": "Feature", "properties": { "siteID": "APPA-35994", "xcoord": 1480243.5288811631, "ycoord": 89940.758346282208, "COMMENTS": null, "CL_2010": "Y", "deci_x": -77.598973857600001, "deci_y": 39.540629193199997 }, "geometry": { "type": "Point", "coordinates": [ 1480243.528881162637845, 89940.75834628220764 ] } },
{ "type": "Feature", "properties": { "siteID": "APPA-36042", "xcoord": 1478652.4392596059, "ycoord": 64581.527826192243, "COMMENTS": null, "CL_2010": "Y", "deci_x": -77.678431178899999, "deci_y": 39.332132276199999 }, "geometry": { "type": "Point", "coordinates": [ 1478652.439259605947882, 64581.527826192235807 ] } },
{ "type": "Feature", "properties": { "siteID": "APPA-36058", "xcoord": 1480023.685299291, "ycoord": 83328.754928582872, "COMMENTS": null, "CL_2010": "Y", "deci_x": -77.617378230400007, "deci_y": 39.485957795300003 }, "geometry": { "type": "Point", "coordinates": [ 1480023.68529929057695, 83328.754928582871798 ] } },
{ "type": "Feature", "properties": { "siteID": "APPA-36110", "xcoord": 1482995.3905786029, "ycoord": 107576.7826734359, "COMMENTS": null, "CL_2010": "Y", "deci_x": -77.523429859900006, "deci_y": 39.6828694716 }, "geometry": { "type": "Point", "coordinates": [ 1482995.390578603371978, 107576.782673435882316 ] } },
{ "type": "Feature", "properties": { "siteID": "APPA-36186", "xcoord": 1482651.1945664501, "ycoord": 102411.7664271551, "COMMENTS": null, "CL_2010": "Y", "deci_x": -77.539983733499994, "deci_y": 39.640461046600002 }, "geometry": { "type": "Point", "coordinates": [ 1482651.194566449616104, 102411.766427155132988 ] } },
{ "type": "Feature", "properties": { "siteID": "APPA-36234", "xcoord": 1479951.9349757449, "ycoord": 74134.125128806976, "COMMENTS": null, "CL_2010": "Y", "deci_x": -77.640089532100006, "deci_y": 39.409539930900003 }, "geometry": { "type": "Point", "coordinates": [ 1479951.934975744690746, 74134.125128806976136 ] } },
{ "type": "Feature", "properties": { "siteID": "APPA-36250", "xcoord": 1479220.6096534687, "ycoord": 85796.966380737998, "COMMENTS": null, "CL_2010": "Y", "deci_x": -77.621235440199996, "deci_y": 39.507813793899999 }, "geometry": { "type": "Point", "coordinates": [ 1479220.6096534691751, 85796.966380737998406 ] } },
{ "type": "Feature", "properties": { "siteID": "APPA-36366", "xcoord": 1483083.5957610372, "ycoord": 108504.66563309179, "COMMENTS": null, "CL_2010": "Y", "deci_x": -77.520133369299998, "deci_y": 39.690444296599999 }, "geometry": { "type": "Point", "coordinates": [ 1483083.595761036500335, 108504.665633091775817 ] } },
{ "type": "Feature", "properties": { "siteID": "APPA-36442", "xcoord": 1480633.3584064359, "ycoord": 99075.438883723415, "COMMENTS": null, "CL_2010": "Y", "deci_x": -77.572451850500002, "deci_y": 39.616008440199998 }, "geometry": { "type": "Point", "coordinates": [ 1480633.358406436163932, 99075.438883723414619 ] } },
{ "type": "Feature", "properties": { "siteID": "APPA-36490", "xcoord": 1480066.7178516439, "ycoord": 73696.541691411941, "COMMENTS": null, "CL_2010": "Y", "deci_x": -77.639739208199998, "deci_y": 39.405709866899997 }, "geometry": { "type": "Point", "coordinates": [ 1480066.717851643916219, 73696.541691411941429 ] } },
{ "type": "Feature", "properties": { "siteID": "APPA-36506", "xcoord": 1479759.952436941, "ycoord": 84724.216155470087, "COMMENTS": null, "CL_2010": "Y", "deci_x": -77.6172533692, "deci_y": 39.498003643099999 }, "geometry": { "type": "Point", "coordinates": [ 1479759.952436941210181, 84724.21615547008696 ] } },
{ "type": "Feature", "properties": { "siteID": "APPA-36622", "xcoord": 1483447.6679284312, "ycoord": 112020.41155385481, "COMMENTS": null, "CL_2010": "Y", "deci_x": -77.507273093400002, "deci_y": 39.719094891700003 }, "geometry": { "type": "Point", "coordinates": [ 1483447.667928430950269, 112020.41155385474849 ] } },
{ "type": "Feature", "properties": { "siteID": "APPA-36634", "xcoord": 1480241.1332286047, "ycoord": 93923.959628625336, "COMMENTS": null, "CL_2010": "Y", "deci_x": -77.589506910300003, "deci_y": 39.573782129599998 }, "geometry": { "type": "Point", "coordinates": [ 1480241.13322860468179, 93923.959628625336336 ] } },
{ "type": "Feature", "properties": { "siteID": "APPA-36698", "xcoord": 1482122.7147079799, "ycoord": 101427.499041388, "COMMENTS": null, "CL_2010": "Y", "deci_x": -77.548753946800005, "deci_y": 39.633138432800003 }, "geometry": { "type": "Point", "coordinates": [ 1482122.714707980398089, 101427.499041388000478 ] } },
{ "type": "Feature", "properties": { "siteID": "APPA-36746", "xcoord": 1479271.9115191191, "ycoord": 68061.141789038651, "COMMENTS": null, "CL_2010": "Y", "deci_x": -77.662708951699997, "deci_y": 39.360092474200002 }, "geometry": { "type": "Point", "coordinates": [ 1479271.911519118817523, 68061.141789038651041 ] } },
{ "type": "Feature", "properties": { "siteID": "APPA-36762", "xcoord": 1479632.6248352793, "ycoord": 78375.116703519205, "COMMENTS": null, "CL_2010": "Y", "deci_x": -77.633886226599998, "deci_y": 39.445364351499997 }, "geometry": { "type": "Point", "coordinates": [ 1479632.624835279304534, 78375.1167035192193 ] } },
{ "type": "Feature", "properties": { "siteID": "APPA-36878", "xcoord": 1482443.7749400707, "ycoord": 103419.8034188294, "COMMENTS": null, "CL_2010": "Y", "deci_x": -77.540088219099999, "deci_y": 39.649188710300002 }, "geometry": { "type": "Point", "coordinates": [ 1482443.774940071394667, 103419.803418829440488 ] } },
{ "type": "Feature", "properties": { "siteID": "APPA-36890", "xcoord": 1477376.59013746, "ycoord": 63370.816481259237, "COMMENTS": "C&O Canal", "CL_2010": "Y", "deci_x": -77.696710304199996, "deci_y": 39.324129697399997 }, "geometry": { "type": "Point", "coordinates": [ 1477376.590137459803373, 63370.816481259236753 ] } },
{ "type": "Feature", "properties": { "siteID": "APPA-36954", "xcoord": 1480531.310765496, "ycoord": 95355.617961468102, "COMMENTS": null, "CL_2010": "Y", "deci_x": -77.582571848900002, "deci_y": 39.585221118 }, "geometry": { "type": "Point", "coordinates": [ 1480531.310765495989472, 95355.617961468102294 ] } },
{ "type": "Feature", "properties": { "siteID": "APPA-37018", "xcoord": 1481172.745579117, "ycoord": 100748.52304725509, "COMMENTS": null, "CL_2010": "Y", "deci_x": -77.561907582900005, "deci_y": 39.629046461500003 }, "geometry": { "type": "Point", "coordinates": [ 1481172.745579116977751, 100748.523047255090205 ] } },
{ "type": "Feature", "properties": { "siteID": "APPA-37066", "xcoord": 1479411.588872998, "ycoord": 68725.886258845188, "COMMENTS": null, "CL_2010": "Y", "deci_x": -77.659445923600003, "deci_y": 39.365398872100002 }, "geometry": { "type": "Point", "coordinates": [ 1479411.588872998021543, 68725.886258845188422 ] } },
{ "type": "Feature", "properties": { "siteID": "APPA-37082", "xcoord": 1480359.652015842, "ycoord": 79421.22908992364, "COMMENTS": null, "CL_2010": "Y", "deci_x": -77.622600371600001, "deci_y": 39.452884344499999 }, "geometry": { "type": "Point", "coordinates": [ 1480359.652015842031687, 79421.229089923639549 ] } },
{ "type": "Feature", "properties": { "siteID": "APPA-37134", "xcoord": 1482801.7499505121, "ycoord": 106282.4619751365, "COMMENTS": null, "CL_2010": "Y", "deci_x": -77.528884294600005, "deci_y": 39.672418896300002 }, "geometry": { "type": "Point", "coordinates": [ 1482801.749950512079522, 106282.461975136509864 ] } },
{ "type": "Feature", "properties": { "siteID": "APPA-37146", "xcoord": 1477214.4880544799, "ycoord": 63409.173527001687, "COMMENTS": "C&O Canal", "CL_2010": "Y", "deci_x": -77.698578455700002, "deci_y": 39.3247129409 }, "geometry": { "type": "Point", "coordinates": [ 1477214.488054479472339, 63409.17352700169431 ] } },
{ "type": "Feature", "properties": { "siteID": "APPA-37210", "xcoord": 1480471.2272307919, "ycoord": 91318.695958193202, "COMMENTS": null, "CL_2010": "Y", "deci_x": -77.592929508099999, "deci_y": 39.551724280899997 }, "geometry": { "type": "Point", "coordinates": [ 1480471.227230791933835, 91318.695958193202387 ] } },
{ "type": "Feature", "properties": { "siteID": "APPA-37258", "xcoord": 1479701.9394286131, "ycoord": 76012.302932633364, "COMMENTS": null, "CL_2010": "Y", "deci_x": -77.638657118799998, "deci_y": 39.425582765800002 }, "geometry": { "type": "Point", "coordinates": [ 1479701.939428612589836, 76012.302932633378077 ] } },
{ "type": "Feature", "properties": { "siteID": "APPA-37274", "xcoord": 1480263.7306482911, "ycoord": 90273.016180223305, "COMMENTS": null, "CL_2010": "Y", "deci_x": -77.597937241599993, "deci_y": 39.543361333100002 }, "geometry": { "type": "Point", "coordinates": [ 1480263.730648291064426, 90273.016180223305128 ] } },
{ "type": "Feature", "properties": { "siteID": "APPA-37322", "xcoord": 1478544.7720909221, "ycoord": 64760.076367536843, "COMMENTS": null, "CL_2010": "Y", "deci_x": -77.679310023200003, "deci_y": 39.333794293700002 }, "geometry": { "type": "Point", "coordinates": [ 1478544.772090921644121, 64760.076367536843463 ] } },
{ "type": "Feature", "properties": { "siteID": "APPA-37338", "xcoord": 1480028.4157323861, "ycoord": 83336.211668019998, "COMMENTS": null, "CL_2010": "Y", "deci_x": -77.617303202399995, "deci_y": 39.486012128 }, "geometry": { "type": "Point", "coordinates": [ 1480028.415732385823503, 83336.211668019997887 ] } },
{ "type": "Feature", "properties": { "siteID": "APPA-37390", "xcoord": 1482596.1685247731, "ycoord": 109627.1802459668, "COMMENTS": null, "CL_2010": "Y", "deci_x": -77.52336249, "deci_y": 39.700583792000003 }, "geometry": { "type": "Point", "coordinates": [ 1482596.168524773325771, 109627.18024596683972 ] } },
{ "type": "Feature", "properties": { "siteID": "APPA-37466", "xcoord": 1482667.2401492549, "ycoord": 102968.2592229764, "COMMENTS": null, "CL_2010": "Y", "deci_x": -77.538456608600001, "deci_y": 39.6450649684 }, "geometry": { "type": "Point", "coordinates": [ 1482667.240149255376309, 102968.259222976354067 ] } },
{ "type": "Feature", "properties": { "siteID": "APPA-37514", "xcoord": 1479881.225147214, "ycoord": 71973.74237702589, "COMMENTS": null, "CL_2010": "Y", "deci_x": -77.646069405099993, "deci_y": 39.391671011699998 }, "geometry": { "type": "Point", "coordinates": [ 1479881.225147214252502, 71973.742377025890164 ] } },
{ "type": "Feature", "properties": { "siteID": "APPA-37530", "xcoord": 1479259.466867747, "ycoord": 87079.667888449127, "COMMENTS": null, "CL_2010": "Y", "deci_x": -77.617712857599997, "deci_y": 39.518426311 }, "geometry": { "type": "Point", "coordinates": [ 1479259.466867746552452, 87079.667888449126622 ] } },
{ "type": "Feature", "properties": { "siteID": "APPA-37646", "xcoord": 1483126.538239544, "ycoord": 111098.83558501249, "COMMENTS": null, "CL_2010": "Y", "deci_x": -77.513387651800002, "deci_y": 39.711955867 }, "geometry": { "type": "Point", "coordinates": [ 1483126.538239544024691, 111098.835585012449883 ] } },
{ "type": "Feature", "properties": { "siteID": "APPA-37722", "xcoord": 1480512.4637066689, "ycoord": 98485.691965463746, "COMMENTS": null, "CL_2010": "Y", "deci_x": -77.575327526099997, "deci_y": 39.6112990158 }, "geometry": { "type": "Point", "coordinates": [ 1480512.46370666846633, 98485.691965463745873 ] } },
{ "type": "Feature", "properties": { "siteID": "APPA-37770", "xcoord": 1479822.079772321, "ycoord": 70811.301460772214, "COMMENTS": null, "CL_2010": "Y", "deci_x": -77.649540793599996, "deci_y": 39.382090413100002 }, "geometry": { "type": "Point", "coordinates": [ 1479822.079772321041673, 70811.301460772214341 ] } },
{ "type": "Feature", "properties": { "siteID": "APPA-37786", "xcoord": 1480353.6148706351, "ycoord": 78755.110546198499, "COMMENTS": null, "CL_2010": "Y", "deci_x": -77.624256392899994, "deci_y": 39.447349590100004 }, "geometry": { "type": "Point", "coordinates": [ 1480353.61487063462846, 78755.110546198498923 ] } },
{ "type": "Feature", "properties": { "siteID": "APPA-37902", "xcoord": 1482470.6768536419, "ycoord": 104607.6526341361, "COMMENTS": null, "CL_2010": "Y", "deci_x": -77.5369170596, "deci_y": 39.659027821000002 }, "geometry": { "type": "Point", "coordinates": [ 1482470.676853642100468, 104607.652634136131383 ] } },
{ "type": "Feature", "properties": { "siteID": "APPA-37914", "xcoord": 1478187.132203486, "ycoord": 63858.415043713692, "COMMENTS": "C&O Canal", "CL_2010": "Y", "deci_x": -77.685763782799995, "deci_y": 39.326869689 }, "geometry": { "type": "Point", "coordinates": [ 1478187.132203485583887, 63858.415043713692285 ] } },
{ "type": "Feature", "properties": { "siteID": "APPA-37978", "xcoord": 1480530.6600554709, "ycoord": 96146.326862218149, "COMMENTS": null, "CL_2010": "Y", "deci_x": -77.580692500699996, "deci_y": 39.591802210099999 }, "geometry": { "type": "Point", "coordinates": [ 1480530.660055470885709, 96146.326862218149472 ] } },
{ "type": "Feature", "properties": { "siteID": "APPA-38042", "xcoord": 1481127.9249791489, "ycoord": 100821.0591969033, "COMMENTS": null, "CL_2010": "Y", "deci_x": -77.562278144100006, "deci_y": 39.629723496499999 }, "geometry": { "type": "Point", "coordinates": [ 1481127.924979149131104, 100821.059196903312113 ] } },
{ "type": "Feature", "properties": { "siteID": "APPA-38090", "xcoord": 1479170.7684473181, "ycoord": 67516.452701081143, "COMMENTS": null, "CL_2010": "Y", "deci_x": -77.665221394900001, "deci_y": 39.355722648700002 }, "geometry": { "type": "Point", "coordinates": [ 1479170.768447318347171, 67516.452701081143459 ] } },
{ "type": "Feature", "properties": { "siteID": "APPA-38106", "xcoord": 1479890.3204954173, "ycoord": 80063.091185792015, "COMMENTS": null, "CL_2010": "Y", "deci_x": -77.626756800199999, "deci_y": 39.458993898099997 }, "geometry": { "type": "Point", "coordinates": [ 1479890.320495416643098, 80063.091185792014585 ] } },
{ "type": "Feature", "properties": { "siteID": "APPA-38158", "xcoord": 1482150.999258277, "ycoord": 103757.89927566081, "COMMENTS": null, "CL_2010": "Y", "deci_x": -77.542833129200005, "deci_y": 39.652482205200002 }, "geometry": { "type": "Point", "coordinates": [ 1482150.999258277006447, 103757.899275660791318 ] } },
{ "type": "Feature", "properties": { "siteID": "APPA-38234", "xcoord": 1479795.087952256, "ycoord": 92849.667124647414, "COMMENTS": null, "CL_2010": "Y", "deci_x": -77.597477575400006, "deci_y": 39.5655717299 }, "geometry": { "type": "Point", "coordinates": [ 1479795.087952256202698, 92849.667124647414312 ] } },
{ "type": "Feature", "properties": { "siteID": "APPA-38282", "xcoord": 1479560.4785532311, "ycoord": 76943.120884407399, "COMMENTS": null, "CL_2010": "Y", "deci_x": -77.638159522899997, "deci_y": 39.433562092599999 }, "geometry": { "type": "Point", "coordinates": [ 1479560.47855323087424, 76943.120884407398989 ] } },
{ "type": "Feature", "properties": { "siteID": "APPA-38298", "xcoord": 1479428.9111769409, "ycoord": 88487.276614028902, "COMMENTS": null, "CL_2010": "Y", "deci_x": -77.6123091324, "deci_y": 39.529864697999997 }, "geometry": { "type": "Point", "coordinates": [ 1479428.911176941124722, 88487.276614028902259 ] } },
{ "type": "Feature", "properties": { "siteID": "APPA-38346", "xcoord": 1478936.8572781619, "ycoord": 66527.330658333682, "COMMENTS": null, "CL_2010": "Y", "deci_x": -77.670390256000005, "deci_y": 39.347869038200002 }, "geometry": { "type": "Point", "coordinates": [ 1478936.85727816214785, 66527.33065833368164 ] } },
{ "type": "Feature", "properties": { "siteID": "APPA-38362", "xcoord": 1480001.462874251, "ycoord": 81291.963801787831, "COMMENTS": null, "CL_2010": "Y", "deci_x": -77.622490448600004, "deci_y": 39.469041009000001 }, "geometry": { "type": "Point", "coordinates": [ 1480001.462874250952154, 81291.963801787831471 ] } },
{ "type": "Feature", "properties": { "siteID": "APPA-38414", "xcoord": 1482968.780301939, "ycoord": 108749.6122593881, "COMMENTS": null, "CL_2010": "Y", "deci_x": -77.520940598500005, "deci_y": 39.692670761400002 }, "geometry": { "type": "Point", "coordinates": [ 1482968.780301938764751, 108749.612259388144594 ] } },
{ "type": "Feature", "properties": { "siteID": "APPA-38490", "xcoord": 1482681.8095078573, "ycoord": 101630.3621330824, "COMMENTS": null, "CL_2010": "Y", "deci_x": -77.54148266, "deci_y": 39.633909133899998 }, "geometry": { "type": "Point", "coordinates": [ 1482681.809507856843993, 101630.362133082409855 ] } },
{ "type": "Feature", "properties": { "siteID": "APPA-38538", "xcoord": 1479861.114034144, "ycoord": 70998.747707145667, "COMMENTS": null, "CL_2010": "Y", "deci_x": -77.648624379200001, "deci_y": 39.383587181800003 }, "geometry": { "type": "Point", "coordinates": [ 1479861.114034144440666, 70998.747707145666936 ] } },
{ "type": "Feature", "properties": { "siteID": "APPA-38554", "xcoord": 1479810.1918928029, "ycoord": 84666.949606052702, "COMMENTS": null, "CL_2010": "Y", "deci_x": -77.616781018899999, "deci_y": 39.497444884700002 }, "geometry": { "type": "Point", "coordinates": [ 1479810.191892803413793, 84666.949606052701711 ] } },
{ "type": "Feature", "properties": { "siteID": "APPA-38602", "xcoord": 1474931.179865239, "ycoord": 62860.884655067777, "COMMENTS": null, "CL_2010": "Y", "deci_x": -77.727463837299993, "deci_y": 39.323861251300002 }, "geometry": { "type": "Point", "coordinates": [ 1474931.179865239188075, 62860.884655067784479 ] } },
{ "type": "Feature", "properties": { "siteID": "APPA-38670", "xcoord": 1482884.4934560049, "ycoord": 110340.029411205, "COMMENTS": null, "CL_2010": "Y", "deci_x": -77.5181494853, "deci_y": 39.706040754599996 }, "geometry": { "type": "Point", "coordinates": [ 1482884.493456005118787, 110340.029411205032375 ] } },
{ "type": "Feature", "properties": { "siteID": "APPA-38746", "xcoord": 1480519.3314537201, "ycoord": 97403.567192210816, "COMMENTS": null, "CL_2010": "Y", "deci_x": -77.577828410199999, "deci_y": 39.6022829582 }, "geometry": { "type": "Point", "coordinates": [ 1480519.331453719874844, 97403.567192210815847 ] } },
{ "type": "Feature", "properties": { "siteID": "APPA-38794", "xcoord": 1479746.0383697301, "ycoord": 69989.526424163108, "COMMENTS": null, "CL_2010": "Y", "deci_x": -77.652408132600002, "deci_y": 39.375373243399999 }, "geometry": { "type": "Point", "coordinates": [ 1479746.038369730347767, 69989.526424163108459 ] } },
{ "type": "Feature", "properties": { "siteID": "APPA-38810", "xcoord": 1479614.249619392, "ycoord": 78088.439896222073, "COMMENTS": null, "CL_2010": "Y", "deci_x": -77.634789430500007, "deci_y": 39.443008056799997 }, "geometry": { "type": "Point", "coordinates": [ 1479614.24961939221248, 78088.439896222073003 ] } },
{ "type": "Feature", "properties": { "siteID": "APPA-38926", "xcoord": 1482550.798485388, "ycoord": 104738.7501746659, "COMMENTS": null, "CL_2010": "Y", "deci_x": -77.535630237199996, "deci_y": 39.659987074999997 }, "geometry": { "type": "Point", "coordinates": [ 1482550.798485387582332, 104738.750174665925442 ] } },
{ "type": "Feature", "properties": { "siteID": "APPA-38938", "xcoord": 1478304.3783954619, "ycoord": 64231.245384609487, "COMMENTS": null, "CL_2010": "Y", "deci_x": -77.683465567799999, "deci_y": 39.329782912600002 }, "geometry": { "type": "Point", "coordinates": [ 1478304.378395461477339, 64231.245384609494067 ] } },
{ "type": "Feature", "properties": { "siteID": "APPA-39002", "xcoord": 1480419.9443948299, "ycoord": 91006.233351271512, "COMMENTS": null, "CL_2010": "Y", "deci_x": -77.594296065600005, "deci_y": 39.5492078097 }, "geometry": { "type": "Point", "coordinates": [ 1480419.944394829450175, 91006.23335127151222 ] } },
{ "type": "Feature", "properties": { "siteID": "APPA-39066", "xcoord": 1479800.132597059, "ycoord": 89453.487925973095, "COMMENTS": null, "CL_2010": "Y", "deci_x": -77.605509075900002, "deci_y": 39.537299161900002 }, "geometry": { "type": "Point", "coordinates": [ 1479800.132597058545798, 89453.487925973095116 ] } },
{ "type": "Feature", "properties": { "siteID": "APPA-39114", "xcoord": 1478771.5356759999, "ycoord": 65612.257501618587, "COMMENTS": null, "CL_2010": "Y", "deci_x": -77.674553724199995, "deci_y": 39.340519888000003 }, "geometry": { "type": "Point", "coordinates": [ 1478771.535675999475643, 65612.257501618587412 ] } },
{ "type": "Feature", "properties": { "siteID": "APPA-39130", "xcoord": 1479976.5111601138, "ycoord": 82826.790832107523, "COMMENTS": null, "CL_2010": "Y", "deci_x": -77.619143362299994, "deci_y": 39.481856878899997 }, "geometry": { "type": "Point", "coordinates": [ 1479976.511160113615915, 82826.790832107522874 ] } },
{ "type": "Feature", "properties": { "siteID": "APPA-39182", "xcoord": 1483004.8482039559, "ycoord": 107275.63035871999, "COMMENTS": null, "CL_2010": "Y", "deci_x": -77.524037037499994, "deci_y": 39.680348417899999 }, "geometry": { "type": "Point", "coordinates": [ 1483004.848203956382349, 107275.630358719979995 ] } },
{ "type": "Feature", "properties": { "siteID": "APPA-39258", "xcoord": 1479723.7202443101, "ycoord": 93212.394552033948, "COMMENTS": null, "CL_2010": "Y", "deci_x": -77.597478258300001, "deci_y": 39.5687071726 }, "geometry": { "type": "Point", "coordinates": [ 1479723.720244310097769, 93212.394552033947548 ] } },
{ "type": "Feature", "properties": { "siteID": "APPA-39306", "xcoord": 1479751.5392211319, "ycoord": 75583.568329328089, "COMMENTS": null, "CL_2010": "Y", "deci_x": -77.639074512700006, "deci_y": 39.421932863400002 }, "geometry": { "type": "Point", "coordinates": [ 1479751.539221132406965, 75583.568329328089021 ] } },
{ "type": "Feature", "properties": { "siteID": "APPA-39322", "xcoord": 1479287.138902013, "ycoord": 87188.966495715023, "COMMENTS": null, "CL_2010": "Y", "deci_x": -77.617117447499993, "deci_y": 39.519290772600002 }, "geometry": { "type": "Point", "coordinates": [ 1479287.138902012491599, 87188.966495715008932 ] } },
{ "type": "Feature", "properties": { "siteID": "APPA-39386", "xcoord": 1480354.5306324691, "ycoord": 81563.62156599907, "COMMENTS": null, "CL_2010": "Y", "deci_x": -77.617569438800004, "deci_y": 39.470725128200002 }, "geometry": { "type": "Point", "coordinates": [ 1480354.530632468871772, 81563.621565999070299 ] } },
{ "type": "Feature", "properties": { "siteID": "APPA-39438", "xcoord": 1482635.061910453, "ycoord": 108596.1486388318, "COMMENTS": null, "CL_2010": "Y", "deci_x": -77.525362487199999, "deci_y": 39.691942095599998 }, "geometry": { "type": "Point", "coordinates": [ 1482635.061910453252494, 108596.148638831815333 ] } },
{ "type": "Feature", "properties": { "siteID": "APPA-39514", "xcoord": 1480722.692741174, "ycoord": 99595.630960340437, "COMMENTS": null, "CL_2010": "Y", "deci_x": -77.570124951699995, "deci_y": 39.620190711299998 }, "geometry": { "type": "Point", "coordinates": [ 1480722.69274117401801, 99595.630960340437014 ] } },
{ "type": "Feature", "properties": { "siteID": "APPA-39562", "xcoord": 1480088.7473901289, "ycoord": 73834.215700106331, "COMMENTS": null, "CL_2010": "Y", "deci_x": -77.639146049299995, "deci_y": 39.406819964299999 }, "geometry": { "type": "Point", "coordinates": [ 1480088.747390129137784, 73834.215700106331496 ] } },
{ "type": "Feature", "properties": { "siteID": "APPA-39578", "xcoord": 1479306.2204483631, "ycoord": 85267.612043421686, "COMMENTS": null, "CL_2010": "Y", "deci_x": -77.621457398700002, "deci_y": 39.503267980700002 }, "geometry": { "type": "Point", "coordinates": [ 1479306.220448363106698, 85267.612043421686394 ] } },
{ "type": "Feature", "properties": { "siteID": "APPA-39706", "xcoord": 1480236.1834189959, "ycoord": 94645.627262613591, "COMMENTS": null, "CL_2010": "Y", "deci_x": -77.587845445200003, "deci_y": 39.579795889499998 }, "geometry": { "type": "Point", "coordinates": [ 1480236.183418996399269, 94645.627262613590574 ] } },
{ "type": "Feature", "properties": { "siteID": "APPA-39770", "xcoord": 1481572.1688457171, "ycoord": 100977.0785063573, "COMMENTS": null, "CL_2010": "Y", "deci_x": -77.556513358700002, "deci_y": 39.630293449299998 }, "geometry": { "type": "Point", "coordinates": [ 1481572.168845717096701, 100977.07850635725481 ] } },
{ "type": "Feature", "properties": { "siteID": "APPA-39818", "xcoord": 1479270.0487566751, "ycoord": 68031.977687696693, "COMMENTS": null, "CL_2010": "Y", "deci_x": -77.662800533699993, "deci_y": 39.359852710200002 }, "geometry": { "type": "Point", "coordinates": [ 1479270.048756675096229, 68031.977687696693465 ] } },
{ "type": "Feature", "properties": { "siteID": "APPA-39834", "xcoord": 1479721.463974979, "ycoord": 78329.68036906331, "COMMENTS": null, "CL_2010": "Y", "deci_x": -77.6329188, "deci_y": 39.444841047399997 }, "geometry": { "type": "Point", "coordinates": [ 1479721.463974979007617, 78329.680369063309627 ] } },
{ "type": "Feature", "properties": { "siteID": "APPA-39950", "xcoord": 1482609.9260493703, "ycoord": 105774.92344959981, "COMMENTS": null, "CL_2010": "Y", "deci_x": -77.532429964499997, "deci_y": 39.668511106799997 }, "geometry": { "type": "Point", "coordinates": [ 1482609.926049370085821, 105774.923449599766172 ] } },
{ "type": "Feature", "properties": { "siteID": "APPA-39962", "xcoord": 1476510.2321459893, "ycoord": 63383.178240872592, "COMMENTS": "C&O Canal", "CL_2010": "Y", "deci_x": -77.707149928899995, "deci_y": 39.325642558699997 }, "geometry": { "type": "Point", "coordinates": [ 1476510.232145989313722, 63383.178240872584865 ] } },
{ "type": "Feature", "properties": { "siteID": "APPA-40026", "xcoord": 1480464.160460759, "ycoord": 91201.763460389673, "COMMENTS": null, "CL_2010": "Y", "deci_x": -77.593293938200006, "deci_y": 39.5507627052 }, "geometry": { "type": "Point", "coordinates": [ 1480464.160460758488625, 91201.763460389673128 ] } },
{ "type": "Feature", "properties": { "siteID": "APPA-40090", "xcoord": 1480005.4336303649, "ycoord": 89884.156696762686, "COMMENTS": null, "CL_2010": "Y", "deci_x": -77.601994719299995, "deci_y": 39.540547628799999 }, "geometry": { "type": "Point", "coordinates": [ 1480005.43363036448136, 89884.156696762671345 ] } },
{ "type": "Feature", "properties": { "siteID": "APPA-40138", "xcoord": 1478653.4340676339, "ycoord": 64816.541979861322, "COMMENTS": null, "CL_2010": "Y", "deci_x": -77.677863317000003, "deci_y": 39.334087361000002 }, "geometry": { "type": "Point", "coordinates": [ 1478653.434067633934319, 64816.541979861322034 ] } },
{ "type": "Feature", "properties": { "siteID": "APPA-40154", "xcoord": 1480025.858798252, "ycoord": 83419.09689934268, "COMMENTS": null, "CL_2010": "Y", "deci_x": -77.617137029800006, "deci_y": 39.486706186299998 }, "geometry": { "type": "Point", "coordinates": [ 1480025.858798251952976, 83419.096899342679535 ] } },
{ "type": "Feature", "properties": { "siteID": "APPA-40206", "xcoord": 1482979.401262973, "ycoord": 107699.4509996722, "COMMENTS": null, "CL_2010": "Y", "deci_x": -77.5233299402, "deci_y": 39.683916302999997 }, "geometry": { "type": "Point", "coordinates": [ 1482979.401262973435223, 107699.450999672189937 ] } },
{ "type": "Feature", "properties": { "siteID": "APPA-40282", "xcoord": 1482603.0763021649, "ycoord": 101967.7272888333, "COMMENTS": null, "CL_2010": "Y", "deci_x": -77.541630751499994, "deci_y": 39.636845384499999 }, "geometry": { "type": "Point", "coordinates": [ 1482603.076302164699882, 101967.727288833295461 ] } },
{ "type": "Feature", "properties": { "siteID": "APPA-40330", "xcoord": 1479901.050414189, "ycoord": 74321.571065294862, "COMMENTS": null, "CL_2010": "Y", "deci_x": -77.640260365399996, "deci_y": 39.4111833957 }, "geometry": { "type": "Point", "coordinates": [ 1479901.050414188764989, 74321.57106529486191 ] } },
{ "type": "Feature", "properties": { "siteID": "APPA-40346", "xcoord": 1479299.383757076, "ycoord": 85615.547515271421, "COMMENTS": null, "CL_2010": "Y", "deci_x": -77.620712605899996, "deci_y": 39.506175084799999 }, "geometry": { "type": "Point", "coordinates": [ 1479299.383757075993344, 85615.547515271420707 ] } },
{ "type": "Feature", "properties": { "siteID": "APPA-40462", "xcoord": 1483070.805132329, "ycoord": 108615.45951198089, "COMMENTS": null, "CL_2010": "Y", "deci_x": -77.520023009599996, "deci_y": 39.691387071199998 }, "geometry": { "type": "Point", "coordinates": [ 1483070.805132328765467, 108615.459511980850948 ] } },
{ "type": "Feature", "properties": { "siteID": "APPA-40538", "xcoord": 1480613.1588387089, "ycoord": 98915.793292257295, "COMMENTS": null, "CL_2010": "Y", "deci_x": -77.573078337200002, "deci_y": 39.614713077600001 }, "geometry": { "type": "Point", "coordinates": [ 1480613.158838708885014, 98915.793292257294524 ] } },
{ "type": "Feature", "properties": { "siteID": "APPA-40586", "xcoord": 1480038.2677583329, "ycoord": 73073.141123335328, "COMMENTS": null, "CL_2010": "Y", "deci_x": -77.641562351199994, "deci_y": 39.40056679 }, "geometry": { "type": "Point", "coordinates": [ 1480038.267758332658559, 73073.141123335328302 ] } },
{ "type": "Feature", "properties": { "siteID": "APPA-40602", "xcoord": 1479283.6299511499, "ycoord": 84938.76855318161, "COMMENTS": "Washington Monument Trail", "CL_2010": "Y", "deci_x": -77.622513207300003, "deci_y": 39.500567855699998 }, "geometry": { "type": "Point", "coordinates": [ 1479283.629951150156558, 84938.768553181609605 ] } },
{ "type": "Feature", "properties": { "siteID": "APPA-40730", "xcoord": 1480220.4530102289, "ycoord": 94329.705256300018, "COMMENTS": null, "CL_2010": "Y", "deci_x": -77.588789870200003, "deci_y": 39.577192569300003 }, "geometry": { "type": "Point", "coordinates": [ 1480220.453010228695348, 94329.705256300017936 ] } },
{ "type": "Feature", "properties": { "siteID": "APPA-40794", "xcoord": 1481639.6486828669, "ycoord": 100902.9274026856, "COMMENTS": null, "CL_2010": "Y", "deci_x": -77.555871708400005, "deci_y": 39.629565808499997 }, "geometry": { "type": "Point", "coordinates": [ 1481639.648682866944, 100902.927402685614652 ] } },
{ "type": "Feature", "properties": { "siteID": "APPA-40842", "xcoord": 1479330.627904542, "ycoord": 68412.91044871333, "COMMENTS": null, "CL_2010": "Y", "deci_x": -77.661166031199997, "deci_y": 39.362925308100003 }, "geometry": { "type": "Point", "coordinates": [ 1479330.627904541557655, 68412.91044871332997 ] } },
{ "type": "Feature", "properties": { "siteID": "APPA-40858", "xcoord": 1480358.725851363, "ycoord": 79316.68589286886, "COMMENTS": null, "CL_2010": "Y", "deci_x": -77.622860034400006, "deci_y": 39.4520156679 }, "geometry": { "type": "Point", "coordinates": [ 1480358.72585136257112, 79316.68589286885981 ] } },
{ "type": "Feature", "properties": { "siteID": "APPA-40974", "xcoord": 1482349.317872776, "ycoord": 104113.89798207099, "COMMENTS": null, "CL_2010": "Y", "deci_x": -77.539572991, "deci_y": 39.6551188189 }, "geometry": { "type": "Point", "coordinates": [ 1482349.3178727759514, 104113.897982070993748 ] } },
{ "type": "Feature", "properties": { "siteID": "APPA-40986", "xcoord": 1477391.092186457, "ycoord": 63366.615701121023, "COMMENTS": "C&O Canal", "CL_2010": "Y", "deci_x": -77.696544993700002, "deci_y": 39.324071112600002 }, "geometry": { "type": "Point", "coordinates": [ 1477391.092186457244679, 63366.615701121023449 ] } },
{ "type": "Feature", "properties": { "siteID": "APPA-41050", "xcoord": 1480532.031657167, "ycoord": 95489.927610129409, "COMMENTS": null, "CL_2010": "Y", "deci_x": -77.582242565499996, "deci_y": 39.586337625 }, "geometry": { "type": "Point", "coordinates": [ 1480532.031657166779041, 95489.927610129409004 ] } },
{ "type": "Feature", "properties": { "siteID": "APPA-41114", "xcoord": 1480804.605695155, "ycoord": 100517.4066246819, "COMMENTS": null, "CL_2010": "Y", "deci_x": -77.566928046399994, "deci_y": 39.627726688499997 }, "geometry": { "type": "Point", "coordinates": [ 1480804.605695154517889, 100517.406624681898393 ] } },
{ "type": "Feature", "properties": { "siteID": "APPA-41162", "xcoord": 1479014.9453481447, "ycoord": 66779.154345120172, "COMMENTS": null, "CL_2010": "Y", "deci_x": -77.668850364700006, "deci_y": 39.349838320700002 }, "geometry": { "type": "Point", "coordinates": [ 1479014.94534814497456, 66779.154345120172366 ] } },
{ "type": "Feature", "properties": { "siteID": "APPA-41178", "xcoord": 1479646.5485824633, "ycoord": 80578.166884538237, "COMMENTS": null, "CL_2010": "Y", "deci_x": -77.628484239700001, "deci_y": 39.463679495400001 }, "geometry": { "type": "Point", "coordinates": [ 1479646.548582462593913, 80578.166884538237355 ] } },
{ "type": "Feature", "properties": { "siteID": "APPA-41230", "xcoord": 1482821.2717524029, "ycoord": 106348.27277915549, "COMMENTS": null, "CL_2010": "Y", "deci_x": -77.528489495700001, "deci_y": 39.672934384999998 }, "geometry": { "type": "Point", "coordinates": [ 1482821.271752403117716, 106348.272779155522585 ] } },
{ "type": "Feature", "properties": { "siteID": "APPA-41306", "xcoord": 1479959.8772643062, "ycoord": 92355.80871489839, "COMMENTS": null, "CL_2010": "Y", "deci_x": -77.5966567408, "deci_y": 39.5611921231 }, "geometry": { "type": "Point", "coordinates": [ 1479959.877264306414872, 92355.808714898390463 ] } },
{ "type": "Feature", "properties": { "siteID": "APPA-41354", "xcoord": 1479737.7931948258, "ycoord": 75795.405608592686, "COMMENTS": null, "CL_2010": "Y", "deci_x": -77.638738069699997, "deci_y": 39.423718707699997 }, "geometry": { "type": "Point", "coordinates": [ 1479737.79319482576102, 75795.405608592685894 ] } },
{ "type": "Feature", "properties": { "siteID": "APPA-41370", "xcoord": 1479552.4694851337, "ycoord": 88516.534041987325, "COMMENTS": null, "CL_2010": "Y", "deci_x": -77.610742012100005, "deci_y": 39.529906188399998 }, "geometry": { "type": "Point", "coordinates": [ 1479552.469485133886337, 88516.534041987324599 ] } },
{ "type": "Feature", "properties": { "siteID": "APPA-41418", "xcoord": 1478623.7051269501, "ycoord": 64609.613430820988, "COMMENTS": null, "CL_2010": "Y", "deci_x": -77.6787119926, "deci_y": 39.332412935900003 }, "geometry": { "type": "Point", "coordinates": [ 1478623.705126949818805, 64609.61343082098756 ] } },
{ "type": "Feature", "properties": { "siteID": "APPA-41434", "xcoord": 1480263.7936228621, "ycoord": 81343.157742767871, "COMMENTS": null, "CL_2010": "Y", "deci_x": -77.619192332300003, "deci_y": 39.469038407500001 }, "geometry": { "type": "Point", "coordinates": [ 1480263.793622862081975, 81343.157742767871241 ] } },
{ "type": "Feature", "properties": { "siteID": "APPA-41486", "xcoord": 1482452.4605645451, "ycoord": 109250.7418138123, "COMMENTS": null, "CL_2010": "Y", "deci_x": -77.526011133699996, "deci_y": 39.697687969500002 }, "geometry": { "type": "Point", "coordinates": [ 1482452.460564545355737, 109250.741813812259352 ] } },
{ "type": "Feature", "properties": { "siteID": "APPA-41562", "xcoord": 1482680.6244050851, "ycoord": 102909.62716912541, "COMMENTS": null, "CL_2010": "Y", "deci_x": -77.538434522700001, "deci_y": 39.6445551614 }, "geometry": { "type": "Point", "coordinates": [ 1482680.624405084876344, 102909.627169125407818 ] } },
{ "type": "Feature", "properties": { "siteID": "APPA-41610", "xcoord": 1479900.6332920149, "ycoord": 72199.29409233763, "COMMENTS": null, "CL_2010": "Y", "deci_x": -77.645299785999995, "deci_y": 39.393516992199999 }, "geometry": { "type": "Point", "coordinates": [ 1479900.633292014477775, 72199.294092337629991 ] } },
{ "type": "Feature", "properties": { "siteID": "APPA-41626", "xcoord": 1479221.769098372, "ycoord": 86591.898696995995, "COMMENTS": null, "CL_2010": "Y", "deci_x": -77.619330252300003, "deci_y": 39.514428207400002 }, "geometry": { "type": "Point", "coordinates": [ 1479221.769098372198641, 86591.898696995995124 ] } },
{ "type": "Feature", "properties": { "siteID": "APPA-41742", "xcoord": 1483365.649077097, "ycoord": 111431.96857132571, "COMMENTS": null, "CL_2010": "Y", "deci_x": -77.509682539400004, "deci_y": 39.714334338299999 }, "geometry": { "type": "Point", "coordinates": [ 1483365.649077096488327, 111431.968571325662197 ] } },
{ "type": "Feature", "properties": { "siteID": "APPA-41818", "xcoord": 1480518.877934213, "ycoord": 97757.829889865767, "COMMENTS": null, "CL_2010": "Y", "deci_x": -77.576987978800005, "deci_y": 39.6052316834 }, "geometry": { "type": "Point", "coordinates": [ 1480518.877934213262051, 97757.829889865766745 ] } },
{ "type": "Feature", "properties": { "siteID": "APPA-41866", "xcoord": 1479746.824321735, "ycoord": 70223.773991535869, "COMMENTS": null, "CL_2010": "Y", "deci_x": -77.651843457400005, "deci_y": 39.377322075599999 }, "geometry": { "type": "Point", "coordinates": [ 1479746.824321734951809, 70223.773991535868845 ] } },
{ "type": "Feature", "properties": { "siteID": "APPA-41882", "xcoord": 1480432.479110182, "ycoord": 78827.959261351978, "COMMENTS": null, "CL_2010": "Y", "deci_x": -77.623128674699998, "deci_y": 39.447827100300003 }, "geometry": { "type": "Point", "coordinates": [ 1480432.479110182262957, 78827.959261351992609 ] } },
{ "type": "Feature", "properties": { "siteID": "APPA-41998", "xcoord": 1482401.2031495511, "ycoord": 104240.17050196401, "COMMENTS": null, "CL_2010": "Y", "deci_x": -77.538640663099997, "deci_y": 39.656084295900001 }, "geometry": { "type": "Point", "coordinates": [ 1482401.203149551060051, 104240.170501964006689 ] } },
{ "type": "Feature", "properties": { "siteID": "APPA-42010", "xcoord": 1478419.6476634629, "ycoord": 64258.390579998362, "COMMENTS": null, "CL_2010": "Y", "deci_x": -77.682008454499993, "deci_y": 39.3298211388 }, "geometry": { "type": "Point", "coordinates": [ 1478419.647663463139907, 64258.390579998354951 ] } },
{ "type": "Feature", "properties": { "siteID": "APPA-42074", "xcoord": 1480580.540905111, "ycoord": 96353.082293853891, "COMMENTS": null, "CL_2010": "Y", "deci_x": -77.579593877799994, "deci_y": 39.5934410646 }, "geometry": { "type": "Point", "coordinates": [ 1480580.540905111236498, 96353.082293853891315 ] } },
{ "type": "Feature", "properties": { "siteID": "APPA-42138", "xcoord": 1480819.8539383917, "ycoord": 100557.7656538291, "COMMENTS": null, "CL_2010": "Y", "deci_x": -77.566646521099997, "deci_y": 39.6280375304 }, "geometry": { "type": "Point", "coordinates": [ 1480819.853938392130658, 100557.765653829075745 ] } },
{ "type": "Feature", "properties": { "siteID": "APPA-42186", "xcoord": 1478761.002015518, "ycoord": 65397.649712207152, "COMMENTS": null, "CL_2010": "Y", "deci_x": -77.675188748099998, "deci_y": 39.338750277499997 }, "geometry": { "type": "Point", "coordinates": [ 1478761.002015517558903, 65397.649712207145058 ] } },
{ "type": "Feature", "properties": { "siteID": "APPA-42202", "xcoord": 1480041.4517668721, "ycoord": 79801.252575929277, "COMMENTS": null, "CL_2010": "Y", "deci_x": -77.625549343200007, "deci_y": 39.456567500399998 }, "geometry": { "type": "Point", "coordinates": [ 1480041.451766871614382, 79801.252575929262093 ] } },
{ "type": "Feature", "properties": { "siteID": "APPA-42254", "xcoord": 1483051.452565647, "ycoord": 108049.91544997081, "COMMENTS": null, "CL_2010": "Y", "deci_x": -77.521614404800005, "deci_y": 39.686713727099999 }, "geometry": { "type": "Point", "coordinates": [ 1483051.452565647428855, 108049.915449970794725 ] } },
{ "type": "Feature", "properties": { "siteID": "APPA-42330", "xcoord": 1479773.541707566, "ycoord": 92560.330049164404, "COMMENTS": null, "CL_2010": "Y", "deci_x": -77.598428557399998, "deci_y": 39.563199060899997 }, "geometry": { "type": "Point", "coordinates": [ 1479773.541707565775141, 92560.330049164404045 ] } },
{ "type": "Feature", "properties": { "siteID": "APPA-42378", "xcoord": 1479558.4057611369, "ycoord": 76951.113033302085, "COMMENTS": null, "CL_2010": "Y", "deci_x": -77.638165635999997, "deci_y": 39.433632005299998 }, "geometry": { "type": "Point", "coordinates": [ 1479558.405761137139052, 76951.113033302084659 ] } },
{ "type": "Feature", "properties": { "siteID": "APPA-42394", "xcoord": 1479613.379267494, "ycoord": 88592.657407489489, "COMMENTS": null, "CL_2010": "Y", "deci_x": -77.609822567600006, "deci_y": 39.530440152399997 }, "geometry": { "type": "Point", "coordinates": [ 1479613.379267493728548, 88592.657407489488833 ] } },
{ "type": "Feature", "properties": { "siteID": "APPA-42442", "xcoord": 1478874.6807542241, "ycoord": 66354.408692094992, "COMMENTS": null, "CL_2010": "Y", "deci_x": -77.671551018100004, "deci_y": 39.346530706300001 }, "geometry": { "type": "Point", "coordinates": [ 1478874.680754224071279, 66354.408692094992148 ] } },
{ "type": "Feature", "properties": { "siteID": "APPA-42458", "xcoord": 1479956.713010679, "ycoord": 80805.265449695245, "COMMENTS": null, "CL_2010": "Y", "deci_x": -77.624189164399994, "deci_y": 39.465063049100003 }, "geometry": { "type": "Point", "coordinates": [ 1479956.713010679231957, 80805.265449695245479 ] } },
{ "type": "Feature", "properties": { "siteID": "APPA-42510", "xcoord": 1482786.9253426709, "ycoord": 108814.01532312539, "COMMENTS": null, "CL_2010": "Y", "deci_x": -77.522995261800006, "deci_y": 39.693505269600003 }, "geometry": { "type": "Point", "coordinates": [ 1482786.925342671340331, 108814.015323125378927 ] } },
{ "type": "Feature", "properties": { "siteID": "APPA-42586", "xcoord": 1482659.0547441519, "ycoord": 101427.2156810663, "COMMENTS": null, "CL_2010": "Y", "deci_x": -77.542245065100005, "deci_y": 39.632256179400002 }, "geometry": { "type": "Point", "coordinates": [ 1482659.054744151653722, 101427.215681066256366 ] } },
{ "type": "Feature", "properties": { "siteID": "APPA-42634", "xcoord": 1479811.7731446589, "ycoord": 71511.362702014347, "COMMENTS": null, "CL_2010": "Y", "deci_x": -77.648005758099998, "deci_y": 39.387935151500002 }, "geometry": { "type": "Point", "coordinates": [ 1479811.773144658887759, 71511.362702014346723 ] } },
{ "type": "Feature", "properties": { "siteID": "APPA-42650", "xcoord": 1479919.415791912, "ycoord": 84044.138209839439, "COMMENTS": null, "CL_2010": "Y", "deci_x": -77.616939544900006, "deci_y": 39.492082560199997 }, "geometry": { "type": "Point", "coordinates": [ 1479919.415791912237182, 84044.138209839438787 ] } },
{ "type": "Feature", "properties": { "siteID": "APPA-42698", "xcoord": 1475562.075683469, "ycoord": 62988.000516582899, "COMMENTS": "C&O Canal", "CL_2010": "Y", "deci_x": -77.719540183800007, "deci_y": 39.3238941758 }, "geometry": { "type": "Point", "coordinates": [ 1475562.075683468719944, 62988.000516582898854 ] } },
{ "type": "Feature", "properties": { "siteID": "APPA-42766", "xcoord": 1482849.787787664, "ycoord": 110150.1661168554, "COMMENTS": null, "CL_2010": "Y", "deci_x": -77.519026664899997, "deci_y": 39.704518207500001 }, "geometry": { "type": "Point", "coordinates": [ 1482849.787787663983181, 110150.16611685535463 ] } },
{ "type": "Feature", "properties": { "siteID": "APPA-42778", "xcoord": 1479718.78597228, "ycoord": 93652.405138603222, "COMMENTS": null, "CL_2010": "Y", "deci_x": -77.5964890443, "deci_y": 39.572377067200001 }, "geometry": { "type": "Point", "coordinates": [ 1479718.785972280427814, 93652.405138603236992 ] } },
{ "type": "Feature", "properties": { "siteID": "APPA-42842", "xcoord": 1480517.7241202081, "ycoord": 97529.959788074018, "COMMENTS": null, "CL_2010": "Y", "deci_x": -77.577546110399993, "deci_y": 39.603337363199998 }, "geometry": { "type": "Point", "coordinates": [ 1480517.724120208062232, 97529.959788074032986 ] } },
{ "type": "Feature", "properties": { "siteID": "APPA-42890", "xcoord": 1479727.7349631758, "ycoord": 69872.299743632131, "COMMENTS": null, "CL_2010": "Y", "deci_x": -77.652907268199996, "deci_y": 39.374427191499997 }, "geometry": { "type": "Point", "coordinates": [ 1479727.734963175607845, 69872.29974363213114 ] } },
{ "type": "Feature", "properties": { "siteID": "APPA-42906", "xcoord": 1479562.784559763, "ycoord": 77798.20939006297, "COMMENTS": null, "CL_2010": "Y", "deci_x": -77.636101510700001, "deci_y": 39.440676203700001 }, "geometry": { "type": "Point", "coordinates": [ 1479562.784559762571007, 77798.20939006296976 ] } },
{ "type": "Feature", "properties": { "siteID": "APPA-43022", "xcoord": 1482603.25052493, "ycoord": 105525.8524551891, "COMMENTS": null, "CL_2010": "Y", "deci_x": -77.533107783800006, "deci_y": 39.666449777099999 }, "geometry": { "type": "Point", "coordinates": [ 1482603.250524929724634, 105525.852455189073225 ] } },
{ "type": "Feature", "properties": { "siteID": "APPA-43034", "xcoord": 1476359.388646719, "ycoord": 63324.212217455082, "COMMENTS": "C&O Canal", "CL_2010": "Y", "deci_x": -77.709111940300005, "deci_y": 39.325396982199997 }, "geometry": { "type": "Point", "coordinates": [ 1476359.388646718813106, 63324.212217455075006 ] } },
{ "type": "Feature", "properties": { "siteID": "APPA-43098", "xcoord": 1480341.7482840619, "ycoord": 90550.620108581745, "COMMENTS": null, "CL_2010": "Y", "deci_x": -77.596329945700006, "deci_y": 39.545544006599997 }, "geometry": { "type": "Point", "coordinates": [ 1480341.748284062137827, 90550.620108581744717 ] } },
{ "type": "Feature", "properties": { "siteID": "APPA-43162", "xcoord": 1479623.136927306, "ycoord": 88916.586607057165, "COMMENTS": null, "CL_2010": "Y", "deci_x": -77.608932984800006, "deci_y": 39.533120168099998 }, "geometry": { "type": "Point", "coordinates": [ 1479623.136927306419238, 88916.586607057150104 ] } },
{ "type": "Feature", "properties": { "siteID": "APPA-43210", "xcoord": 1478793.9869310199, "ycoord": 64909.87621048568, "COMMENTS": null, "CL_2010": "Y", "deci_x": -77.675943990999997, "deci_y": 39.334635404499998 }, "geometry": { "type": "Point", "coordinates": [ 1478793.986931019928306, 64909.876210485679621 ] } },
{ "type": "Feature", "properties": { "siteID": "APPA-43226", "xcoord": 1480012.9185825761, "ycoord": 82489.172560133855, "COMMENTS": null, "CL_2010": "Y", "deci_x": -77.619505305600001, "deci_y": 39.478987244400003 }, "geometry": { "type": "Point", "coordinates": [ 1480012.918582575861365, 82489.172560133854859 ] } },
{ "type": "Feature", "properties": { "siteID": "APPA-43278", "xcoord": 1483011.5889606529, "ycoord": 107188.3201793833, "COMMENTS": null, "CL_2010": "Y", "deci_x": -77.524164495500003, "deci_y": 39.679610943999997 }, "geometry": { "type": "Point", "coordinates": [ 1483011.588960653403774, 107188.320179383343202 ] } },
{ "type": "Feature", "properties": { "siteID": "APPA-43354", "xcoord": 1479710.1029021339, "ycoord": 93561.653667094593, "COMMENTS": null, "CL_2010": "Y", "deci_x": -77.596810717300002, "deci_y": 39.571636031399997 }, "geometry": { "type": "Point", "coordinates": [ 1479710.102902134181932, 93561.653667094593402 ] } },
{ "type": "Feature", "properties": { "siteID": "APPA-43402", "xcoord": 1479762.7510236951, "ycoord": 75122.742090209402, "COMMENTS": null, "CL_2010": "Y", "deci_x": -77.640032490400003, "deci_y": 39.418078476700003 }, "geometry": { "type": "Point", "coordinates": [ 1479762.751023694872856, 75122.742090209401795 ] } },
{ "type": "Feature", "properties": { "siteID": "APPA-43418", "xcoord": 1479335.5931351059, "ycoord": 87344.376634233035, "COMMENTS": null, "CL_2010": "Y", "deci_x": -77.616160448399995, "deci_y": 39.520505045 }, "geometry": { "type": "Point", "coordinates": [ 1479335.593135106144473, 87344.376634233034565 ] } },
{ "type": "Feature", "properties": { "siteID": "APPA-43482", "xcoord": 1480295.0632249771, "ycoord": 81708.172947019557, "COMMENTS": null, "CL_2010": "Y", "deci_x": -77.617945791899999, "deci_y": 39.472025497099999 }, "geometry": { "type": "Point", "coordinates": [ 1480295.063224977115169, 81708.172947019556887 ] } },
{ "type": "Feature", "properties": { "siteID": "APPA-43534", "xcoord": 1482341.7917504341, "ycoord": 109052.1944928944, "COMMENTS": null, "CL_2010": "Y", "deci_x": -77.527831669299999, "deci_y": 39.696217843100001 }, "geometry": { "type": "Point", "coordinates": [ 1482341.791750433621928, 109052.194492894370342 ] } },
{ "type": "Feature", "properties": { "siteID": "APPA-43610", "xcoord": 1480730.22985659, "ycoord": 100062.1791481393, "COMMENTS": null, "CL_2010": "Y", "deci_x": -77.5689186412, "deci_y": 39.624060576600002 }, "geometry": { "type": "Point", "coordinates": [ 1480730.229856589576229, 100062.179148139301105 ] } },
{ "type": "Feature", "properties": { "siteID": "APPA-43658", "xcoord": 1480078.6485350309, "ycoord": 73574.502280833054, "COMMENTS": null, "CL_2010": "Y", "deci_x": -77.639884437899994, "deci_y": 39.404674469200003 }, "geometry": { "type": "Point", "coordinates": [ 1480078.648535031359643, 73574.502280833054101 ] } },
{ "type": "Feature", "properties": { "siteID": "APPA-43674", "xcoord": 1479290.1858579561, "ycoord": 84884.639622331029, "COMMENTS": "Washington Monument Trail", "CL_2010": "Y", "deci_x": -77.622562522799996, "deci_y": 39.5001066142 }, "geometry": { "type": "Point", "coordinates": [ 1479290.185857955599204, 84884.639622331029386 ] } },
{ "type": "Feature", "properties": { "siteID": "APPA-43802", "xcoord": 1480291.4418130028, "ycoord": 94913.356289734191, "COMMENTS": null, "CL_2010": "Y", "deci_x": -77.586536508099996, "deci_y": 39.5819334328 }, "geometry": { "type": "Point", "coordinates": [ 1480291.441813003038988, 94913.356289734190796 ] } },
{ "type": "Feature", "properties": { "siteID": "APPA-43866", "xcoord": 1482134.046339306, "ycoord": 101417.36367396629, "COMMENTS": null, "CL_2010": "Y", "deci_x": -77.548640663200004, "deci_y": 39.633035512600003 }, "geometry": { "type": "Point", "coordinates": [ 1482134.046339306049049, 101417.363673966334318 ] } },
{ "type": "Feature", "properties": { "siteID": "APPA-43914", "xcoord": 1479308.7312767881, "ycoord": 68346.625429299776, "COMMENTS": null, "CL_2010": "Y", "deci_x": -77.661587740399995, "deci_y": 39.362409175899998 }, "geometry": { "type": "Point", "coordinates": [ 1479308.731276787817478, 68346.625429299776442 ] } },
{ "type": "Feature", "properties": { "siteID": "APPA-43930", "xcoord": 1479544.3487314282, "ycoord": 78633.399735806335, "COMMENTS": null, "CL_2010": "Y", "deci_x": -77.6343413811, "deci_y": 39.4476584648 }, "geometry": { "type": "Point", "coordinates": [ 1479544.34873142815195, 78633.399735806320678 ] } },
{ "type": "Feature", "properties": { "siteID": "APPA-44046", "xcoord": 1482615.322353275, "ycoord": 105424.0049947731, "COMMENTS": null, "CL_2010": "Y", "deci_x": -77.533205205599998, "deci_y": 39.66558258 }, "geometry": { "type": "Point", "coordinates": [ 1482615.322353274794295, 105424.00499477313133 ] } },
{ "type": "Feature", "properties": { "siteID": "APPA-44058", "xcoord": 1476536.9185641659, "ycoord": 63392.134324146173, "COMMENTS": "C&O Canal", "CL_2010": "Y", "deci_x": -77.706806303700006, "deci_y": 39.325673713100002 }, "geometry": { "type": "Point", "coordinates": [ 1476536.918564166175202, 63392.134324146165454 ] } },
{ "type": "Feature", "properties": { "siteID": "APPA-44122", "xcoord": 1480237.5760464279, "ycoord": 91840.349682413755, "COMMENTS": null, "CL_2010": "Y", "deci_x": -77.594518588100001, "deci_y": 39.556447965099998 }, "geometry": { "type": "Point", "coordinates": [ 1480237.576046427711844, 91840.349682413754635 ] } },
{ "type": "Feature", "properties": { "siteID": "APPA-44186", "xcoord": 1479916.5967995869, "ycoord": 89739.304403827584, "COMMENTS": null, "CL_2010": "Y", "deci_x": -77.603416605999996, "deci_y": 39.539487404200003 }, "geometry": { "type": "Point", "coordinates": [ 1479916.596799587132409, 89739.304403827583883 ] } },
{ "type": "Feature", "properties": { "siteID": "APPA-44234", "xcoord": 1478777.8911729068, "ycoord": 65085.222628449417, "COMMENTS": null, "CL_2010": "Y", "deci_x": -77.675723724299999, "deci_y": 39.336121542500003 }, "geometry": { "type": "Point", "coordinates": [ 1478777.891172906849533, 65085.222628449417243 ] } },
{ "type": "Feature", "properties": { "siteID": "APPA-44250", "xcoord": 1479896.4477577461, "ycoord": 83092.472446475338, "COMMENTS": null, "CL_2010": "Y", "deci_x": -77.619481192500004, "deci_y": 39.484199098700003 }, "geometry": { "type": "Point", "coordinates": [ 1479896.447757745860144, 83092.472446475338074 ] } },
{ "type": "Feature", "properties": { "siteID": "APPA-44302", "xcoord": 1483032.166610773, "ycoord": 107940.6443826211, "COMMENTS": null, "CL_2010": "Y", "deci_x": -77.522110694600002, "deci_y": 39.6858363021 }, "geometry": { "type": "Point", "coordinates": [ 1483032.166610772721469, 107940.644382621074328 ] } },
{ "type": "Feature", "properties": { "siteID": "APPA-44378", "xcoord": 1482618.2072158377, "ycoord": 101802.0562330575, "COMMENTS": null, "CL_2010": "Y", "deci_x": -77.541843654199994, "deci_y": 39.635442085900003 }, "geometry": { "type": "Point", "coordinates": [ 1482618.207215838367119, 101802.056233057490317 ] } },
{ "type": "Feature", "properties": { "siteID": "APPA-44426", "xcoord": 1479912.3768952989, "ycoord": 74289.346539015416, "COMMENTS": null, "CL_2010": "Y", "deci_x": -77.640199798500007, "deci_y": 39.410896651599998 }, "geometry": { "type": "Point", "coordinates": [ 1479912.376895299181342, 74289.346539015416056 ] } },
{ "type": "Feature", "properties": { "siteID": "APPA-44442", "xcoord": 1479314.9593313721, "ycoord": 85520.133279079149, "COMMENTS": null, "CL_2010": "Y", "deci_x": -77.62075087, "deci_y": 39.505355482399999 }, "geometry": { "type": "Point", "coordinates": [ 1479314.959331371588632, 85520.133279079149361 ] } },
{ "type": "Feature", "properties": { "siteID": "APPA-44558", "xcoord": 1482916.9636417381, "ycoord": 110926.36152017991, "COMMENTS": null, "CL_2010": "Y", "deci_x": -77.516348092800001, "deci_y": 39.7108653473 }, "geometry": { "type": "Point", "coordinates": [ 1482916.963641738053411, 110926.361520179896615 ] } },
{ "type": "Feature", "properties": { "siteID": "APPA-44634", "xcoord": 1480596.4365473359, "ycoord": 98793.762261906275, "COMMENTS": null, "CL_2010": "Y", "deci_x": -77.573572754799997, "deci_y": 39.613725016099998 }, "geometry": { "type": "Point", "coordinates": [ 1480596.436547336401418, 98793.762261906274944 ] } },
{ "type": "Feature", "properties": { "siteID": "APPA-44682", "xcoord": 1479949.763659541, "ycoord": 72636.580990316797, "COMMENTS": null, "CL_2010": "Y", "deci_x": -77.643668432499993, "deci_y": 39.397077073399998 }, "geometry": { "type": "Point", "coordinates": [ 1479949.763659541029483, 72636.580990316797397 ] } },
{ "type": "Feature", "properties": { "siteID": "APPA-44698", "xcoord": 1479311.5034929579, "ycoord": 85292.870001099218, "COMMENTS": null, "CL_2010": "Y", "deci_x": -77.621333317799994, "deci_y": 39.503469574599997 }, "geometry": { "type": "Point", "coordinates": [ 1479311.503492957912385, 85292.870001099203364 ] } },
{ "type": "Feature", "properties": { "siteID": "APPA-44814", "xcoord": 1483442.4392239591, "ycoord": 111995.92768001719, "COMMENTS": null, "CL_2010": "Y", "deci_x": -77.507395421699997, "deci_y": 39.718899801600003 }, "geometry": { "type": "Point", "coordinates": [ 1483442.439223958645016, 111995.927680017237435 ] } },
{ "type": "Feature", "properties": { "siteID": "APPA-44826", "xcoord": 1480234.9356459391, "ycoord": 93982.391497651712, "COMMENTS": null, "CL_2010": "Y", "deci_x": -77.589442695599999, "deci_y": 39.574278541399998 }, "geometry": { "type": "Point", "coordinates": [ 1480234.935645938618109, 93982.391497651711688 ] } },
{ "type": "Feature", "properties": { "siteID": "APPA-44890", "xcoord": 1481775.1093906029, "ycoord": 100917.1123671174, "COMMENTS": null, "CL_2010": "Y", "deci_x": -77.554193743599996, "deci_y": 39.629461720800002 }, "geometry": { "type": "Point", "coordinates": [ 1481775.109390602679923, 100917.112367117413669 ] } },
{ "type": "Feature", "properties": { "siteID": "APPA-44938", "xcoord": 1479552.530902178, "ycoord": 69165.390053705414, "COMMENTS": null, "CL_2010": "Y", "deci_x": -77.656700721099995, "deci_y": 39.368827930999998 }, "geometry": { "type": "Point", "coordinates": [ 1479552.530902178026736, 69165.390053705414175 ] } },
{ "type": "Feature", "properties": { "siteID": "APPA-44954", "xcoord": 1480101.2096909019, "ycoord": 79655.28776910172, "COMMENTS": null, "CL_2010": "Y", "deci_x": -77.625172769299994, "deci_y": 39.455254888399999 }, "geometry": { "type": "Point", "coordinates": [ 1480101.209690902149305, 79655.287769101705635 ] } },
{ "type": "Feature", "properties": { "siteID": "APPA-45070", "xcoord": 1482234.6255044239, "ycoord": 103566.83968412761, "COMMENTS": null, "CL_2010": "Y", "deci_x": -77.542275282600002, "deci_y": 39.650755302299999 }, "geometry": { "type": "Point", "coordinates": [ 1482234.625504423631355, 103566.839684127626242 ] } },
{ "type": "Feature", "properties": { "siteID": "APPA-45082", "xcoord": 1478138.9775842519, "ycoord": 63786.685883739097, "COMMENTS": "C&O Canal", "CL_2010": "Y", "deci_x": -77.686515224900006, "deci_y": 39.326350898699999 }, "geometry": { "type": "Point", "coordinates": [ 1478138.977584252366796, 63786.685883739097335 ] } },
{ "type": "Feature", "properties": { "siteID": "APPA-45146", "xcoord": 1480557.125814006, "ycoord": 95546.77039846011, "COMMENTS": null, "CL_2010": "Y", "deci_x": -77.581802526900006, "deci_y": 39.586769563799997 }, "geometry": { "type": "Point", "coordinates": [ 1480557.125814006198198, 95546.7703984601103 ] } },
{ "type": "Feature", "properties": { "siteID": "APPA-45210", "xcoord": 1481247.5597753441, "ycoord": 100768.6726175114, "COMMENTS": null, "CL_2010": "Y", "deci_x": -77.560951408999998, "deci_y": 39.629091492100002 }, "geometry": { "type": "Point", "coordinates": [ 1481247.559775344328955, 100768.672617511430872 ] } },
{ "type": "Feature", "properties": { "siteID": "APPA-45258", "xcoord": 1479047.6488588271, "ycoord": 66878.700344264464, "COMMENTS": null, "CL_2010": "Y", "deci_x": -77.668219435400005, "deci_y": 39.3506137806 }, "geometry": { "type": "Point", "coordinates": [ 1479047.648858827305958, 66878.700344264463638 ] } },
{ "type": "Feature", "properties": { "siteID": "APPA-45274", "xcoord": 1479632.5319897421, "ycoord": 80542.079529275768, "COMMENTS": null, "CL_2010": "Y", "deci_x": -77.628739697300006, "deci_y": 39.463402011399999 }, "geometry": { "type": "Point", "coordinates": [ 1479632.531989742070436, 80542.079529275768436 ] } },
{ "type": "Feature", "properties": { "siteID": "APPA-45326", "xcoord": 1482826.4561286049, "ycoord": 106360.08600560459, "COMMENTS": null, "CL_2010": "Y", "deci_x": -77.528398223500005, "deci_y": 39.6730241578 }, "geometry": { "type": "Point", "coordinates": [ 1482826.456128604710102, 106360.086005604578531 ] } },
{ "type": "Feature", "properties": { "siteID": "APPA-45402", "xcoord": 1479860.550785362, "ycoord": 92441.548330038655, "COMMENTS": null, "CL_2010": "Y", "deci_x": -77.597656692800001, "deci_y": 39.56206818 }, "geometry": { "type": "Point", "coordinates": [ 1479860.550785361789167, 92441.548330038654967 ] } },
{ "type": "Feature", "properties": { "siteID": "APPA-45450", "xcoord": 1479557.5450528348, "ycoord": 76405.424787878976, "COMMENTS": null, "CL_2010": "Y", "deci_x": -77.639471362400002, "deci_y": 39.4290909777 }, "geometry": { "type": "Point", "coordinates": [ 1479557.545052835019305, 76405.424787878975621 ] } },
{ "type": "Feature", "properties": { "siteID": "APPA-45466", "xcoord": 1479421.046939844, "ycoord": 88315.481758287351, "COMMENTS": null, "CL_2010": "Y", "deci_x": -77.612813423899993, "deci_y": 39.528447741299999 }, "geometry": { "type": "Point", "coordinates": [ 1479421.046939843799919, 88315.481758287351113 ] } },
{ "type": "Feature", "properties": { "siteID": "APPA-45514", "xcoord": 1478123.0416013191, "ycoord": 64325.527457363409, "COMMENTS": null, "CL_2010": "Y", "deci_x": -77.685433988300005, "deci_y": 39.330863297699999 }, "geometry": { "type": "Point", "coordinates": [ 1478123.041601319098845, 64325.527457363408757 ] } },
{ "type": "Feature", "properties": { "siteID": "APPA-45530", "xcoord": 1480157.4494026632, "ycoord": 81320.123901968822, "COMMENTS": null, "CL_2010": "Y", "deci_x": -77.620534752200001, "deci_y": 39.469020487900004 }, "geometry": { "type": "Point", "coordinates": [ 1480157.449402662459761, 81320.123901968821883 ] } },
{ "type": "Feature", "properties": { "siteID": "APPA-45582", "xcoord": 1482338.372381286, "ycoord": 108606.67852500008, "COMMENTS": null, "CL_2010": "Y", "deci_x": -77.528941326400002, "deci_y": 39.692516881400003 }, "geometry": { "type": "Point", "coordinates": [ 1482338.372381285997108, 108606.678525000141235 ] } },
{ "type": "Feature", "properties": { "siteID": "APPA-45658", "xcoord": 1482533.495497924, "ycoord": 101249.65500945851, "COMMENTS": null, "CL_2010": "Y", "deci_x": -77.544193896400003, "deci_y": 39.6309847809 }, "geometry": { "type": "Point", "coordinates": [ 1482533.495497923577204, 101249.655009458496352 ] } },
{ "type": "Feature", "properties": { "siteID": "APPA-45706", "xcoord": 1479919.288133997, "ycoord": 72442.648711943853, "COMMENTS": null, "CL_2010": "Y", "deci_x": -77.644497012000002, "deci_y": 39.395512397600001 }, "geometry": { "type": "Point", "coordinates": [ 1479919.288133996538818, 72442.648711943853414 ] } },
{ "type": "Feature", "properties": { "siteID": "APPA-45722", "xcoord": 1479242.279130589, "ycoord": 87024.480294325622, "COMMENTS": null, "CL_2010": "Y", "deci_x": -77.618052451899999, "deci_y": 39.5179950769 }, "geometry": { "type": "Point", "coordinates": [ 1479242.279130588751286, 87024.480294325621799 ] } },
{ "type": "Feature", "properties": { "siteID": "APPA-45770", "xcoord": 1474866.9520493033, "ycoord": 62829.902176681477, "COMMENTS": null, "CL_2010": "Y", "deci_x": -77.728313047, "deci_y": 39.323707644199999 }, "geometry": { "type": "Point", "coordinates": [ 1474866.952049302868545, 62829.902176681483979 ] } },
{ "type": "Feature", "properties": { "siteID": "APPA-45838", "xcoord": 1482913.4140231321, "ycoord": 110641.48953017819, "COMMENTS": null, "CL_2010": "Y", "deci_x": -77.5170747871, "deci_y": 39.708501218000002 }, "geometry": { "type": "Point", "coordinates": [ 1482913.414023132063448, 110641.489530178208952 ] } },
{ "type": "Feature", "properties": { "siteID": "APPA-45914", "xcoord": 1480540.4569829779, "ycoord": 97972.326139826488, "COMMENTS": null, "CL_2010": "Y", "deci_x": -77.576213933899993, "deci_y": 39.606981253299999 }, "geometry": { "type": "Point", "coordinates": [ 1480540.456982978153974, 97972.326139826487633 ] } },
{ "type": "Feature", "properties": { "siteID": "APPA-45962", "xcoord": 1479785.9139851939, "ycoord": 70680.396060479252, "COMMENTS": null, "CL_2010": "Y", "deci_x": -77.650288453399995, "deci_y": 39.381059653800001 }, "geometry": { "type": "Point", "coordinates": [ 1479785.913985193707049, 70680.396060479251901 ] } },
{ "type": "Feature", "properties": { "siteID": "APPA-45978", "xcoord": 1479927.544519759, "ycoord": 78647.940193924616, "COMMENTS": null, "CL_2010": "Y", "deci_x": -77.629668385399995, "deci_y": 39.4471536171 }, "geometry": { "type": "Point", "coordinates": [ 1479927.544519758783281, 78647.940193924616324 ] } },
{ "type": "Feature", "properties": { "siteID": "APPA-46094", "xcoord": 1482433.545785279, "ycoord": 104474.8077059155, "COMMENTS": null, "CL_2010": "Y", "deci_x": -77.537686057100004, "deci_y": 39.657983460300002 }, "geometry": { "type": "Point", "coordinates": [ 1482433.545785278780386, 104474.807705915445695 ] } },
{ "type": "Feature", "properties": { "siteID": "APPA-46106", "xcoord": 1478465.269306435, "ycoord": 64228.034898139827, "COMMENTS": null, "CL_2010": "Y", "deci_x": -77.681528935800003, "deci_y": 39.329494071100001 }, "geometry": { "type": "Point", "coordinates": [ 1478465.269306435016915, 64228.034898139820143 ] } },
{ "type": "Feature", "properties": { "siteID": "APPA-46170", "xcoord": 1480576.878990571, "ycoord": 96715.597664126719, "COMMENTS": null, "CL_2010": "Y", "deci_x": -77.578772859300003, "deci_y": 39.596463760500001 }, "geometry": { "type": "Point", "coordinates": [ 1480576.878990571014583, 96715.597664126718882 ] } },
{ "type": "Feature", "properties": { "siteID": "APPA-46234", "xcoord": 1479800.2351261801, "ycoord": 89458.039739137865, "COMMENTS": null, "CL_2010": "Y", "deci_x": -77.605496991500004, "deci_y": 39.537336877100003 }, "geometry": { "type": "Point", "coordinates": [ 1479800.235126180341467, 89458.039739137864672 ] } },
{ "type": "Feature", "properties": { "siteID": "APPA-46282", "xcoord": 1478761.5042753681, "ycoord": 65347.228849647203, "COMMENTS": null, "CL_2010": "Y", "deci_x": -77.675301958600002, "deci_y": 39.338329664900002 }, "geometry": { "type": "Point", "coordinates": [ 1478761.504275367828086, 65347.228849647202878 ] } },
{ "type": "Feature", "properties": { "siteID": "APPA-46298", "xcoord": 1480005.8478413511, "ycoord": 82706.497799922072, "COMMENTS": null, "CL_2010": "Y", "deci_x": -77.619074139700004, "deci_y": 39.480807686200002 }, "geometry": { "type": "Point", "coordinates": [ 1480005.847841350594535, 82706.497799922071863 ] } },
{ "type": "Feature", "properties": { "siteID": "APPA-46350", "xcoord": 1483089.2776119059, "ycoord": 108207.51777701332, "COMMENTS": null, "CL_2010": "Y", "deci_x": -77.520777005400006, "deci_y": 39.687962797200001 }, "geometry": { "type": "Point", "coordinates": [ 1483089.277611905708909, 108207.517777013301384 ] } },
{ "type": "Feature", "properties": { "siteID": "APPA-46426", "xcoord": 1479777.0900968791, "ycoord": 92897.956202990841, "COMMENTS": null, "CL_2010": "Y", "deci_x": -77.597580697799998, "deci_y": 39.566003046699997 }, "geometry": { "type": "Point", "coordinates": [ 1479777.090096879051998, 92897.95620299084112 ] } },
{ "type": "Feature", "properties": { "siteID": "APPA-46474", "xcoord": 1479555.0370594801, "ycoord": 76982.601622384973, "COMMENTS": null, "CL_2010": "Y", "deci_x": -77.6381316545, "deci_y": 39.433899622799998 }, "geometry": { "type": "Point", "coordinates": [ 1479555.037059479858726, 76982.60162238497287 ] } },
{ "type": "Feature", "properties": { "siteID": "APPA-46490", "xcoord": 1479374.662903779, "ycoord": 87489.966046491492, "COMMENTS": null, "CL_2010": "Y", "deci_x": -77.615340508700001, "deci_y": 39.521652912299999 }, "geometry": { "type": "Point", "coordinates": [ 1479374.662903779419139, 87489.966046491492307 ] } },
{ "type": "Feature", "properties": { "siteID": "APPA-46538", "xcoord": 1478842.520983242, "ycoord": 66142.30213293714, "COMMENTS": null, "CL_2010": "Y", "deci_x": -77.672441650600007, "deci_y": 39.344817197600001 }, "geometry": { "type": "Point", "coordinates": [ 1478842.520983242429793, 66142.302132937140414 ] } },
{ "type": "Feature", "properties": { "siteID": "APPA-46554", "xcoord": 1480163.764121827, "ycoord": 82101.683989519413, "COMMENTS": null, "CL_2010": "Y", "deci_x": -77.618599997399997, "deci_y": 39.475515470300003 }, "geometry": { "type": "Point", "coordinates": [ 1480163.764121827436611, 82101.683989519413444 ] } },
{ "type": "Feature", "properties": { "siteID": "APPA-46606", "xcoord": 1482678.9023715099, "ycoord": 108690.6316085663, "COMMENTS": null, "CL_2010": "Y", "deci_x": -77.524603374199998, "deci_y": 39.692656168799999 }, "geometry": { "type": "Point", "coordinates": [ 1482678.902371509931982, 108690.631608566342038 ] } },
{ "type": "Feature", "properties": { "siteID": "APPA-46682", "xcoord": 1482676.176926279, "ycoord": 101558.9432714259, "COMMENTS": null, "CL_2010": "Y", "deci_x": -77.541721967900003, "deci_y": 39.633324132200002 }, "geometry": { "type": "Point", "coordinates": [ 1482676.176926279207692, 101558.943271425931016 ] } },
{ "type": "Feature", "properties": { "siteID": "APPA-46730", "xcoord": 1479848.182084535, "ycoord": 71156.394497897811, "COMMENTS": null, "CL_2010": "Y", "deci_x": -77.648407026100003, "deci_y": 39.384920676100002 }, "geometry": { "type": "Point", "coordinates": [ 1479848.182084535248578, 71156.394497897810652 ] } },
{ "type": "Feature", "properties": { "siteID": "APPA-46746", "xcoord": 1479873.062225038, "ycoord": 84289.113495747544, "COMMENTS": null, "CL_2010": "Y", "deci_x": -77.616918277099998, "deci_y": 39.494197313299999 }, "geometry": { "type": "Point", "coordinates": [ 1479873.062225037952885, 84289.113495747544221 ] } },
{ "type": "Feature", "properties": { "siteID": "APPA-46794", "xcoord": 1475163.9959667269, "ycoord": 62853.654720416089, "COMMENTS": null, "CL_2010": "Y", "deci_x": -77.724667521300006, "deci_y": 39.323422651100003 }, "geometry": { "type": "Point", "coordinates": [ 1475163.995966726914048, 62853.654720416088821 ] } },
{ "type": "Feature", "properties": { "siteID": "APPA-46874", "xcoord": 1480252.265677826, "ycoord": 94766.254485848316, "COMMENTS": null, "CL_2010": "Y", "deci_x": -77.587362614100002, "deci_y": 39.580773406799999 }, "geometry": { "type": "Point", "coordinates": [ 1480252.265677826013416, 94766.254485848316108 ] } },
{ "type": "Feature", "properties": { "siteID": "APPA-46938", "xcoord": 1480527.87817066, "ycoord": 97379.11399399217, "COMMENTS": null, "CL_2010": "Y", "deci_x": -77.577783108800006, "deci_y": 39.602065473800003 }, "geometry": { "type": "Point", "coordinates": [ 1480527.878170659998432, 97379.113993992170435 ] } },
{ "type": "Feature", "properties": { "siteID": "APPA-46986", "xcoord": 1479722.7056502169, "ycoord": 69848.570693422807, "COMMENTS": null, "CL_2010": "Y", "deci_x": -77.653024314899994, "deci_y": 39.374237851899998 }, "geometry": { "type": "Point", "coordinates": [ 1479722.705650216666982, 69848.570693422807381 ] } },
{ "type": "Feature", "properties": { "siteID": "APPA-47002", "xcoord": 1479580.1916615029, "ycoord": 77915.658014711516, "COMMENTS": null, "CL_2010": "Y", "deci_x": -77.635611945799994, "deci_y": 39.441625429399998 }, "geometry": { "type": "Point", "coordinates": [ 1479580.19166150293313, 77915.658014711516444 ] } },
{ "type": "Feature", "properties": { "siteID": "APPA-47118", "xcoord": 1482601.415960978, "ycoord": 105315.71752919279, "COMMENTS": null, "CL_2010": "Y", "deci_x": -77.533633498599997, "deci_y": 39.6647044451 }, "geometry": { "type": "Point", "coordinates": [ 1482601.415960977785289, 105315.717529192828806 ] } },
{ "type": "Feature", "properties": { "siteID": "APPA-47130", "xcoord": 1475742.4622675329, "ycoord": 63053.203518279275, "COMMENTS": "C&O Canal", "CL_2010": "Y", "deci_x": -77.717206541199999, "deci_y": 39.324143795700003 }, "geometry": { "type": "Point", "coordinates": [ 1475742.462267532944679, 63053.203518279282434 ] } },
{ "type": "Feature", "properties": { "siteID": "APPA-47194", "xcoord": 1480404.42964218, "ycoord": 90964.561057188926, "COMMENTS": null, "CL_2010": "Y", "deci_x": -77.594583478900006, "deci_y": 39.548886389499998 }, "geometry": { "type": "Point", "coordinates": [ 1480404.429642179748043, 90964.561057188926497 ] } },
{ "type": "Feature", "properties": { "siteID": "APPA-47258", "xcoord": 1479658.6992858681, "ycoord": 89081.16563931547, "COMMENTS": null, "CL_2010": "Y", "deci_x": -77.608110047599993, "deci_y": 39.534431755 }, "geometry": { "type": "Point", "coordinates": [ 1479658.699285867623985, 89081.165639315469889 ] } },
{ "type": "Feature", "properties": { "siteID": "APPA-47306", "xcoord": 1478746.601487716, "ycoord": 64781.540151146794, "COMMENTS": null, "CL_2010": "Y", "deci_x": -77.676820199600002, "deci_y": 39.333644117399999 }, "geometry": { "type": "Point", "coordinates": [ 1478746.601487716194242, 64781.540151146793505 ] } },
{ "type": "Feature", "properties": { "siteID": "APPA-47322", "xcoord": 1480002.1413556719, "ycoord": 83858.030223331196, "COMMENTS": null, "CL_2010": "Y", "deci_x": -77.616380238000005, "deci_y": 39.4903983162 }, "geometry": { "type": "Point", "coordinates": [ 1480002.141355671454221, 83858.030223331195884 ] } },
{ "type": "Feature", "properties": { "siteID": "APPA-47374", "xcoord": 1482998.200905385, "ycoord": 107321.96371805909, "COMMENTS": null, "CL_2010": "Y", "deci_x": -77.524006685800003, "deci_y": 39.680744819099999 }, "geometry": { "type": "Point", "coordinates": [ 1482998.200905384961516, 107321.963718059079838 ] } },
{ "type": "Feature", "properties": { "siteID": "APPA-47450", "xcoord": 1482658.1202319721, "ycoord": 102435.5753254343, "COMMENTS": null, "CL_2010": "Y", "deci_x": -77.5398426685, "deci_y": 39.640647782199999 }, "geometry": { "type": "Point", "coordinates": [ 1482658.120231971843168, 102435.575325434314436 ] } },
{ "type": "Feature", "properties": { "siteID": "APPA-47498", "xcoord": 1479749.254171592, "ycoord": 75568.963289594787, "COMMENTS": null, "CL_2010": "Y", "deci_x": -77.639136824700003, "deci_y": 39.421815017199997 }, "geometry": { "type": "Point", "coordinates": [ 1479749.254171592183411, 75568.963289594787057 ] } },
{ "type": "Feature", "properties": { "siteID": "APPA-47514", "xcoord": 1479185.351539473, "ycoord": 86014.284811525315, "COMMENTS": null, "CL_2010": "Y", "deci_x": -77.621145665200004, "deci_y": 39.509680184399997 }, "geometry": { "type": "Point", "coordinates": [ 1479185.351539472816512, 86014.284811525314581 ] } },
{ "type": "Feature", "properties": { "siteID": "APPA-47578", "xcoord": 1479653.4970491801, "ycoord": 80608.698000052493, "COMMENTS": null, "CL_2010": "Y", "deci_x": -77.628327561299997, "deci_y": 39.463922276799998 }, "geometry": { "type": "Point", "coordinates": [ 1479653.497049180325121, 80608.698000052478164 ] } },
{ "type": "Feature", "properties": { "siteID": "APPA-47630", "xcoord": 1482304.402763336, "ycoord": 108630.0555984174, "COMMENTS": null, "CL_2010": "Y", "deci_x": -77.529297939800003, "deci_y": 39.692767147300003 }, "geometry": { "type": "Point", "coordinates": [ 1482304.402763335732743, 108630.055598417369765 ] } },
{ "type": "Feature", "properties": { "siteID": "APPA-47706", "xcoord": 1480721.385547328, "ycoord": 99850.232689221972, "COMMENTS": null, "CL_2010": "Y", "deci_x": -77.569532448299995, "deci_y": 39.6223114342 }, "geometry": { "type": "Point", "coordinates": [ 1480721.385547328041866, 99850.232689221971668 ] } },
{ "type": "Feature", "properties": { "siteID": "APPA-47754", "xcoord": 1480007.252603736, "ycoord": 73896.563809904881, "COMMENTS": null, "CL_2010": "Y", "deci_x": -77.639983987600004, "deci_y": 39.407472039799998 }, "geometry": { "type": "Point", "coordinates": [ 1480007.252603736007586, 73896.563809904881055 ] } },
{ "type": "Feature", "properties": { "siteID": "APPA-47770", "xcoord": 1479321.3964176499, "ycoord": 84741.657288100439, "COMMENTS": null, "CL_2010": "Y", "deci_x": -77.6225244866, "deci_y": 39.498865534899998 }, "geometry": { "type": "Point", "coordinates": [ 1479321.396417650161311, 84741.657288100439473 ] } },
{ "type": "Feature", "properties": { "siteID": "APPA-47898", "xcoord": 1480435.5103232428, "ycoord": 95194.696957814871, "COMMENTS": null, "CL_2010": "Y", "deci_x": -77.584117834500006, "deci_y": 39.584038830600001 }, "geometry": { "type": "Point", "coordinates": [ 1480435.510323242750019, 95194.696957814870984 ] } },
{ "type": "Feature", "properties": { "siteID": "APPA-47962", "xcoord": 1482018.7484719427, "ycoord": 101495.0376447945, "COMMENTS": null, "CL_2010": "Y", "deci_x": -77.549854220499995, "deci_y": 39.6338709276 }, "geometry": { "type": "Point", "coordinates": [ 1482018.74847194342874, 101495.037644794472726 ] } },
{ "type": "Feature", "properties": { "siteID": "APPA-48010", "xcoord": 1479269.3512322661, "ycoord": 68120.095453508096, "COMMENTS": null, "CL_2010": "Y", "deci_x": -77.662600295800004, "deci_y": 39.36058746 }, "geometry": { "type": "Point", "coordinates": [ 1479269.351232265820727, 68120.095453508096398 ] } },
{ "type": "Feature", "properties": { "siteID": "APPA-48026", "xcoord": 1479730.1727566831, "ycoord": 78324.081346648818, "COMMENTS": null, "CL_2010": "Y", "deci_x": -77.632826684500003, "deci_y": 39.444780217500004 }, "geometry": { "type": "Point", "coordinates": [ 1479730.172756682848558, 78324.081346648817998 ] } },
{ "type": "Feature", "properties": { "siteID": "APPA-48142", "xcoord": 1482502.816030931, "ycoord": 105335.5062433166, "COMMENTS": null, "CL_2010": "Y", "deci_x": -77.534783363800003, "deci_y": 39.665030939899999 }, "geometry": { "type": "Point", "coordinates": [ 1482502.816030931193382, 105335.506243316602195 ] } },
{ "type": "Feature", "properties": { "siteID": "APPA-48154", "xcoord": 1476628.5696960369, "ycoord": 63411.04748769485, "COMMENTS": "C&O Canal", "CL_2010": "Y", "deci_x": -77.705654135200007, "deci_y": 39.325682072299998 }, "geometry": { "type": "Point", "coordinates": [ 1476628.569696036865935, 63411.047487694850133 ] } },
{ "type": "Feature", "properties": { "siteID": "APPA-48218", "xcoord": 1480470.7389961029, "ycoord": 91306.452677210211, "COMMENTS": null, "CL_2010": "Y", "deci_x": -77.592964614699994, "deci_y": 39.551623188400001 }, "geometry": { "type": "Point", "coordinates": [ 1480470.738996103405952, 91306.452677210210823 ] } },
{ "type": "Feature", "properties": { "siteID": "APPA-48282", "xcoord": 1480247.654335889, "ycoord": 90026.899560075442, "COMMENTS": null, "CL_2010": "Y", "deci_x": -77.598718592400004, "deci_y": 39.541339349200001 }, "geometry": { "type": "Point", "coordinates": [ 1480247.654335888568312, 90026.899560075442423 ] } },
{ "type": "Feature", "properties": { "siteID": "APPA-48330", "xcoord": 1478470.70112568, "ycoord": 64756.122324984834, "COMMENTS": null, "CL_2010": "Y", "deci_x": -77.680214508299997, "deci_y": 39.333882060400001 }, "geometry": { "type": "Point", "coordinates": [ 1478470.701125680236146, 64756.122324984826264 ] } },
{ "type": "Feature", "properties": { "siteID": "APPA-48346", "xcoord": 1480010.2744363951, "ycoord": 83845.653159560752, "COMMENTS": null, "CL_2010": "Y", "deci_x": -77.616311169900001, "deci_y": 39.490282004400001 }, "geometry": { "type": "Point", "coordinates": [ 1480010.274436394916847, 83845.653159560752101 ] } },
{ "type": "Feature", "properties": { "siteID": "APPA-48398", "xcoord": 1482624.6584710451, "ycoord": 109879.9175618052, "COMMENTS": null, "CL_2010": "Y", "deci_x": -77.522410176799994, "deci_y": 39.7026396666 }, "geometry": { "type": "Point", "coordinates": [ 1482624.658471045084298, 109879.91756180516677 ] } },
{ "type": "Feature", "properties": { "siteID": "APPA-48474", "xcoord": 1482644.277700203, "ycoord": 103086.67596843558, "COMMENTS": null, "CL_2010": "Y", "deci_x": -77.538451818400006, "deci_y": 39.646087925499998 }, "geometry": { "type": "Point", "coordinates": [ 1482644.277700203238055, 103086.675968435563846 ] } },
{ "type": "Feature", "properties": { "siteID": "APPA-48522", "xcoord": 1479766.8570288669, "ycoord": 74766.555278807544, "COMMENTS": null, "CL_2010": "Y", "deci_x": -77.640828033700004, "deci_y": 39.41510673 }, "geometry": { "type": "Point", "coordinates": [ 1479766.857028867118061, 74766.5552788075438 ] } },
{ "type": "Feature", "properties": { "siteID": "APPA-48538", "xcoord": 1479226.4148877859, "ycoord": 86467.789172722405, "COMMENTS": null, "CL_2010": "Y", "deci_x": -77.619569242400004, "deci_y": 39.513387643000002 }, "geometry": { "type": "Point", "coordinates": [ 1479226.414887786144391, 86467.789172722405056 ] } },
{ "type": "Feature", "properties": { "siteID": "APPA-48654", "xcoord": 1482973.0972703651, "ycoord": 111019.3355155368, "COMMENTS": null, "CL_2010": "Y", "deci_x": -77.515442906399997, "deci_y": 39.7115466037 }, "geometry": { "type": "Point", "coordinates": [ 1482973.097270364640281, 111019.335515536746243 ] } },
{ "type": "Feature", "properties": { "siteID": "APPA-48730", "xcoord": 1480598.9282753849, "ycoord": 98817.023771929729, "COMMENTS": null, "CL_2010": "Y", "deci_x": -77.573486954100005, "deci_y": 39.613914500200003 }, "geometry": { "type": "Point", "coordinates": [ 1480598.928275384707376, 98817.023771929729264 ] } },
{ "type": "Feature", "properties": { "siteID": "APPA-48778", "xcoord": 1479937.9729525449, "ycoord": 72597.466438137868, "COMMENTS": null, "CL_2010": "Y", "deci_x": -77.643903821400002, "deci_y": 39.396770705000002 }, "geometry": { "type": "Point", "coordinates": [ 1479937.972952544456348, 72597.466438137867954 ] } },
{ "type": "Feature", "properties": { "siteID": "APPA-48794", "xcoord": 1480040.6796398261, "ycoord": 78760.876340712493, "COMMENTS": null, "CL_2010": "Y", "deci_x": -77.628030639299993, "deci_y": 39.447908868200003 }, "geometry": { "type": "Point", "coordinates": [ 1480040.679639826295897, 78760.876340712493402 ] } },
{ "type": "Feature", "properties": { "siteID": "APPA-48922", "xcoord": 1480214.123765277, "ycoord": 94444.062204106827, "COMMENTS": null, "CL_2010": "Y", "deci_x": -77.588593835099999, "deci_y": 39.578154597500003 }, "geometry": { "type": "Point", "coordinates": [ 1480214.123765276977792, 94444.062204106841818 ] } },
{ "type": "Feature", "properties": { "siteID": "APPA-48986", "xcoord": 1481642.9376962979, "ycoord": 100906.5081196617, "COMMENTS": null, "CL_2010": "Y", "deci_x": -77.555823227199994, "deci_y": 39.629590210300002 }, "geometry": { "type": "Point", "coordinates": [ 1481642.937696298118681, 100906.508119661724777 ] } },
{ "type": "Feature", "properties": { "siteID": "APPA-49034", "xcoord": 1479490.524368264, "ycoord": 68997.172858582533, "COMMENTS": null, "CL_2010": "Y", "deci_x": -77.657848935800004, "deci_y": 39.36752864 }, "geometry": { "type": "Point", "coordinates": [ 1479490.52436826354824, 68997.172858582533081 ] } },
{ "type": "Feature", "properties": { "siteID": "APPA-49050", "xcoord": 1480444.878826173, "ycoord": 79058.142011271542, "COMMENTS": null, "CL_2010": "Y", "deci_x": -77.622431573599997, "deci_y": 39.449722827099997 }, "geometry": { "type": "Point", "coordinates": [ 1480444.878826172556728, 79058.142011271542287 ] } },
{ "type": "Feature", "properties": { "siteID": "APPA-49178", "xcoord": 1477475.248174306, "ycoord": 63343.51609637987, "COMMENTS": "C&O Canal", "CL_2010": "Y", "deci_x": -77.695582677700003, "deci_y": 39.323741777000002 }, "geometry": { "type": "Point", "coordinates": [ 1477475.248174305539578, 63343.51609637986985 ] } },
{ "type": "Feature", "properties": { "siteID": "APPA-49242", "xcoord": 1480226.423254353, "ycoord": 94035.171776961608, "COMMENTS": null, "CL_2010": "Y", "deci_x": -77.589420032800007, "deci_y": 39.5747317095 }, "geometry": { "type": "Point", "coordinates": [ 1480226.423254352994263, 94035.171776961607975 ] } },
{ "type": "Feature", "properties": { "siteID": "APPA-49306", "xcoord": 1481122.805645406, "ycoord": 100825.8531560539, "COMMENTS": null, "CL_2010": "Y", "deci_x": -77.562328815699999, "deci_y": 39.629771777800002 }, "geometry": { "type": "Point", "coordinates": [ 1481122.805645406246185, 100825.853156053941348 ] } },
{ "type": "Feature", "properties": { "siteID": "APPA-49354", "xcoord": 1479409.6811447139, "ycoord": 68722.240435823056, "COMMENTS": null, "CL_2010": "Y", "deci_x": -77.659477624199994, "deci_y": 39.3653716313 }, "geometry": { "type": "Point", "coordinates": [ 1479409.681144713889807, 68722.240435823056032 ] } },
{ "type": "Feature", "properties": { "siteID": "APPA-49370", "xcoord": 1480070.553916822, "ycoord": 79740.988382022682, "COMMENTS": null, "CL_2010": "Y", "deci_x": -77.625340235799996, "deci_y": 39.456018327199999 }, "geometry": { "type": "Point", "coordinates": [ 1480070.553916822420433, 79740.988382022682345 ] } },
{ "type": "Feature", "properties": { "siteID": "APPA-49422", "xcoord": 1482821.1202256081, "ycoord": 106387.2994027743, "COMMENTS": null, "CL_2010": "Y", "deci_x": -77.528397800999997, "deci_y": 39.673259333099999 }, "geometry": { "type": "Point", "coordinates": [ 1482821.120225608348846, 106387.299402774253394 ] } },
{ "type": "Feature", "properties": { "siteID": "APPA-49434", "xcoord": 1477323.8392298259, "ycoord": 63386.450702631693, "COMMENTS": "C&O Canal", "CL_2010": "Y", "deci_x": -77.697310783700004, "deci_y": 39.324345743899997 }, "geometry": { "type": "Point", "coordinates": [ 1477323.839229825884104, 63386.450702631693275 ] } },
{ "type": "Feature", "properties": { "siteID": "APPA-49498", "xcoord": 1480211.2398745501, "ycoord": 91969.672302516803, "COMMENTS": null, "CL_2010": "Y", "deci_x": -77.594529590099995, "deci_y": 39.5575673118 }, "geometry": { "type": "Point", "coordinates": [ 1480211.239874550141394, 91969.672302516803029 ] } },
{ "type": "Feature", "properties": { "siteID": "APPA-49546", "xcoord": 1479672.0122286261, "ycoord": 76104.315352155347, "COMMENTS": null, "CL_2010": "Y", "deci_x": -77.638800869199997, "deci_y": 39.4263975673 }, "geometry": { "type": "Point", "coordinates": [ 1479672.012228626059368, 76104.315352155346773 ] } },
{ "type": "Feature", "properties": { "siteID": "APPA-49562", "xcoord": 1480250.055005847, "ycoord": 89985.279088821713, "COMMENTS": null, "CL_2010": "Y", "deci_x": -77.598788668300003, "deci_y": 39.540989037599999 }, "geometry": { "type": "Point", "coordinates": [ 1480250.055005847243592, 89985.279088821713231 ] } },
{ "type": "Feature", "properties": { "siteID": "APPA-49610", "xcoord": 1478684.0827940188, "ycoord": 64575.001153389021, "COMMENTS": null, "CL_2010": "Y", "deci_x": -77.6780642202, "deci_y": 39.332026372800001 }, "geometry": { "type": "Point", "coordinates": [ 1478684.082794018555433, 64575.001153389021056 ] } },
{ "type": "Feature", "properties": { "siteID": "APPA-49626", "xcoord": 1480269.8717763191, "ycoord": 83651.777782833466, "COMMENTS": null, "CL_2010": "Y", "deci_x": -77.6136281263, "deci_y": 39.488243961400002 }, "geometry": { "type": "Point", "coordinates": [ 1480269.871776318643242, 83651.777782833465608 ] } },
{ "type": "Feature", "properties": { "siteID": "APPA-49678", "xcoord": 1482553.348011822, "ycoord": 109400.391355849, "COMMENTS": null, "CL_2010": "Y", "deci_x": -77.524426613700001, "deci_y": 39.698767322199998 }, "geometry": { "type": "Point", "coordinates": [ 1482553.348011821974069, 109400.391355848958483 ] } },
{ "type": "Feature", "properties": { "siteID": "APPA-49754", "xcoord": 1482701.6597156797, "ycoord": 102831.7589110245, "COMMENTS": null, "CL_2010": "Y", "deci_x": -77.538365619800004, "deci_y": 39.643872744699998 }, "geometry": { "type": "Point", "coordinates": [ 1482701.659715680172667, 102831.758911024502595 ] } },
{ "type": "Feature", "properties": { "siteID": "APPA-49802", "xcoord": 1479869.974603947, "ycoord": 71904.862276217187, "COMMENTS": null, "CL_2010": "Y", "deci_x": -77.646368813099997, "deci_y": 39.391115964299999 }, "geometry": { "type": "Point", "coordinates": [ 1479869.974603947252035, 71904.862276217187173 ] } },
{ "type": "Feature", "properties": { "siteID": "APPA-49818", "xcoord": 1479234.040459712, "ycoord": 86495.760512685243, "COMMENTS": null, "CL_2010": "Y", "deci_x": -77.619410297100004, "deci_y": 39.513607987999997 }, "geometry": { "type": "Point", "coordinates": [ 1479234.040459712035954, 86495.760512685243157 ] } },
{ "type": "Feature", "properties": { "siteID": "APPA-49934", "xcoord": 1483354.6259276541, "ycoord": 111329.5391066811, "COMMENTS": null, "CL_2010": "Y", "deci_x": -77.510062375100006, "deci_y": 39.713500320800001 }, "geometry": { "type": "Point", "coordinates": [ 1483354.625927653629333, 111329.539106681069825 ] } },
{ "type": "Feature", "properties": { "siteID": "APPA-50010", "xcoord": 1480486.7983831151, "ycoord": 98279.158285612037, "COMMENTS": null, "CL_2010": "Y", "deci_x": -77.576132210200001, "deci_y": 39.609622412100002 }, "geometry": { "type": "Point", "coordinates": [ 1480486.798383115325123, 98279.158285612036707 ] } },
{ "type": "Feature", "properties": { "siteID": "APPA-50058", "xcoord": 1480021.4417129769, "ycoord": 73016.844824781074, "COMMENTS": null, "CL_2010": "Y", "deci_x": -77.641899429299997, "deci_y": 39.4001256158 }, "geometry": { "type": "Point", "coordinates": [ 1480021.441712976898998, 73016.844824781073839 ] } },
{ "type": "Feature", "properties": { "siteID": "APPA-50074", "xcoord": 1480356.520508778, "ycoord": 78754.726782478014, "COMMENTS": null, "CL_2010": "Y", "deci_x": -77.6242221336, "deci_y": 39.447341647899997 }, "geometry": { "type": "Point", "coordinates": [ 1480356.52050877828151, 78754.726782478013774 ] } },
{ "type": "Feature", "properties": { "siteID": "APPA-50190", "xcoord": 1482469.353749031, "ycoord": 104563.0808406638, "COMMENTS": null, "CL_2010": "Y", "deci_x": -77.5370398771, "deci_y": 39.658659145100003 }, "geometry": { "type": "Point", "coordinates": [ 1482469.353749030735344, 104563.080840663766139 ] } },
{ "type": "Feature", "properties": { "siteID": "APPA-50202", "xcoord": 1478156.6067922839, "ycoord": 64291.184155932162, "COMMENTS": null, "CL_2010": "Y", "deci_x": -77.685109566400001, "deci_y": 39.33052268 }, "geometry": { "type": "Point", "coordinates": [ 1478156.606792284175754, 64291.184155932154681 ] } },
{ "type": "Feature", "properties": { "siteID": "APPA-50266", "xcoord": 1480531.9562377897, "ycoord": 95498.145601211669, "COMMENTS": null, "CL_2010": "Y", "deci_x": -77.582223867099998, "deci_y": 39.586406136199997 }, "geometry": { "type": "Point", "coordinates": [ 1480531.956237789709121, 95498.145601211668691 ] } },
{ "type": "Feature", "properties": { "siteID": "APPA-50330", "xcoord": 1480795.742739582, "ycoord": 100459.19638675419, "COMMENTS": null, "CL_2010": "Y", "deci_x": -77.567174738800006, "deci_y": 39.627256841700003 }, "geometry": { "type": "Point", "coordinates": [ 1480795.742739581502974, 100459.196386754207197 ] } },
{ "type": "Feature", "properties": { "siteID": "APPA-50378", "xcoord": 1479019.2306196149, "ycoord": 66794.122141088679, "COMMENTS": null, "CL_2010": "Y", "deci_x": -77.668763138599999, "deci_y": 39.3499559499 }, "geometry": { "type": "Point", "coordinates": [ 1479019.230619615409523, 66794.1221410886792 ] } },
{ "type": "Feature", "properties": { "siteID": "APPA-50394", "xcoord": 1479946.4156122352, "ycoord": 79983.019395071518, "COMMENTS": null, "CL_2010": "Y", "deci_x": -77.626267951299994, "deci_y": 39.458235754199997 }, "geometry": { "type": "Point", "coordinates": [ 1479946.415612234501168, 79983.019395071518375 ] } },
{ "type": "Feature", "properties": { "siteID": "APPA-50446", "xcoord": 1482206.2642989389, "ycoord": 103592.785504188, "COMMENTS": null, "CL_2010": "Y", "deci_x": -77.542557480300005, "deci_y": 39.651017716600002 }, "geometry": { "type": "Point", "coordinates": [ 1482206.264298938913271, 103592.785504187952029 ] } },
{ "type": "Feature", "properties": { "siteID": "APPA-50522", "xcoord": 1479944.3329656711, "ycoord": 92365.545122370677, "COMMENTS": null, "CL_2010": "Y", "deci_x": -77.596822004800003, "deci_y": 39.561298585000003 }, "geometry": { "type": "Point", "coordinates": [ 1479944.332965671084821, 92365.545122370676836 ] } },
{ "type": "Feature", "properties": { "siteID": "APPA-50570", "xcoord": 1479550.0260617889, "ycoord": 76732.999255483053, "COMMENTS": null, "CL_2010": "Y", "deci_x": -77.638784809100002, "deci_y": 39.431830063200003 }, "geometry": { "type": "Point", "coordinates": [ 1479550.026061789132655, 76732.999255483053275 ] } },
{ "type": "Feature", "properties": { "siteID": "APPA-50586", "xcoord": 1479421.171226627, "ycoord": 88296.640076408657, "COMMENTS": null, "CL_2010": "Y", "deci_x": -77.612856771699995, "deci_y": 39.5282907223 }, "geometry": { "type": "Point", "coordinates": [ 1479421.17122662672773, 88296.640076408657478 ] } },
{ "type": "Feature", "properties": { "siteID": "APPA-50634", "xcoord": 1478872.711510051, "ycoord": 66345.492921175653, "COMMENTS": null, "CL_2010": "Y", "deci_x": -77.6715959191, "deci_y": 39.346459686599999 }, "geometry": { "type": "Point", "coordinates": [ 1478872.711510050809011, 66345.492921175653464 ] } },
{ "type": "Feature", "properties": { "siteID": "APPA-50650", "xcoord": 1480274.060997352, "ycoord": 81357.910355007043, "COMMENTS": null, "CL_2010": "Y", "deci_x": -77.619032935099995, "deci_y": 39.469144419899997 }, "geometry": { "type": "Point", "coordinates": [ 1480274.06099735153839, 81357.910355007043108 ] } },
{ "type": "Feature", "properties": { "siteID": "APPA-50702", "xcoord": 1482312.776666892, "ycoord": 108616.2474707045, "COMMENTS": null, "CL_2010": "Y", "deci_x": -77.529229317599999, "deci_y": 39.692638518000003 }, "geometry": { "type": "Point", "coordinates": [ 1482312.776666892226785, 108616.247470704533043 ] } },
{ "type": "Feature", "properties": { "siteID": "APPA-50778", "xcoord": 1482639.764138961, "ycoord": 101758.3106277421, "COMMENTS": null, "CL_2010": "Y", "deci_x": -77.541686718700007, "deci_y": 39.6350427267 }, "geometry": { "type": "Point", "coordinates": [ 1482639.764138960745186, 101758.3106277420884 ] } },
{ "type": "Feature", "properties": { "siteID": "APPA-50826", "xcoord": 1479814.2468127401, "ycoord": 71586.622087034237, "COMMENTS": null, "CL_2010": "Y", "deci_x": -77.647797401999995, "deci_y": 39.388557635200002 }, "geometry": { "type": "Point", "coordinates": [ 1479814.246812739875168, 71586.622087034236756 ] } },
{ "type": "Feature", "properties": { "siteID": "APPA-50842", "xcoord": 1479927.960255553, "ycoord": 84010.531034500134, "COMMENTS": null, "CL_2010": "Y", "deci_x": -77.616915991699997, "deci_y": 39.491788873099999 }, "geometry": { "type": "Point", "coordinates": [ 1479927.960255552781746, 84010.53103450013441 ] } },
{ "type": "Feature", "properties": { "siteID": "APPA-50890", "xcoord": 1475575.7713586499, "ycoord": 62992.387325554693, "COMMENTS": "C&O Canal", "CL_2010": "Y", "deci_x": -77.719364334900007, "deci_y": 39.323908435900002 }, "geometry": { "type": "Point", "coordinates": [ 1475575.771358649712056, 62992.387325554693234 ] } },
{ "type": "Feature", "properties": { "siteID": "APPA-50958", "xcoord": 1482934.7855482169, "ycoord": 110603.1812756209, "COMMENTS": null, "CL_2010": "Y", "deci_x": -77.516907033300001, "deci_y": 39.708147404400002 }, "geometry": { "type": "Point", "coordinates": [ 1482934.785548217128962, 110603.181275620867382 ] } },
{ "type": "Feature", "properties": { "siteID": "APPA-51034", "xcoord": 1480552.219438513, "ycoord": 97228.042737708063, "COMMENTS": null, "CL_2010": "Y", "deci_x": -77.577848519, "deci_y": 39.6007684705 }, "geometry": { "type": "Point", "coordinates": [ 1480552.219438512809575, 97228.042737708048662 ] } },
{ "type": "Feature", "properties": { "siteID": "APPA-51082", "xcoord": 1479746.5323676909, "ycoord": 70441.208204739087, "COMMENTS": null, "CL_2010": "Y", "deci_x": -77.651331634599998, "deci_y": 39.3791326889 }, "geometry": { "type": "Point", "coordinates": [ 1479746.532367690699175, 70441.208204739086796 ] } },
{ "type": "Feature", "properties": { "siteID": "APPA-51098", "xcoord": 1479544.4149830679, "ycoord": 77605.264830166547, "COMMENTS": null, "CL_2010": "Y", "deci_x": -77.636781959299995, "deci_y": 39.439100110299997 }, "geometry": { "type": "Point", "coordinates": [ 1479544.414983067661524, 77605.264830166546744 ] } },
{ "type": "Feature", "properties": { "siteID": "APPA-51214", "xcoord": 1482568.9264977477, "ycoord": 104830.90664983251, "COMMENTS": null, "CL_2010": "Y", "deci_x": -77.535189383100004, "deci_y": 39.660724078800001 }, "geometry": { "type": "Point", "coordinates": [ 1482568.926497748121619, 104830.906649832511903 ] } },
{ "type": "Feature", "properties": { "siteID": "APPA-51226", "xcoord": 1478354.657768087, "ycoord": 64241.918000253478, "COMMENTS": null, "CL_2010": "Y", "deci_x": -77.682832750200006, "deci_y": 39.329789864799999 }, "geometry": { "type": "Point", "coordinates": [ 1478354.657768086530268, 64241.918000253477658 ] } },
{ "type": "Feature", "properties": { "siteID": "APPA-51290", "xcoord": 1480566.585744913, "ycoord": 96310.861975745167, "COMMENTS": null, "CL_2010": "Y", "deci_x": -77.579863948899998, "deci_y": 39.593112577299998 }, "geometry": { "type": "Point", "coordinates": [ 1480566.585744913201779, 96310.861975745167001 ] } },
{ "type": "Feature", "properties": { "siteID": "APPA-51354", "xcoord": 1479807.4678325159, "ycoord": 89248.712802294045, "COMMENTS": null, "CL_2010": "Y", "deci_x": -77.605907898699996, "deci_y": 39.535582902599998 }, "geometry": { "type": "Point", "coordinates": [ 1479807.467832516413182, 89248.712802294030553 ] } },
{ "type": "Feature", "properties": { "siteID": "APPA-51402", "xcoord": 1478764.502627732, "ycoord": 65469.806121073452, "COMMENTS": null, "CL_2010": "Y", "deci_x": -77.674975737599993, "deci_y": 39.339345331700002 }, "geometry": { "type": "Point", "coordinates": [ 1478764.502627732232213, 65469.806121073444956 ] } },
{ "type": "Feature", "properties": { "siteID": "APPA-51418", "xcoord": 1479978.4323079749, "ycoord": 82820.366172946742, "COMMENTS": null, "CL_2010": "Y", "deci_x": -77.619135374099997, "deci_y": 39.481800264199997 }, "geometry": { "type": "Point", "coordinates": [ 1479978.43230797490105, 82820.366172946742154 ] } },
{ "type": "Feature", "properties": { "siteID": "APPA-51470", "xcoord": 1482924.1386950321, "ycoord": 106937.32656958319, "COMMENTS": null, "CL_2010": "Y", "deci_x": -77.525828301999994, "deci_y": 39.6776663367 }, "geometry": { "type": "Point", "coordinates": [ 1482924.138695031870157, 106937.326569583208766 ] } },
{ "type": "Feature", "properties": { "siteID": "APPA-51546", "xcoord": 1479720.491726242, "ycoord": 93045.856454516645, "COMMENTS": null, "CL_2010": "Y", "deci_x": -77.597914428899998, "deci_y": 39.5673264984 }, "geometry": { "type": "Point", "coordinates": [ 1479720.491726241540164, 93045.85645451664459 ] } },
{ "type": "Feature", "properties": { "siteID": "APPA-51594", "xcoord": 1479765.6168442401, "ycoord": 75108.059807464466, "COMMENTS": null, "CL_2010": "Y", "deci_x": -77.640032657899994, "deci_y": 39.4179515768 }, "geometry": { "type": "Point", "coordinates": [ 1479765.616844240343198, 75108.059807464465848 ] } },
{ "type": "Feature", "properties": { "siteID": "APPA-51610", "xcoord": 1479304.2011562509, "ycoord": 87822.853993091296, "COMMENTS": null, "CL_2010": "Y", "deci_x": -77.615402093900002, "deci_y": 39.524538686299998 }, "geometry": { "type": "Point", "coordinates": [ 1479304.201156250899658, 87822.853993091295706 ] } },
{ "type": "Feature", "properties": { "siteID": "APPA-51674", "xcoord": 1480286.967393836, "ycoord": 81862.111578609896, "COMMENTS": null, "CL_2010": "Y", "deci_x": -77.617677772799993, "deci_y": 39.473320030300002 }, "geometry": { "type": "Point", "coordinates": [ 1480286.967393835540861, 81862.111578609896242 ] } },
{ "type": "Feature", "properties": { "siteID": "APPA-51726", "xcoord": 1482820.644288217, "ycoord": 108831.7226174158, "COMMENTS": null, "CL_2010": "Y", "deci_x": -77.522543185499998, "deci_y": 39.693597206900002 }, "geometry": { "type": "Point", "coordinates": [ 1482820.644288216717541, 108831.722617415827699 ] } },
{ "type": "Feature", "properties": { "siteID": "APPA-51802", "xcoord": 1480668.5771067678, "ycoord": 99347.268279521886, "COMMENTS": null, "CL_2010": "Y", "deci_x": -77.571375062000001, "deci_y": 39.618212698500002 }, "geometry": { "type": "Point", "coordinates": [ 1480668.577106767566875, 99347.268279521886143 ] } },
{ "type": "Feature", "properties": { "siteID": "APPA-51850", "xcoord": 1479996.6154639269, "ycoord": 73920.224799209886, "COMMENTS": null, "CL_2010": "Y", "deci_x": -77.640056529800006, "deci_y": 39.407686372699999 }, "geometry": { "type": "Point", "coordinates": [ 1479996.615463926456869, 73920.224799209885532 ] } },
{ "type": "Feature", "properties": { "siteID": "APPA-51866", "xcoord": 1479260.1112642961, "ycoord": 85009.79840604958, "COMMENTS": null, "CL_2010": "Y", "deci_x": -77.622629189099996, "deci_y": 39.501197485500001 }, "geometry": { "type": "Point", "coordinates": [ 1479260.111264296108857, 85009.79840604958008 ] } },
{ "type": "Feature", "properties": { "siteID": "APPA-51994", "xcoord": 1480503.2995106319, "ycoord": 95265.703018819899, "COMMENTS": null, "CL_2010": "Y", "deci_x": -77.583126178300006, "deci_y": 39.584518734299998 }, "geometry": { "type": "Point", "coordinates": [ 1480503.299510631710291, 95265.703018819898716 ] } },
{ "type": "Feature", "properties": { "siteID": "APPA-52058", "xcoord": 1481815.3599121021, "ycoord": 101376.0754480941, "COMMENTS": null, "CL_2010": "Y", "deci_x": -77.552607404599996, "deci_y": 39.633214644399999 }, "geometry": { "type": "Point", "coordinates": [ 1481815.359912101645023, 101376.075448094052263 ] } },
{ "type": "Feature", "properties": { "siteID": "APPA-52106", "xcoord": 1479748.8396387419, "ycoord": 69938.366237833136, "COMMENTS": null, "CL_2010": "Y", "deci_x": -77.652495506600005, "deci_y": 39.374942762499998 }, "geometry": { "type": "Point", "coordinates": [ 1479748.839638742152601, 69938.366237833135528 ] } },
{ "type": "Feature", "properties": { "siteID": "APPA-52122", "xcoord": 1479732.6387338799, "ycoord": 78305.962666351159, "COMMENTS": null, "CL_2010": "Y", "deci_x": -77.632839867200005, "deci_y": 39.444625370300002 }, "geometry": { "type": "Point", "coordinates": [ 1479732.638733880361542, 78305.962666351173539 ] } },
{ "type": "Feature", "properties": { "siteID": "APPA-52238", "xcoord": 1482486.2328131259, "ycoord": 105223.6389470181, "COMMENTS": null, "CL_2010": "Y", "deci_x": -77.535252710999998, "deci_y": 39.664127408600002 }, "geometry": { "type": "Point", "coordinates": [ 1482486.232813125476241, 105223.63894701807294 ] } },
{ "type": "Feature", "properties": { "siteID": "APPA-52250", "xcoord": 1476110.378847712, "ycoord": 63227.695191711035, "COMMENTS": "C&O Canal", "CL_2010": "Y", "deci_x": -77.712348819300004, "deci_y": 39.3249983806 }, "geometry": { "type": "Point", "coordinates": [ 1476110.378847712418064, 63227.695191711027292 ] } },
{ "type": "Feature", "properties": { "siteID": "APPA-52314", "xcoord": 1480339.0094787057, "ycoord": 90777.15075519745, "COMMENTS": null, "CL_2010": "Y", "deci_x": -77.595823236800001, "deci_y": 39.547433753500002 }, "geometry": { "type": "Point", "coordinates": [ 1480339.00947870593518, 90777.150755197450053 ] } },
{ "type": "Feature", "properties": { "siteID": "APPA-52378", "xcoord": 1480157.307329895, "ycoord": 89823.852886428009, "COMMENTS": null, "CL_2010": "Y", "deci_x": -77.600297509599997, "deci_y": 39.539797308399997 }, "geometry": { "type": "Point", "coordinates": [ 1480157.307329895207658, 89823.852886428008787 ] } },
{ "type": "Feature", "properties": { "siteID": "APPA-52426", "xcoord": 1478786.5165889829, "ycoord": 64966.459155152603, "COMMENTS": null, "CL_2010": "Y", "deci_x": -77.675900423499996, "deci_y": 39.335118679899999 }, "geometry": { "type": "Point", "coordinates": [ 1478786.516588983125985, 64966.459155152595486 ] } },
{ "type": "Feature", "properties": { "siteID": "APPA-52442", "xcoord": 1480067.699822227, "ycoord": 83445.879897219827, "COMMENTS": null, "CL_2010": "Y", "deci_x": -77.616566563099994, "deci_y": 39.486860716800003 }, "geometry": { "type": "Point", "coordinates": [ 1480067.699822227004915, 83445.879897219827399 ] } },
{ "type": "Feature", "properties": { "siteID": "APPA-52494", "xcoord": 1482992.307258429, "ycoord": 107845.2893714973, "COMMENTS": null, "CL_2010": "Y", "deci_x": -77.522823490899995, "deci_y": 39.685108443200001 }, "geometry": { "type": "Point", "coordinates": [ 1482992.307258429238573, 107845.289371497245156 ] } },
{ "type": "Feature", "properties": { "siteID": "APPA-52570", "xcoord": 1482691.027777323, "ycoord": 102508.80112091429, "COMMENTS": null, "CL_2010": "Y", "deci_x": -77.5392679152, "deci_y": 39.64120305 }, "geometry": { "type": "Point", "coordinates": [ 1482691.027777323033661, 102508.801120914315106 ] } },
{ "type": "Feature", "properties": { "siteID": "APPA-52618", "xcoord": 1479820.9397576349, "ycoord": 74525.713807401684, "COMMENTS": null, "CL_2010": "Y", "deci_x": -77.640745180400003, "deci_y": 39.4130135642 }, "geometry": { "type": "Point", "coordinates": [ 1479820.93975763511844, 74525.71380740168388 ] } },
{ "type": "Feature", "properties": { "siteID": "APPA-52634", "xcoord": 1479185.159429973, "ycoord": 86012.760382574488, "COMMENTS": null, "CL_2010": "Y", "deci_x": -77.621151619100004, "deci_y": 39.509667810300002 }, "geometry": { "type": "Point", "coordinates": [ 1479185.159429973224178, 86012.760382574488176 ] } },
{ "type": "Feature", "properties": { "siteID": "APPA-52750", "xcoord": 1483088.0609428349, "ycoord": 108522.9327669966, "COMMENTS": null, "CL_2010": "Y", "deci_x": -77.520035317999998, "deci_y": 39.690588937500003 }, "geometry": { "type": "Point", "coordinates": [ 1483088.06094283494167, 108522.932766996571445 ] } },
{ "type": "Feature", "properties": { "siteID": "APPA-52826", "xcoord": 1480648.099907767, "ycoord": 99158.062950469335, "COMMENTS": null, "CL_2010": "Y", "deci_x": -77.572075579699998, "deci_y": 39.616671825399997 }, "geometry": { "type": "Point", "coordinates": [ 1480648.099907766561955, 99158.062950469335192 ] } },
{ "type": "Feature", "properties": { "siteID": "APPA-52874", "xcoord": 1480007.3561628759, "ycoord": 73896.39915477387, "COMMENTS": null, "CL_2010": "Y", "deci_x": -77.639983125499995, "deci_y": 39.407470500099997 }, "geometry": { "type": "Point", "coordinates": [ 1480007.356162876356393, 73896.399154773869668 ] } },
{ "type": "Feature", "properties": { "siteID": "APPA-52890", "xcoord": 1479474.5020000029, "ycoord": 84694.364238710245, "COMMENTS": null, "CL_2010": "Y", "deci_x": -77.620782258299997, "deci_y": 39.498221708300001 }, "geometry": { "type": "Point", "coordinates": [ 1479474.502000002656132, 84694.364238710244535 ] } },
{ "type": "Feature", "properties": { "siteID": "APPA-53006", "xcoord": 1483399.359589363, "ycoord": 111844.3998008304, "COMMENTS": null, "CL_2010": "Y", "deci_x": -77.508282746899994, "deci_y": 39.717710027700001 }, "geometry": { "type": "Point", "coordinates": [ 1483399.359589363215491, 111844.399800830389722 ] } },
{ "type": "Feature", "properties": { "siteID": "APPA-53018", "xcoord": 1480215.9429057662, "ycoord": 93888.613237256082, "COMMENTS": null, "CL_2010": "Y", "deci_x": -77.589896703799994, "deci_y": 39.5735292094 }, "geometry": { "type": "Point", "coordinates": [ 1480215.942905766190961, 93888.613237256082357 ] } },
{ "type": "Feature", "properties": { "siteID": "APPA-53082", "xcoord": 1482159.9027386759, "ycoord": 101393.8217758817, "COMMENTS": null, "CL_2010": "Y", "deci_x": -77.548383168399994, "deci_y": 39.632797216100002 }, "geometry": { "type": "Point", "coordinates": [ 1482159.902738675475121, 101393.821775881733629 ] } },
{ "type": "Feature", "properties": { "siteID": "APPA-53130", "xcoord": 1479270.73818408, "ycoord": 68130.63404656839, "COMMENTS": null, "CL_2010": "Y", "deci_x": -77.662558571800005, "deci_y": 39.360672935700002 }, "geometry": { "type": "Point", "coordinates": [ 1479270.738184079527855, 68130.634046568389749 ] } },
{ "type": "Feature", "properties": { "siteID": "APPA-53146", "xcoord": 1480308.306982606, "ycoord": 79510.133710816823, "COMMENTS": null, "CL_2010": "Y", "deci_x": -77.623010643399994, "deci_y": 39.4537082664 }, "geometry": { "type": "Point", "coordinates": [ 1480308.306982605485246, 79510.133710816822713 ] } },
{ "type": "Feature", "properties": { "siteID": "APPA-53262", "xcoord": 1482238.472236708, "ycoord": 103563.32055925411, "COMMENTS": null, "CL_2010": "Y", "deci_x": -77.542237007300002, "deci_y": 39.65071971 }, "geometry": { "type": "Point", "coordinates": [ 1482238.472236707806587, 103563.320559254047112 ] } },
{ "type": "Feature", "properties": { "siteID": "APPA-53274", "xcoord": 1477709.397365151, "ycoord": 63394.842922595322, "COMMENTS": "C&O Canal", "CL_2010": "Y", "deci_x": -77.692632107400001, "deci_y": 39.323787916800001 }, "geometry": { "type": "Point", "coordinates": [ 1477709.39736515074037, 63394.842922595322307 ] } },
{ "type": "Feature", "properties": { "siteID": "APPA-53338", "xcoord": 1480507.6660665141, "ycoord": 95279.340609669773, "COMMENTS": null, "CL_2010": "Y", "deci_x": -77.583040671099994, "deci_y": 39.584625073300003 }, "geometry": { "type": "Point", "coordinates": [ 1480507.666066514328122, 95279.340609669772675 ] } },
{ "type": "Feature", "properties": { "siteID": "APPA-53402", "xcoord": 1480971.363270252, "ycoord": 100607.6369525545, "COMMENTS": null, "CL_2010": "Y", "deci_x": -77.564688498699994, "deci_y": 39.628204217899999 }, "geometry": { "type": "Point", "coordinates": [ 1480971.363270252244547, 100607.636952554472373 ] } },
{ "type": "Feature", "properties": { "siteID": "APPA-53450", "xcoord": 1478974.3560660509, "ycoord": 66687.747065892909, "COMMENTS": null, "CL_2010": "Y", "deci_x": -77.669557334499999, "deci_y": 39.3491434723 }, "geometry": { "type": "Point", "coordinates": [ 1478974.356066050939262, 66687.747065892908722 ] } },
{ "type": "Feature", "properties": { "siteID": "APPA-53466", "xcoord": 1480348.422019484, "ycoord": 79445.556941345771, "COMMENTS": null, "CL_2010": "Y", "deci_x": -77.622678499200006, "deci_y": 39.453105194300001 }, "geometry": { "type": "Point", "coordinates": [ 1480348.422019484220073, 79445.55694134577061 ] } },
{ "type": "Feature", "properties": { "siteID": "APPA-53518", "xcoord": 1482695.7734007579, "ycoord": 106093.88159419681, "COMMENTS": null, "CL_2010": "Y", "deci_x": -77.530623190900002, "deci_y": 39.671023910700001 }, "geometry": { "type": "Point", "coordinates": [ 1482695.773400757927448, 106093.881594196835067 ] } },
{ "type": "Feature", "properties": { "siteID": "APPA-53530", "xcoord": 1476893.4476334711, "ycoord": 63442.710665418919, "COMMENTS": "C&O Canal", "CL_2010": "Y", "deci_x": -77.702378603100001, "deci_y": 39.325514693499997 }, "geometry": { "type": "Point", "coordinates": [ 1476893.44763347087428, 63442.710665418904682 ] } },
{ "type": "Feature", "properties": { "siteID": "APPA-53594", "xcoord": 1480469.3426465029, "ycoord": 91264.586439191989, "COMMENTS": null, "CL_2010": "Y", "deci_x": -77.593081349900004, "deci_y": 39.551277052700001 }, "geometry": { "type": "Point", "coordinates": [ 1480469.342646502656862, 91264.586439191989484 ] } },
{ "type": "Feature", "properties": { "siteID": "APPA-53642", "xcoord": 1479552.9734023721, "ycoord": 76521.321207286455, "COMMENTS": null, "CL_2010": "Y", "deci_x": -77.639251596500003, "deci_y": 39.430063193199999 }, "geometry": { "type": "Point", "coordinates": [ 1479552.973402371862903, 76521.321207286440767 ] } },
{ "type": "Feature", "properties": { "siteID": "APPA-53658", "xcoord": 1479910.7926767699, "ycoord": 89622.977761469534, "COMMENTS": null, "CL_2010": "Y", "deci_x": -77.603764064999993, "deci_y": 39.538528763899997 }, "geometry": { "type": "Point", "coordinates": [ 1479910.792676769895479, 89622.977761469534016 ] } },
{ "type": "Feature", "properties": { "siteID": "APPA-53706", "xcoord": 1478683.4895916551, "ycoord": 64605.163384727282, "COMMENTS": null, "CL_2010": "Y", "deci_x": -77.678000051699996, "deci_y": 39.332278467599998 }, "geometry": { "type": "Point", "coordinates": [ 1478683.489591654855758, 64605.163384727282391 ] } },
{ "type": "Feature", "properties": { "siteID": "APPA-53722", "xcoord": 1479964.5861680149, "ycoord": 81124.56511916907, "COMMENTS": null, "CL_2010": "Y", "deci_x": -77.623334887400006, "deci_y": 39.467707912000002 }, "geometry": { "type": "Point", "coordinates": [ 1479964.586168014910072, 81124.565119169070385 ] } },
{ "type": "Feature", "properties": { "siteID": "APPA-53774", "xcoord": 1482515.387907349, "ycoord": 109291.3550243442, "COMMENTS": null, "CL_2010": "Y", "deci_x": -77.525149260899994, "deci_y": 39.697922519400002 }, "geometry": { "type": "Point", "coordinates": [ 1482515.387907348806038, 109291.355024344229605 ] } },
{ "type": "Feature", "properties": { "siteID": "APPA-53850", "xcoord": 1482507.4569443909, "ycoord": 103364.35415225658, "COMMENTS": null, "CL_2010": "Y", "deci_x": -77.539447891899997, "deci_y": 39.6486228479 }, "geometry": { "type": "Point", "coordinates": [ 1482507.45694439066574, 103364.35415225662291 ] } },
{ "type": "Feature", "properties": { "siteID": "APPA-53898", "xcoord": 1479833.7664611239, "ycoord": 71698.704942925076, "COMMENTS": null, "CL_2010": "Y", "deci_x": -77.647295571200004, "deci_y": 39.389458845900002 }, "geometry": { "type": "Point", "coordinates": [ 1479833.766461123712361, 71698.704942925076466 ] } },
{ "type": "Feature", "properties": { "siteID": "APPA-53914", "xcoord": 1479259.451129219, "ycoord": 87079.612001273548, "COMMENTS": null, "CL_2010": "Y", "deci_x": -77.617713181300005, "deci_y": 39.518425871600002 }, "geometry": { "type": "Point", "coordinates": [ 1479259.451129218796268, 87079.612001273548231 ] } },
{ "type": "Feature", "properties": { "siteID": "APPA-54030", "xcoord": 1483140.0782110291, "ycoord": 111110.041054214, "COMMENTS": null, "CL_2010": "Y", "deci_x": -77.513196233499997, "deci_y": 39.712026839399996 }, "geometry": { "type": "Point", "coordinates": [ 1483140.078211028827354, 111110.041054214016185 ] } },
{ "type": "Feature", "properties": { "siteID": "APPA-54106", "xcoord": 1480539.723083748, "ycoord": 97930.977806022813, "COMMENTS": null, "CL_2010": "Y", "deci_x": -77.576321583500004, "deci_y": 39.606638379000003 }, "geometry": { "type": "Point", "coordinates": [ 1480539.723083747783676, 97930.977806022827281 ] } },
{ "type": "Feature", "properties": { "siteID": "APPA-54154", "xcoord": 1479806.1782225179, "ycoord": 70738.024050407272, "COMMENTS": null, "CL_2010": "Y", "deci_x": -77.649906796099998, "deci_y": 39.381506334400001 }, "geometry": { "type": "Point", "coordinates": [ 1479806.178222517715767, 70738.024050407271716 ] } },
{ "type": "Feature", "properties": { "siteID": "APPA-54170", "xcoord": 1480425.845808862, "ycoord": 78805.723404950899, "COMMENTS": null, "CL_2010": "Y", "deci_x": -77.623261806900004, "deci_y": 39.447652853100003 }, "geometry": { "type": "Point", "coordinates": [ 1480425.845808862242848, 78805.723404950898839 ] } },
{ "type": "Feature", "properties": { "siteID": "APPA-54286", "xcoord": 1482609.9823682019, "ycoord": 104972.19501056609, "COMMENTS": null, "CL_2010": "Y", "deci_x": -77.534352431100004, "deci_y": 39.661832230400002 }, "geometry": { "type": "Point", "coordinates": [ 1482609.982368202414364, 104972.195010566050769 ] } },
{ "type": "Feature", "properties": { "siteID": "APPA-54298", "xcoord": 1478287.2660378059, "ycoord": 64234.663920207677, "COMMENTS": null, "CL_2010": "Y", "deci_x": -77.683664273800005, "deci_y": 39.329839252 }, "geometry": { "type": "Point", "coordinates": [ 1478287.266037805937231, 64234.663920207683987 ] } },
{ "type": "Feature", "properties": { "siteID": "APPA-54362", "xcoord": 1480537.9467257641, "ycoord": 96177.72971811633, "COMMENTS": null, "CL_2010": "Y", "deci_x": -77.580529151899995, "deci_y": 39.592051600700003 }, "geometry": { "type": "Point", "coordinates": [ 1480537.946725763613358, 96177.729718116330332 ] } },
{ "type": "Feature", "properties": { "siteID": "APPA-54426", "xcoord": 1480808.287281137, "ycoord": 100535.9119567537, "COMMENTS": null, "CL_2010": "Y", "deci_x": -77.566839134700004, "deci_y": 39.627874639200002 }, "geometry": { "type": "Point", "coordinates": [ 1480808.287281136959791, 100535.911956753727281 ] } },
{ "type": "Feature", "properties": { "siteID": "APPA-54474", "xcoord": 1479025.4687945649, "ycoord": 66804.081599616198, "COMMENTS": null, "CL_2010": "Y", "deci_x": -77.668664160999995, "deci_y": 39.350028698099997 }, "geometry": { "type": "Point", "coordinates": [ 1479025.468794564716518, 66804.081599616198218 ] } },
{ "type": "Feature", "properties": { "siteID": "APPA-54490", "xcoord": 1479892.987773052, "ycoord": 80055.905591780553, "COMMENTS": null, "CL_2010": "Y", "deci_x": -77.626741583200001, "deci_y": 39.458929729399998 }, "geometry": { "type": "Point", "coordinates": [ 1479892.98777305171825, 80055.905591780552641 ] } },
{ "type": "Feature", "properties": { "siteID": "APPA-54542", "xcoord": 1482196.29212111, "ycoord": 103601.9084003115, "COMMENTS": null, "CL_2010": "Y", "deci_x": -77.542656705300004, "deci_y": 39.651109984800001 }, "geometry": { "type": "Point", "coordinates": [ 1482196.292121109552681, 103601.90840031146945 ] } },
{ "type": "Feature", "properties": { "siteID": "APPA-54618", "xcoord": 1479777.1976378583, "ycoord": 92757.058670294602, "COMMENTS": null, "CL_2010": "Y", "deci_x": -77.597915274100004, "deci_y": 39.564830295500002 }, "geometry": { "type": "Point", "coordinates": [ 1479777.197637857636437, 92757.058670294602052 ] } },
{ "type": "Feature", "properties": { "siteID": "APPA-54666", "xcoord": 1479530.6551783311, "ycoord": 77279.334337038046, "COMMENTS": null, "CL_2010": "Y", "deci_x": -77.637722302699999, "deci_y": 39.436409488800003 }, "geometry": { "type": "Point", "coordinates": [ 1479530.65517833060585, 77279.334337038046215 ] } },
{ "type": "Feature", "properties": { "siteID": "APPA-54682", "xcoord": 1479452.966088579, "ycoord": 88065.475352354289, "COMMENTS": null, "CL_2010": "Y", "deci_x": -77.613021741599994, "deci_y": 39.5263148 }, "geometry": { "type": "Point", "coordinates": [ 1479452.966088579269126, 88065.475352354289498 ] } },
{ "type": "Feature", "properties": { "siteID": "APPA-54730", "xcoord": 1478942.427759863, "ycoord": 66546.070726500635, "COMMENTS": null, "CL_2010": "Y", "deci_x": -77.670278573100006, "deci_y": 39.348015980100001 }, "geometry": { "type": "Point", "coordinates": [ 1478942.427759863436222, 66546.070726500634919 ] } },
{ "type": "Feature", "properties": { "siteID": "APPA-54746", "xcoord": 1479859.2193826039, "ycoord": 80732.510316510481, "COMMENTS": null, "CL_2010": "Y", "deci_x": -77.625542509699997, "deci_y": 39.464616757000002 }, "geometry": { "type": "Point", "coordinates": [ 1479859.219382604351267, 80732.510316510481061 ] } },
{ "type": "Feature", "properties": { "siteID": "APPA-54798", "xcoord": 1482813.7227346359, "ycoord": 108828.45090927139, "COMMENTS": null, "CL_2010": "Y", "deci_x": -77.5226351134, "deci_y": 39.693581355699997 }, "geometry": { "type": "Point", "coordinates": [ 1482813.722734636161476, 108828.450909271414275 ] } },
{ "type": "Feature", "properties": { "siteID": "APPA-54874", "xcoord": 1482467.8028156359, "ycoord": 101270.4220681061, "COMMENTS": null, "CL_2010": "Y", "deci_x": -77.544941490499994, "deci_y": 39.631265353899998 }, "geometry": { "type": "Point", "coordinates": [ 1482467.802815635921434, 101270.422068106141523 ] } },
{ "type": "Feature", "properties": { "siteID": "APPA-54922", "xcoord": 1479844.8807298627, "ycoord": 71124.203920795815, "COMMENTS": null, "CL_2010": "Y", "deci_x": -77.648523268100007, "deci_y": 39.384658081700003 }, "geometry": { "type": "Point", "coordinates": [ 1479844.880729862721637, 71124.203920795815066 ] } },
{ "type": "Feature", "properties": { "siteID": "APPA-54938", "xcoord": 1479817.17216551, "ycoord": 84632.369631244466, "COMMENTS": null, "CL_2010": "Y", "deci_x": -77.616778726500002, "deci_y": 39.497145659399997 }, "geometry": { "type": "Point", "coordinates": [ 1479817.172165510244668, 84632.369631244466291 ] } },
{ "type": "Feature", "properties": { "siteID": "APPA-54986", "xcoord": 1475318.514493118, "ycoord": 62900.939092765708, "COMMENTS": null, "CL_2010": "Y", "deci_x": -77.722688777000002, "deci_y": 39.323565205500003 }, "geometry": { "type": "Point", "coordinates": [ 1475318.514493117807433, 62900.93909276570048 ] } },
{ "type": "Feature", "properties": { "siteID": "APPA-55054", "xcoord": 1482906.903967048, "ycoord": 110703.57590312599, "COMMENTS": null, "CL_2010": "Y", "deci_x": -77.517004913099996, "deci_y": 39.709028435 }, "geometry": { "type": "Point", "coordinates": [ 1482906.903967047575861, 110703.575903126024059 ] } },
{ "type": "Feature", "properties": { "siteID": "APPA-55130", "xcoord": 1480600.0198303531, "ycoord": 97111.079141103284, "COMMENTS": null, "CL_2010": "Y", "deci_x": -77.577547890899993, "deci_y": 39.5997168711 }, "geometry": { "type": "Point", "coordinates": [ 1480600.019830353092402, 97111.079141103284201 ] } },
{ "type": "Feature", "properties": { "siteID": "APPA-55178", "xcoord": 1479599.174308999, "ycoord": 69352.776679658025, "COMMENTS": null, "CL_2010": "Y", "deci_x": -77.655692796400004, "deci_y": 39.370311861799998 }, "geometry": { "type": "Point", "coordinates": [ 1479599.174308998510242, 69352.776679658025387 ] } },
{ "type": "Feature", "properties": { "siteID": "APPA-55194", "xcoord": 1479616.0391833319, "ycoord": 78093.678268472548, "COMMENTS": null, "CL_2010": "Y", "deci_x": -77.634755330399997, "deci_y": 39.4430487387 }, "geometry": { "type": "Point", "coordinates": [ 1479616.039183331653476, 78093.678268472547643 ] } },
{ "type": "Feature", "properties": { "siteID": "APPA-55310", "xcoord": 1482622.7528085003, "ycoord": 105823.233850651, "COMMENTS": null, "CL_2010": "Y", "deci_x": -77.532158450500006, "deci_y": 39.668891994799999 }, "geometry": { "type": "Point", "coordinates": [ 1482622.75280849984847, 105823.233850651027751 ] } },
{ "type": "Feature", "properties": { "siteID": "APPA-55322", "xcoord": 1478175.6044380399, "ycoord": 64284.67802947016, "COMMENTS": null, "CL_2010": "Y", "deci_x": -77.684895374199996, "deci_y": 39.330437564299999 }, "geometry": { "type": "Point", "coordinates": [ 1478175.604438039474189, 64284.678029470160254 ] } },
{ "type": "Feature", "properties": { "siteID": "APPA-55386", "xcoord": 1480423.4412050089, "ycoord": 91011.201198963608, "COMMENTS": null, "CL_2010": "Y", "deci_x": -77.594241832999998, "deci_y": 39.549243431199997 }, "geometry": { "type": "Point", "coordinates": [ 1480423.441205008653924, 91011.201198963608476 ] } },
{ "type": "Feature", "properties": { "siteID": "APPA-55450", "xcoord": 1479629.1916345451, "ycoord": 88934.406844125333, "COMMENTS": null, "CL_2010": "Y", "deci_x": -77.608817166899996, "deci_y": 39.5332585799 }, "geometry": { "type": "Point", "coordinates": [ 1479629.191634544869885, 88934.406844125333009 ] } },
{ "type": "Feature", "properties": { "siteID": "APPA-55498", "xcoord": 1478761.4980969301, "ycoord": 65769.554318471841, "COMMENTS": null, "CL_2010": "Y", "deci_x": -77.674302890099995, "deci_y": 39.3418458628 }, "geometry": { "type": "Point", "coordinates": [ 1478761.498096929630265, 65769.554318471840816 ] } },
{ "type": "Feature", "properties": { "siteID": "APPA-55514", "xcoord": 1479959.0055385409, "ycoord": 82896.717374020242, "COMMENTS": null, "CL_2010": "Y", "deci_x": -77.619189078700003, "deci_y": 39.4824675148 }, "geometry": { "type": "Point", "coordinates": [ 1479959.005538540892303, 82896.71737402024155 ] } },
{ "type": "Feature", "properties": { "siteID": "APPA-55566", "xcoord": 1482934.7343382209, "ycoord": 106973.4698840989, "COMMENTS": null, "CL_2010": "Y", "deci_x": -77.525612975200005, "deci_y": 39.677949643399998 }, "geometry": { "type": "Point", "coordinates": [ 1482934.734338220674545, 106973.469884098944021 ] } },
{ "type": "Feature", "properties": { "siteID": "APPA-55642", "xcoord": 1479709.7670040079, "ycoord": 93371.206050866764, "COMMENTS": null, "CL_2010": "Y", "deci_x": -77.597268846700004, "deci_y": 39.570051653199997 }, "geometry": { "type": "Point", "coordinates": [ 1479709.767004007706419, 93371.20605086676369 ] } },
{ "type": "Feature", "properties": { "siteID": "APPA-55690", "xcoord": 1479749.1775519061, "ycoord": 75177.081948738807, "COMMENTS": null, "CL_2010": "Y", "deci_x": -77.6400677691, "deci_y": 39.418552983399998 }, "geometry": { "type": "Point", "coordinates": [ 1479749.177551905624568, 75177.081948738821666 ] } },
{ "type": "Feature", "properties": { "siteID": "APPA-55706", "xcoord": 1479415.994273351, "ycoord": 87930.757742042537, "COMMENTS": null, "CL_2010": "Y", "deci_x": -77.613790477899997, "deci_y": 39.525254007699999 }, "geometry": { "type": "Point", "coordinates": [ 1479415.994273351272568, 87930.757742042536847 ] } },
{ "type": "Feature", "properties": { "siteID": "APPA-55770", "xcoord": 1480355.543789062, "ycoord": 81515.547675741458, "COMMENTS": null, "CL_2010": "Y", "deci_x": -77.617671483500004, "deci_y": 39.470323330699998 }, "geometry": { "type": "Point", "coordinates": [ 1480355.54378906218335, 81515.547675741458079 ] } },
{ "type": "Feature", "properties": { "siteID": "APPA-55822", "xcoord": 1482569.4676809479, "ycoord": 108518.4030796046, "COMMENTS": null, "CL_2010": "Y", "deci_x": -77.526345706399994, "deci_y": 39.691402991099999 }, "geometry": { "type": "Point", "coordinates": [ 1482569.467680947855115, 108518.403079604613595 ] } },
{ "type": "Feature", "properties": { "siteID": "APPA-55898", "xcoord": 1480748.5780443258, "ycoord": 100149.656573617, "COMMENTS": null, "CL_2010": "Y", "deci_x": -77.568486918199994, "deci_y": 39.624758421499997 }, "geometry": { "type": "Point", "coordinates": [ 1480748.578044325811788, 100149.656573616986861 ] } },
{ "type": "Feature", "properties": { "siteID": "APPA-55946", "xcoord": 1479976.06072639, "ycoord": 73970.135850745617, "COMMENTS": null, "CL_2010": "Y", "deci_x": -77.640186767800003, "deci_y": 39.408135416 }, "geometry": { "type": "Point", "coordinates": [ 1479976.060726389521733, 73970.135850745602511 ] } },
{ "type": "Feature", "properties": { "siteID": "APPA-55962", "xcoord": 1479289.3515935601, "ycoord": 85186.24774710786, "COMMENTS": null, "CL_2010": "Y", "deci_x": -77.621855287000002, "deci_y": 39.502618333999997 }, "geometry": { "type": "Point", "coordinates": [ 1479289.351593559607863, 85186.24774710786005 ] } },
{ "type": "Feature", "properties": { "siteID": "APPA-56090", "xcoord": 1480246.2295532781, "ycoord": 94726.946043743606, "COMMENTS": null, "CL_2010": "Y", "deci_x": -77.5875296018, "deci_y": 39.5804561685 }, "geometry": { "type": "Point", "coordinates": [ 1480246.229553277604282, 94726.946043743606424 ] } },
{ "type": "Feature", "properties": { "siteID": "APPA-56154", "xcoord": 1481864.1374400649, "ycoord": 101130.68264007309, "COMMENTS": null, "CL_2010": "Y", "deci_x": -77.552602389599997, "deci_y": 39.631092799299999 }, "geometry": { "type": "Point", "coordinates": [ 1481864.137440064689144, 101130.682640073078801 ] } },
{ "type": "Feature", "properties": { "siteID": "APPA-56202", "xcoord": 1479226.4070772263, "ycoord": 67901.544319915411, "COMMENTS": null, "CL_2010": "Y", "deci_x": -77.663636987999993, "deci_y": 39.358837971699998 }, "geometry": { "type": "Point", "coordinates": [ 1479226.407077226322144, 67901.544319915410597 ] } },
{ "type": "Feature", "properties": { "siteID": "APPA-56218", "xcoord": 1479567.7015448741, "ycoord": 78514.009443862407, "COMMENTS": null, "CL_2010": "Y", "deci_x": -77.634342238499997, "deci_y": 39.446626523200003 }, "geometry": { "type": "Point", "coordinates": [ 1479567.701544873649254, 78514.009443862407352 ] } },
{ "type": "Feature", "properties": { "siteID": "APPA-56334", "xcoord": 1482628.381338405, "ycoord": 105840.97168194169, "COMMENTS": null, "CL_2010": "Y", "deci_x": -77.532047599699993, "deci_y": 39.669030334200002 }, "geometry": { "type": "Point", "coordinates": [ 1482628.381338405422866, 105840.971681941737188 ] } },
{ "type": "Feature", "properties": { "siteID": "APPA-56346", "xcoord": 1476153.1162231592, "ycoord": 63245.206001739949, "COMMENTS": "C&O Canal", "CL_2010": "Y", "deci_x": -77.711791046599998, "deci_y": 39.325074671899998 }, "geometry": { "type": "Point", "coordinates": [ 1476153.116223158547655, 63245.206001739948988 ] } },
{ "type": "Feature", "properties": { "siteID": "APPA-56410", "xcoord": 1480270.2040319049, "ycoord": 91809.133159957928, "COMMENTS": null, "CL_2010": "Y", "deci_x": -77.594197425999994, "deci_y": 39.556134781600001 }, "geometry": { "type": "Point", "coordinates": [ 1480270.204031904693693, 91809.133159957928001 ] } },
{ "type": "Feature", "properties": { "siteID": "APPA-56474", "xcoord": 1480058.0829472321, "ycoord": 89895.98833731476, "COMMENTS": null, "CL_2010": "Y", "deci_x": -77.601328356300002, "deci_y": 39.540559973699999 }, "geometry": { "type": "Point", "coordinates": [ 1480058.082947231596336, 89895.988337314760429 ] } },
{ "type": "Feature", "properties": { "siteID": "APPA-56522", "xcoord": 1478732.390837959, "ycoord": 64782.935345538193, "COMMENTS": null, "CL_2010": "Y", "deci_x": -77.676988631200004, "deci_y": 39.333678891300003 }, "geometry": { "type": "Point", "coordinates": [ 1478732.390837958548218, 64782.93534553819336 ] } },
{ "type": "Feature", "properties": { "siteID": "APPA-56538", "xcoord": 1480214.170000542, "ycoord": 83589.869076647505, "COMMENTS": null, "CL_2010": "Y", "deci_x": -77.614450051099993, "deci_y": 39.487819743300001 }, "geometry": { "type": "Point", "coordinates": [ 1480214.170000541722402, 83589.869076647504698 ] } },
{ "type": "Feature", "properties": { "siteID": "APPA-56590", "xcoord": 1482970.578163835, "ycoord": 107659.68210193941, "COMMENTS": null, "CL_2010": "Y", "deci_x": -77.523532460499993, "deci_y": 39.683599926600003 }, "geometry": { "type": "Point", "coordinates": [ 1482970.578163834521547, 107659.68210193941195 ] } },
{ "type": "Feature", "properties": { "siteID": "APPA-56666", "xcoord": 1482664.4819028811, "ycoord": 102457.4453356273, "COMMENTS": null, "CL_2010": "Y", "deci_x": -77.539713090399999, "deci_y": 39.640819310799998 }, "geometry": { "type": "Point", "coordinates": [ 1482664.481902881292626, 102457.445335627315217 ] } },
{ "type": "Feature", "properties": { "siteID": "APPA-56714", "xcoord": 1479940.5371835879, "ycoord": 74152.659413041212, "COMMENTS": null, "CL_2010": "Y", "deci_x": -77.640183443599994, "deci_y": 39.409712827900002 }, "geometry": { "type": "Point", "coordinates": [ 1479940.537183587672189, 74152.659413041212247 ] } },
{ "type": "Feature", "properties": { "siteID": "APPA-56730", "xcoord": 1479279.394254283, "ycoord": 85734.922227411356, "COMMENTS": null, "CL_2010": "Y", "deci_x": -77.620670820699999, "deci_y": 39.507201326500002 }, "geometry": { "type": "Point", "coordinates": [ 1479279.394254282815382, 85734.922227411356289 ] } },
{ "type": "Feature", "properties": { "siteID": "APPA-56846", "xcoord": 1483105.211857345, "ycoord": 108388.852206369, "COMMENTS": null, "CL_2010": "Y", "deci_x": -77.520148561799999, "deci_y": 39.689445262699998 }, "geometry": { "type": "Point", "coordinates": [ 1483105.211857344955206, 108388.852206369003397 ] } },
{ "type": "Feature", "properties": { "siteID": "APPA-56922", "xcoord": 1480650.909230507, "ycoord": 99182.054429934258, "COMMENTS": null, "CL_2010": "Y", "deci_x": -77.571984172900002, "deci_y": 39.616866861799998 }, "geometry": { "type": "Point", "coordinates": [ 1480650.909230506746098, 99182.054429934258224 ] } },
{ "type": "Feature", "properties": { "siteID": "APPA-56970", "xcoord": 1479937.7191536019, "ycoord": 72583.733105468287, "COMMENTS": null, "CL_2010": "Y", "deci_x": -77.643939464, "deci_y": 39.396656793799998 }, "geometry": { "type": "Point", "coordinates": [ 1479937.719153602141887, 72583.733105468287249 ] } },
{ "type": "Feature", "properties": { "siteID": "APPA-56986", "xcoord": 1479476.203525655, "ycoord": 84694.048393253572, "COMMENTS": null, "CL_2010": "Y", "deci_x": -77.620762397600004, "deci_y": 39.498216298800003 }, "geometry": { "type": "Point", "coordinates": [ 1479476.20352565520443, 84694.048393253571703 ] } },
{ "type": "Feature", "properties": { "siteID": "APPA-57114", "xcoord": 1480240.759004256, "ycoord": 94253.708699328374, "COMMENTS": null, "CL_2010": "Y", "deci_x": -77.588724890400002, "deci_y": 39.576526894099999 }, "geometry": { "type": "Point", "coordinates": [ 1480240.759004255756736, 94253.70869932838832 ] } },
{ "type": "Feature", "properties": { "siteID": "APPA-57178", "xcoord": 1481627.3901948121, "ycoord": 100890.71201201659, "COMMENTS": null, "CL_2010": "Y", "deci_x": -77.556049699599996, "deci_y": 39.629484265800002 }, "geometry": { "type": "Point", "coordinates": [ 1481627.390194811858237, 100890.712012016621884 ] } },
{ "type": "Feature", "properties": { "siteID": "APPA-57226", "xcoord": 1479357.9747680051, "ycoord": 68594.503654818589, "COMMENTS": null, "CL_2010": "Y", "deci_x": -77.660405315999995, "deci_y": 39.364392523299998 }, "geometry": { "type": "Point", "coordinates": [ 1479357.974768005078658, 68594.503654818588984 ] } },
{ "type": "Feature", "properties": { "siteID": "APPA-57242", "xcoord": 1480248.836526915, "ycoord": 79501.294752193702, "COMMENTS": null, "CL_2010": "Y", "deci_x": -77.623751576499998, "deci_y": 39.453731871899997 }, "geometry": { "type": "Point", "coordinates": [ 1480248.836526914732531, 79501.294752193702152 ] } },
{ "type": "Feature", "properties": { "siteID": "APPA-57358", "xcoord": 1482420.434419537, "ycoord": 104176.1737190756, "COMMENTS": null, "CL_2010": "Y", "deci_x": -77.538560430100006, "deci_y": 39.6555202638 }, "geometry": { "type": "Point", "coordinates": [ 1482420.434419536497444, 104176.173719075624831 ] } },
{ "type": "Feature", "properties": { "siteID": "APPA-57370", "xcoord": 1477707.0292550281, "ycoord": 63393.805591486271, "COMMENTS": "C&O Canal", "CL_2010": "Y", "deci_x": -77.692663173100001, "deci_y": 39.323783135600003 }, "geometry": { "type": "Point", "coordinates": [ 1477707.029255027882755, 63393.805591486256162 ] } },
{ "type": "Feature", "properties": { "siteID": "APPA-57434", "xcoord": 1480530.286688766, "ycoord": 95473.398491718981, "COMMENTS": null, "CL_2010": "Y", "deci_x": -77.582303179199997, "deci_y": 39.586202931599999 }, "geometry": { "type": "Point", "coordinates": [ 1480530.286688765510917, 95473.398491718980949 ] } },
{ "type": "Feature", "properties": { "siteID": "APPA-57498", "xcoord": 1480777.558176589, "ycoord": 100326.05108097639, "COMMENTS": null, "CL_2010": "Y", "deci_x": -77.567713650599998, "deci_y": 39.626178729099998 }, "geometry": { "type": "Point", "coordinates": [ 1480777.558176589431241, 100326.051080976409139 ] } },
{ "type": "Feature", "properties": { "siteID": "APPA-57546", "xcoord": 1479007.525100627, "ycoord": 66745.43735307896, "COMMENTS": null, "CL_2010": "Y", "deci_x": -77.669019861899997, "deci_y": 39.349569704300002 }, "geometry": { "type": "Point", "coordinates": [ 1479007.525100627215579, 66745.437353078959859 ] } },
{ "type": "Feature", "properties": { "siteID": "APPA-57562", "xcoord": 1479696.3749957101, "ycoord": 80331.13608042238, "COMMENTS": null, "CL_2010": "Y", "deci_x": -77.62846796, "deci_y": 39.4615418801 }, "geometry": { "type": "Point", "coordinates": [ 1479696.374995709629729, 80331.136080422380473 ] } },
{ "type": "Feature", "properties": { "siteID": "APPA-57614", "xcoord": 1482671.1543941209, "ycoord": 106014.9419066511, "COMMENTS": null, "CL_2010": "Y", "deci_x": -77.531111320500003, "deci_y": 39.670407550699998 }, "geometry": { "type": "Point", "coordinates": [ 1482671.154394121142104, 106014.941906651118188 ] } },
{ "type": "Feature", "properties": { "siteID": "APPA-57690", "xcoord": 1480087.3784893199, "ycoord": 92188.80474421852, "COMMENTS": null, "CL_2010": "Y", "deci_x": -77.595508934799994, "deci_y": 39.559593657400001 }, "geometry": { "type": "Point", "coordinates": [ 1480087.378489319933578, 92188.804744218519772 ] } },
{ "type": "Feature", "properties": { "siteID": "APPA-57738", "xcoord": 1479718.3367802231, "ycoord": 75923.377254335806, "COMMENTS": null, "CL_2010": "Y", "deci_x": -77.638669765399996, "deci_y": 39.424815749700002 }, "geometry": { "type": "Point", "coordinates": [ 1479718.336780222831294, 75923.377254335806356 ] } },
{ "type": "Feature", "properties": { "siteID": "APPA-57754", "xcoord": 1479438.625545942, "ycoord": 88443.911774800988, "COMMENTS": null, "CL_2010": "Y", "deci_x": -77.612294637700003, "deci_y": 39.529487899700001 }, "geometry": { "type": "Point", "coordinates": [ 1479438.625545942224562, 88443.911774800988496 ] } },
{ "type": "Feature", "properties": { "siteID": "APPA-57802", "xcoord": 1478472.7940462308, "ycoord": 64581.04180331833, "COMMENTS": null, "CL_2010": "Y", "deci_x": -77.680603254700003, "deci_y": 39.332420939599999 }, "geometry": { "type": "Point", "coordinates": [ 1478472.794046231079847, 64581.041803318330494 ] } },
{ "type": "Feature", "properties": { "siteID": "APPA-57818", "xcoord": 1479950.2286901721, "ycoord": 81104.393273364301, "COMMENTS": null, "CL_2010": "Y", "deci_x": -77.623556679399996, "deci_y": 39.467563470199998 }, "geometry": { "type": "Point", "coordinates": [ 1479950.22869017184712, 81104.393273364301422 ] } },
{ "type": "Feature", "properties": { "siteID": "APPA-57870", "xcoord": 1482477.6419853212, "ycoord": 109278.7171821512, "COMMENTS": null, "CL_2010": "Y", "deci_x": -77.525638129599997, "deci_y": 39.697879363200002 }, "geometry": { "type": "Point", "coordinates": [ 1482477.641985321417451, 109278.71718215115834 ] } },
{ "type": "Feature", "properties": { "siteID": "APPA-57946", "xcoord": 1482692.600962491, "ycoord": 102862.3434722987, "COMMENTS": null, "CL_2010": "Y", "deci_x": -77.5384023533, "deci_y": 39.644142087100001 }, "geometry": { "type": "Point", "coordinates": [ 1482692.600962491240352, 102862.343472298714914 ] } },
{ "type": "Feature", "properties": { "siteID": "APPA-57994", "xcoord": 1479916.9267765181, "ycoord": 72311.478944116214, "COMMENTS": null, "CL_2010": "Y", "deci_x": -77.644836661699998, "deci_y": 39.394424303500003 }, "geometry": { "type": "Point", "coordinates": [ 1479916.926776518113911, 72311.478944116213825 ] } },
{ "type": "Feature", "properties": { "siteID": "APPA-58010", "xcoord": 1479252.3414578671, "ycoord": 87053.798842827877, "COMMENTS": null, "CL_2010": "Y", "deci_x": -77.617860757100004, "deci_y": 39.518222649099997 }, "geometry": { "type": "Point", "coordinates": [ 1479252.341457867063582, 87053.798842827876797 ] } },
{ "type": "Feature", "properties": { "siteID": "APPA-58126", "xcoord": 1483347.54697611, "ycoord": 111375.0278893674, "COMMENTS": null, "CL_2010": "Y", "deci_x": -77.510039195199994, "deci_y": 39.713890387100001 }, "geometry": { "type": "Point", "coordinates": [ 1483347.546976110432297, 111375.027889367411262 ] } },
{ "type": "Feature", "properties": { "siteID": "APPA-58202", "xcoord": 1480512.2481051311, "ycoord": 98484.309784536206, "COMMENTS": null, "CL_2010": "Y", "deci_x": -77.575333443299996, "deci_y": 39.6112878673 }, "geometry": { "type": "Point", "coordinates": [ 1480512.248105130624026, 98484.30978453620628 ] } },
{ "type": "Feature", "properties": { "siteID": "APPA-58250", "xcoord": 1479746.998564163, "ycoord": 70130.399740353721, "COMMENTS": null, "CL_2010": "Y", "deci_x": -77.652062653399994, "deci_y": 39.37654445 }, "geometry": { "type": "Point", "coordinates": [ 1479746.998564162757248, 70130.399740353721427 ] } },
{ "type": "Feature", "properties": { "siteID": "APPA-58266", "xcoord": 1480129.8048553551, "ycoord": 78771.056950907121, "COMMENTS": null, "CL_2010": "Y", "deci_x": -77.626927623200004, "deci_y": 39.447848004800001 }, "geometry": { "type": "Point", "coordinates": [ 1480129.804855354595929, 78771.056950907121063 ] } },
{ "type": "Feature", "properties": { "siteID": "APPA-58382", "xcoord": 1482577.97603928, "ycoord": 104899.3763354253, "COMMENTS": null, "CL_2010": "Y", "deci_x": -77.534915491000007, "deci_y": 39.661278904299998 }, "geometry": { "type": "Point", "coordinates": [ 1482577.976039279485121, 104899.376335425258731 ] } },
{ "type": "Feature", "properties": { "siteID": "APPA-58394", "xcoord": 1478245.4364825941, "ycoord": 63940.213891435502, "COMMENTS": "C&O Canal", "CL_2010": "Y", "deci_x": -77.6848658774, "deci_y": 39.327455782999998 }, "geometry": { "type": "Point", "coordinates": [ 1478245.43648259411566, 63940.213891435501864 ] } },
{ "type": "Feature", "properties": { "siteID": "APPA-58458", "xcoord": 1480577.551100943, "ycoord": 96644.349602932372, "COMMENTS": null, "CL_2010": "Y", "deci_x": -77.578934804100001, "deci_y": 39.595869764900002 }, "geometry": { "type": "Point", "coordinates": [ 1480577.551100943237543, 96644.349602932372363 ] } },
{ "type": "Feature", "properties": { "siteID": "APPA-58522", "xcoord": 1480793.0553693559, "ycoord": 100401.4141907045, "COMMENTS": null, "CL_2010": "Y", "deci_x": -77.567345454900007, "deci_y": 39.626780436399997 }, "geometry": { "type": "Point", "coordinates": [ 1480793.055369355948642, 100401.414190704526845 ] } },
{ "type": "Feature", "properties": { "siteID": "APPA-58570", "xcoord": 1478758.878061709, "ycoord": 65413.95798296664, "COMMENTS": null, "CL_2010": "Y", "deci_x": -77.675175836600005, "deci_y": 39.338889518400002 }, "geometry": { "type": "Point", "coordinates": [ 1478758.87806170899421, 65413.957982966625423 ] } },
{ "type": "Feature", "properties": { "siteID": "APPA-58586", "xcoord": 1480015.751516738, "ycoord": 82612.298056640648, "COMMENTS": null, "CL_2010": "Y", "deci_x": -77.619178210399994, "deci_y": 39.480007438100003 }, "geometry": { "type": "Point", "coordinates": [ 1480015.751516738208011, 82612.298056640647701 ] } },
{ "type": "Feature", "properties": { "siteID": "APPA-58638", "xcoord": 1483088.277964141, "ycoord": 108217.9397696994, "COMMENTS": null, "CL_2010": "Y", "deci_x": -77.520764153499996, "deci_y": 39.688051146799999 }, "geometry": { "type": "Point", "coordinates": [ 1483088.277964140987024, 108217.939769699427416 ] } },
{ "type": "Feature", "properties": { "siteID": "APPA-58714", "xcoord": 1479759.5123706241, "ycoord": 92619.891712568482, "COMMENTS": null, "CL_2010": "Y", "deci_x": -77.598456691699994, "deci_y": 39.563717698399998 }, "geometry": { "type": "Point", "coordinates": [ 1479759.512370624346659, 92619.891712568482035 ] } },
{ "type": "Feature", "properties": { "siteID": "APPA-58762", "xcoord": 1479536.95486539, "ycoord": 77143.791249568225, "COMMENTS": null, "CL_2010": "Y", "deci_x": -77.637967839699996, "deci_y": 39.435270919399997 }, "geometry": { "type": "Point", "coordinates": [ 1479536.954865390434861, 77143.791249568224885 ] } },
{ "type": "Feature", "properties": { "siteID": "APPA-58778", "xcoord": 1479621.479831679, "ycoord": 88560.523586858922, "COMMENTS": null, "CL_2010": "Y", "deci_x": -77.609800904300002, "deci_y": 39.530159465700002 }, "geometry": { "type": "Point", "coordinates": [ 1479621.479831678560004, 88560.523586858922499 ] } },
{ "type": "Feature", "properties": { "siteID": "APPA-58826", "xcoord": 1478850.534969182, "ycoord": 66242.369676795948, "COMMENTS": null, "CL_2010": "Y", "deci_x": -77.672107995600001, "deci_y": 39.345637265299999 }, "geometry": { "type": "Point", "coordinates": [ 1478850.534969181753695, 66242.36967679594818 ] } },
{ "type": "Feature", "properties": { "siteID": "APPA-58842", "xcoord": 1479946.172679656, "ycoord": 80856.791921834068, "COMMENTS": null, "CL_2010": "Y", "deci_x": -77.624194315400004, "deci_y": 39.465509159200003 }, "geometry": { "type": "Point", "coordinates": [ 1479946.172679655719548, 80856.791921834068489 ] } },
{ "type": "Feature", "properties": { "siteID": "APPA-58894", "xcoord": 1482303.221172556, "ycoord": 108882.1987629049, "COMMENTS": null, "CL_2010": "Y", "deci_x": -77.528707809099998, "deci_y": 39.694866856300003 }, "geometry": { "type": "Point", "coordinates": [ 1482303.22117255628109, 108882.198762904867181 ] } },
{ "type": "Feature", "properties": { "siteID": "APPA-58970", "xcoord": 1482244.049743782, "ycoord": 101351.23743067549, "COMMENTS": null, "CL_2010": "Y", "deci_x": -77.547463764900002, "deci_y": 39.632304855900003 }, "geometry": { "type": "Point", "coordinates": [ 1482244.049743781564757, 101351.237430675450014 ] } },
{ "type": "Feature", "properties": { "siteID": "APPA-59018", "xcoord": 1479824.6076297669, "ycoord": 71431.157107631763, "COMMENTS": null, "CL_2010": "Y", "deci_x": -77.648040701699998, "deci_y": 39.387246507199997 }, "geometry": { "type": "Point", "coordinates": [ 1479824.607629767386243, 71431.157107631763211 ] } },
{ "type": "Feature", "properties": { "siteID": "APPA-59034", "xcoord": 1479870.1837116971, "ycoord": 84321.237620607761, "COMMENTS": null, "CL_2010": "Y", "deci_x": -77.616876727199994, "deci_y": 39.494469394500001 }, "geometry": { "type": "Point", "coordinates": [ 1479870.183711696881801, 84321.237620607760618 ] } },
{ "type": "Feature", "properties": { "siteID": "APPA-59082", "xcoord": 1475091.644668841, "ycoord": 62872.408088282893, "COMMENTS": null, "CL_2010": "Y", "deci_x": -77.725497582000003, "deci_y": 39.3236964062 }, "geometry": { "type": "Point", "coordinates": [ 1475091.644668841036037, 62872.408088282885728 ] } },
{ "type": "Feature", "properties": { "siteID": "APPA-59150", "xcoord": 1482923.1591376921, "ycoord": 110536.2630640532, "COMMENTS": null, "CL_2010": "Y", "deci_x": -77.517208864099999, "deci_y": 39.707609785300001 }, "geometry": { "type": "Point", "coordinates": [ 1482923.159137692069635, 110536.263064053215203 ] } },
{ "type": "Feature", "properties": { "siteID": "APPA-59162", "xcoord": 1479704.4261052681, "ycoord": 93746.541359018796, "COMMENTS": null, "CL_2010": "Y", "deci_x": -77.596438739299998, "deci_y": 39.573183972899997 }, "geometry": { "type": "Point", "coordinates": [ 1479704.426105268066749, 93746.541359018796356 ] } },
{ "type": "Feature", "properties": { "siteID": "APPA-59226", "xcoord": 1480527.9934581651, "ycoord": 97377.541328517953, "COMMENTS": null, "CL_2010": "Y", "deci_x": -77.577785465299996, "deci_y": 39.602052198099997 }, "geometry": { "type": "Point", "coordinates": [ 1480527.993458165088668, 97377.541328517952934 ] } },
{ "type": "Feature", "properties": { "siteID": "APPA-59274", "xcoord": 1479612.1272772588, "ycoord": 69409.96013108152, "COMMENTS": null, "CL_2010": "Y", "deci_x": -77.655400693000004, "deci_y": 39.370766790099999 }, "geometry": { "type": "Point", "coordinates": [ 1479612.127277258783579, 69409.960131081519648 ] } },
{ "type": "Feature", "properties": { "siteID": "APPA-59290", "xcoord": 1479580.6078985, "ycoord": 77948.702307283456, "COMMENTS": null, "CL_2010": "Y", "deci_x": -77.635528443699997, "deci_y": 39.441899812599999 }, "geometry": { "type": "Point", "coordinates": [ 1479580.607898499583825, 77948.702307283456321 ] } },
{ "type": "Feature", "properties": { "siteID": "APPA-59406", "xcoord": 1482559.255750363, "ycoord": 105154.84990255479, "COMMENTS": null, "CL_2010": "Y", "deci_x": -77.5345308128, "deci_y": 39.663435212000003 }, "geometry": { "type": "Point", "coordinates": [ 1482559.255750362994149, 105154.84990255482262 ] } },
{ "type": "Feature", "properties": { "siteID": "APPA-59418", "xcoord": 1475785.277916292, "ycoord": 63077.156920717527, "COMMENTS": "C&O Canal", "CL_2010": "Y", "deci_x": -77.716632631699994, "deci_y": 39.324273624699998 }, "geometry": { "type": "Point", "coordinates": [ 1475785.277916292427108, 63077.156920717534376 ] } },
{ "type": "Feature", "properties": { "siteID": "APPA-59482", "xcoord": 1480371.9135307849, "ycoord": 90880.114609210927, "COMMENTS": null, "CL_2010": "Y", "deci_x": -77.595178944699995, "deci_y": 39.548236809599999 }, "geometry": { "type": "Point", "coordinates": [ 1480371.913530784891918, 90880.114609210926574 ] } },
{ "type": "Feature", "properties": { "siteID": "APPA-59546", "xcoord": 1479614.917722852, "ycoord": 88869.456969272069, "COMMENTS": null, "CL_2010": "Y", "deci_x": -77.609144827999998, "deci_y": 39.532741362099998 }, "geometry": { "type": "Point", "coordinates": [ 1479614.917722851969302, 88869.456969272068818 ] } },
{ "type": "Feature", "properties": { "siteID": "APPA-59594", "xcoord": 1478660.781857115, "ycoord": 64819.899689564525, "COMMENTS": null, "CL_2010": "Y", "deci_x": -77.677766578700002, "deci_y": 39.334103343599999 }, "geometry": { "type": "Point", "coordinates": [ 1478660.781857114750892, 64819.899689564532309 ] } },
{ "type": "Feature", "properties": { "siteID": "APPA-59610", "xcoord": 1480052.9408035891, "ycoord": 82306.823516815741, "COMMENTS": null, "CL_2010": "Y", "deci_x": -77.619454240300001, "deci_y": 39.477404065400002 }, "geometry": { "type": "Point", "coordinates": [ 1480052.940803588600829, 82306.823516815740732 ] } },
{ "type": "Feature", "properties": { "siteID": "APPA-59662", "xcoord": 1482928.2274186269, "ycoord": 106952.7521592243, "COMMENTS": null, "CL_2010": "Y", "deci_x": -77.525741666399995, "deci_y": 39.677787960800003 }, "geometry": { "type": "Point", "coordinates": [ 1482928.22741862712428, 106952.752159224342904 ] } },
{ "type": "Feature", "properties": { "siteID": "APPA-59738", "xcoord": 1479729.5677450281, "ycoord": 93233.092683545765, "COMMENTS": null, "CL_2010": "Y", "deci_x": -77.597358004300006, "deci_y": 39.568869858299998 }, "geometry": { "type": "Point", "coordinates": [ 1479729.567745027597994, 93233.092683545764885 ] } },
{ "type": "Feature", "properties": { "siteID": "APPA-59786", "xcoord": 1479747.058651438, "ycoord": 75186.890411655419, "COMMENTS": null, "CL_2010": "Y", "deci_x": -77.640070130400005, "deci_y": 39.418638092199998 }, "geometry": { "type": "Point", "coordinates": [ 1479747.058651437517256, 75186.890411655418575 ] } },
{ "type": "Feature", "properties": { "siteID": "APPA-59802", "xcoord": 1479383.980729386, "ycoord": 87926.64309456553, "COMMENTS": null, "CL_2010": "Y", "deci_x": -77.614188234500006, "deci_y": 39.5252720963 }, "geometry": { "type": "Point", "coordinates": [ 1479383.980729385977611, 87926.643094565530191 ] } },
{ "type": "Feature", "properties": { "siteID": "APPA-59866", "xcoord": 1480260.2536431099, "ycoord": 81890.462988413841, "COMMENTS": null, "CL_2010": "Y", "deci_x": -77.617933835900004, "deci_y": 39.473599675700001 }, "geometry": { "type": "Point", "coordinates": [ 1480260.253643109463155, 81890.462988413841231 ] } },
{ "type": "Feature", "properties": { "siteID": "APPA-59918", "xcoord": 1482299.5704044241, "ycoord": 108689.95924295561, "COMMENTS": null, "CL_2010": "Y", "deci_x": -77.529213034099996, "deci_y": 39.693273465600001 }, "geometry": { "type": "Point", "coordinates": [ 1482299.570404423866421, 108689.959242955621448 ] } },
{ "type": "Feature", "properties": { "siteID": "APPA-59994", "xcoord": 1480722.952727006, "ycoord": 99636.467978663393, "COMMENTS": null, "CL_2010": "Y", "deci_x": -77.570024219900006, "deci_y": 39.620530097100001 }, "geometry": { "type": "Point", "coordinates": [ 1480722.952727005584165, 99636.467978663393296 ] } },
{ "type": "Feature", "properties": { "siteID": "APPA-60042", "xcoord": 1480069.9878427109, "ycoord": 73379.31077410726, "COMMENTS": null, "CL_2010": "Y", "deci_x": -77.640452305300002, "deci_y": 39.403063732100001 }, "geometry": { "type": "Point", "coordinates": [ 1480069.987842710921541, 73379.310774107259931 ] } },
{ "type": "Feature", "properties": { "siteID": "APPA-60058", "xcoord": 1479463.095512033, "ycoord": 84711.125158414012, "COMMENTS": null, "CL_2010": "Y", "deci_x": -77.620880569700006, "deci_y": 39.498379854100001 }, "geometry": { "type": "Point", "coordinates": [ 1479463.095512032974511, 84711.125158414011821 ] } },
{ "type": "Feature", "properties": { "siteID": "APPA-60174", "xcoord": 1483456.5188291839, "ycoord": 112059.50184380999, "COMMENTS": null, "CL_2010": "Y", "deci_x": -77.507071674700001, "deci_y": 39.719405540300002 }, "geometry": { "type": "Point", "coordinates": [ 1483456.518829183885828, 112059.501843810023274 ] } },
{ "type": "Feature", "properties": { "siteID": "APPA-60186", "xcoord": 1480473.5263635011, "ycoord": 95231.519585374335, "COMMENTS": null, "CL_2010": "Y", "deci_x": -77.583568870400001, "deci_y": 39.584283016699999 }, "geometry": { "type": "Point", "coordinates": [ 1480473.526363500859588, 95231.519585374335293 ] } },
{ "type": "Feature", "properties": { "siteID": "APPA-60250", "xcoord": 1481859.6479527981, "ycoord": 101148.18777197599, "COMMENTS": null, "CL_2010": "Y", "deci_x": -77.552615004900005, "deci_y": 39.6312458178 }, "geometry": { "type": "Point", "coordinates": [ 1481859.647952797589824, 101148.18777197599411 ] } },
{ "type": "Feature", "properties": { "siteID": "APPA-60298", "xcoord": 1479288.8877466661, "ycoord": 68236.322538469583, "COMMENTS": null, "CL_2010": "Y", "deci_x": -77.662088866100007, "deci_y": 39.3615232302 }, "geometry": { "type": "Point", "coordinates": [ 1479288.887746665859595, 68236.322538469583378 ] } },
{ "type": "Feature", "properties": { "siteID": "APPA-60314", "xcoord": 1479707.590086685, "ycoord": 78334.190749923902, "COMMENTS": null, "CL_2010": "Y", "deci_x": -77.633076020700003, "deci_y": 39.444901251099999 }, "geometry": { "type": "Point", "coordinates": [ 1479707.590086684562266, 78334.190749923902331 ] } },
{ "type": "Feature", "properties": { "siteID": "APPA-60430", "xcoord": 1482646.987306244, "ycoord": 105071.8396778536, "COMMENTS": null, "CL_2010": "Y", "deci_x": -77.533664402100001, "deci_y": 39.6626005444 }, "geometry": { "type": "Point", "coordinates": [ 1482646.987306243507192, 105071.839677853611647 ] } },
{ "type": "Feature", "properties": { "siteID": "APPA-60442", "xcoord": 1477240.9178115099, "ycoord": 63405.503878950964, "COMMENTS": "C&O Canal", "CL_2010": "Y", "deci_x": -77.698267758100002, "deci_y": 39.3246393656 }, "geometry": { "type": "Point", "coordinates": [ 1477240.917811510153115, 63405.503878950963554 ] } },
{ "type": "Feature", "properties": { "siteID": "APPA-60506", "xcoord": 1480490.2036543051, "ycoord": 91462.473404345277, "COMMENTS": null, "CL_2010": "Y", "deci_x": -77.5923566827, "deci_y": 39.552889772900002 }, "geometry": { "type": "Point", "coordinates": [ 1480490.203654304612428, 91462.473404345262679 ] } },
{ "type": "Feature", "properties": { "siteID": "APPA-60570", "xcoord": 1480244.5485604187, "ycoord": 90067.007127829769, "COMMENTS": null, "CL_2010": "Y", "deci_x": -77.598660667499999, "deci_y": 39.5416782231 }, "geometry": { "type": "Point", "coordinates": [ 1480244.548560418654233, 90067.007127829769161 ] } },
{ "type": "Feature", "properties": { "siteID": "APPA-60618", "xcoord": 1478611.4299866329, "ycoord": 64634.945588159251, "COMMENTS": null, "CL_2010": "Y", "deci_x": -77.6788004207, "deci_y": 39.332643851199997 }, "geometry": { "type": "Point", "coordinates": [ 1478611.429986632661894, 64634.945588159251201 ] } },
{ "type": "Feature", "properties": { "siteID": "APPA-60634", "xcoord": 1480150.9167927301, "ycoord": 83738.708861642401, "COMMENTS": null, "CL_2010": "Y", "deci_x": -77.614862092799996, "deci_y": 39.4891619761 }, "geometry": { "type": "Point", "coordinates": [ 1480150.916792730102316, 83738.708861642400734 ] } },
{ "type": "Feature", "properties": { "siteID": "APPA-60686", "xcoord": 1482606.380690095, "ycoord": 109741.84457394249, "COMMENTS": null, "CL_2010": "Y", "deci_x": -77.522963409100001, "deci_y": 39.701520979199998 }, "geometry": { "type": "Point", "coordinates": [ 1482606.380690094549209, 109741.84457394250785 ] } },
{ "type": "Feature", "properties": { "siteID": "APPA-60762", "xcoord": 1482588.85565809, "ycoord": 102128.7055099367, "COMMENTS": null, "CL_2010": "Y", "deci_x": -77.541418024199999, "deci_y": 39.638208140099998 }, "geometry": { "type": "Point", "coordinates": [ 1482588.855658089974895, 102128.705509936684393 ] } },
{ "type": "Feature", "properties": { "siteID": "APPA-60810", "xcoord": 1479848.802511693, "ycoord": 74430.287228300454, "COMMENTS": null, "CL_2010": "Y", "deci_x": -77.640634512700004, "deci_y": 39.412173701 }, "geometry": { "type": "Point", "coordinates": [ 1479848.802511692978442, 74430.287228300454444 ] } },
{ "type": "Feature", "properties": { "siteID": "APPA-60826", "xcoord": 1479183.7189890207, "ycoord": 85998.274514115197, "COMMENTS": null, "CL_2010": "Y", "deci_x": -77.621203530800003, "deci_y": 39.509549596299998 }, "geometry": { "type": "Point", "coordinates": [ 1479183.718989021377638, 85998.274514115197235 ] } },
{ "type": "Feature", "properties": { "siteID": "APPA-60942", "xcoord": 1482906.7285766518, "ycoord": 110879.9354909113, "COMMENTS": null, "CL_2010": "Y", "deci_x": -77.516583862199994, "deci_y": 39.710495927499998 }, "geometry": { "type": "Point", "coordinates": [ 1482906.728576652240008, 110879.935490911331726 ] } },
{ "type": "Feature", "properties": { "siteID": "APPA-61018", "xcoord": 1480543.420182232, "ycoord": 98652.990888405198, "COMMENTS": null, "CL_2010": "Y", "deci_x": -77.574552312500003, "deci_y": 39.612640459300003 }, "geometry": { "type": "Point", "coordinates": [ 1480543.420182231580839, 98652.990888405198348 ] } },
{ "type": "Feature", "properties": { "siteID": "APPA-61066", "xcoord": 1480030.2272687859, "ycoord": 73046.406696826656, "COMMENTS": null, "CL_2010": "Y", "deci_x": -77.641723030899996, "deci_y": 39.4003573635 }, "geometry": { "type": "Point", "coordinates": [ 1480030.227268786169589, 73046.406696826656116 ] } },
{ "type": "Feature", "properties": { "siteID": "APPA-61082", "xcoord": 1479312.1446445449, "ycoord": 85296.016251525754, "COMMENTS": null, "CL_2010": "Y", "deci_x": -77.621318066800001, "deci_y": 39.503494713800002 }, "geometry": { "type": "Point", "coordinates": [ 1479312.144644545158371, 85296.016251525754342 ] } },
{ "type": "Feature", "properties": { "siteID": "APPA-61198", "xcoord": 1483403.61562892, "ycoord": 112106.29697700781, "COMMENTS": null, "CL_2010": "Y", "deci_x": -77.507602209400005, "deci_y": 39.719881794400003 }, "geometry": { "type": "Point", "coordinates": [ 1483403.615628919564188, 112106.296977007834357 ] } },
{ "type": "Feature", "properties": { "siteID": "APPA-61210", "xcoord": 1479996.736935165, "ycoord": 93890.125126384926, "COMMENTS": null, "CL_2010": "Y", "deci_x": -77.592551441300003, "deci_y": 39.573900555900003 }, "geometry": { "type": "Point", "coordinates": [ 1479996.736935165012255, 93890.125126384926261 ] } },
{ "type": "Feature", "properties": { "siteID": "APPA-61274", "xcoord": 1481849.0784034578, "ycoord": 100917.3342756418, "COMMENTS": null, "CL_2010": "Y", "deci_x": -77.553295481000006, "deci_y": 39.629342270099997 }, "geometry": { "type": "Point", "coordinates": [ 1481849.078403457999229, 100917.33427564179874 ] } },
{ "type": "Feature", "properties": { "siteID": "APPA-61322", "xcoord": 1479437.6999153241, "ycoord": 68812.050373555801, "COMMENTS": null, "CL_2010": "Y", "deci_x": -77.658926135800002, "deci_y": 39.3660736199 }, "geometry": { "type": "Point", "coordinates": [ 1479437.69991532410495, 68812.050373555801343 ] } },
{ "type": "Feature", "properties": { "siteID": "APPA-61338", "xcoord": 1480401.1896865219, "ycoord": 79255.88274494042, "COMMENTS": null, "CL_2010": "Y", "deci_x": -77.622490499400001, "deci_y": 39.451440166600001 }, "geometry": { "type": "Point", "coordinates": [ 1480401.189686521887779, 79255.882744940405246 ] } },
{ "type": "Feature", "properties": { "siteID": "APPA-61454", "xcoord": 1482238.560105436, "ycoord": 103563.2401738763, "COMMENTS": null, "CL_2010": "Y", "deci_x": -77.542236133000003, "deci_y": 39.650718896999997 }, "geometry": { "type": "Point", "coordinates": [ 1482238.560105436248705, 103563.240173876285553 ] } },
{ "type": "Feature", "properties": { "siteID": "APPA-61466", "xcoord": 1478095.024632104, "ycoord": 63723.334890609767, "COMMENTS": "C&O Canal", "CL_2010": "Y", "deci_x": -77.687196080600003, "deci_y": 39.325895018399997 }, "geometry": { "type": "Point", "coordinates": [ 1478095.024632103974, 63723.334890609774448 ] } },
{ "type": "Feature", "properties": { "siteID": "APPA-61530", "xcoord": 1480570.9425514829, "ycoord": 95591.748772534687, "COMMENTS": null, "CL_2010": "Y", "deci_x": -77.581527588200004, "deci_y": 39.587121235700003 }, "geometry": { "type": "Point", "coordinates": [ 1480570.942551483400166, 95591.748772534687305 ] } },
{ "type": "Feature", "properties": { "siteID": "APPA-61594", "xcoord": 1481217.888727711, "ycoord": 100745.6132380851, "COMMENTS": null, "CL_2010": "Y", "deci_x": -77.561366650099998, "deci_y": 39.628948252900003 }, "geometry": { "type": "Point", "coordinates": [ 1481217.888727710582316, 100745.613238085090416 ] } },
{ "type": "Feature", "properties": { "siteID": "APPA-61642", "xcoord": 1479029.5365991243, "ycoord": 66817.9747192293, "COMMENTS": null, "CL_2010": "Y", "deci_x": -77.668582106700001, "deci_y": 39.350137734400001 }, "geometry": { "type": "Point", "coordinates": [ 1479029.536599124083295, 66817.974719229299808 ] } },
{ "type": "Feature", "properties": { "siteID": "APPA-61658", "xcoord": 1479726.7597936839, "ycoord": 80240.411297285318, "COMMENTS": null, "CL_2010": "Y", "deci_x": -77.628315661499997, "deci_y": 39.460737072900002 }, "geometry": { "type": "Point", "coordinates": [ 1479726.759793684352189, 80240.411297285318142 ] } },
{ "type": "Feature", "properties": { "siteID": "APPA-61710", "xcoord": 1482700.3987191741, "ycoord": 106102.1055342357, "COMMENTS": null, "CL_2010": "Y", "deci_x": -77.530547314700001, "deci_y": 39.6710847401 }, "geometry": { "type": "Point", "coordinates": [ 1482700.39871917408891, 106102.105534235655796 ] } },
{ "type": "Feature", "properties": { "siteID": "APPA-61786", "xcoord": 1479869.0422875071, "ycoord": 92428.514144809131, "COMMENTS": null, "CL_2010": "Y", "deci_x": -77.597584802599997, "deci_y": 39.561945813599998 }, "geometry": { "type": "Point", "coordinates": [ 1479869.042287507094443, 92428.51414480911626 ] } },
{ "type": "Feature", "properties": { "siteID": "APPA-61834", "xcoord": 1479610.000967077, "ycoord": 76224.321094985513, "COMMENTS": null, "CL_2010": "Y", "deci_x": -77.639266433399996, "deci_y": 39.427497776700001 }, "geometry": { "type": "Point", "coordinates": [ 1479610.000967076513916, 76224.3210949855129 ] } },
{ "type": "Feature", "properties": { "siteID": "APPA-61850", "xcoord": 1479434.129817175, "ycoord": 88263.449026706658, "COMMENTS": null, "CL_2010": "Y", "deci_x": -77.612778737599996, "deci_y": 39.527993294200002 }, "geometry": { "type": "Point", "coordinates": [ 1479434.129817174514756, 88263.449026706657605 ] } },
{ "type": "Feature", "properties": { "siteID": "APPA-61898", "xcoord": 1478116.0974918739, "ycoord": 64389.901179008608, "COMMENTS": null, "CL_2010": "Y", "deci_x": -77.685365715800003, "deci_y": 39.331410587599997 }, "geometry": { "type": "Point", "coordinates": [ 1478116.097491874126717, 64389.901179008607869 ] } },
{ "type": "Feature", "properties": { "siteID": "APPA-61914", "xcoord": 1479855.5519151799, "ycoord": 80727.17152191585, "COMMENTS": null, "CL_2010": "Y", "deci_x": -77.625599602600005, "deci_y": 39.4645783108 }, "geometry": { "type": "Point", "coordinates": [ 1479855.551915180170909, 80727.171521915850462 ] } },
{ "type": "Feature", "properties": { "siteID": "APPA-61966", "xcoord": 1482933.7934479159, "ycoord": 108796.6021153496, "COMMENTS": null, "CL_2010": "Y", "deci_x": -77.521252907199994, "deci_y": 39.693119168199999 }, "geometry": { "type": "Point", "coordinates": [ 1482933.793447916163132, 108796.602115349596716 ] } },
{ "type": "Feature", "properties": { "siteID": "APPA-62042", "xcoord": 1482675.00728437, "ycoord": 101679.7459075306, "COMMENTS": null, "CL_2010": "Y", "deci_x": -77.541447015299994, "deci_y": 39.634331195500003 }, "geometry": { "type": "Point", "coordinates": [ 1482675.007284370251, 101679.74590753063967 ] } },
{ "type": "Feature", "properties": { "siteID": "APPA-62090", "xcoord": 1479892.662509596, "ycoord": 72177.556547177897, "COMMENTS": null, "CL_2010": "Y", "deci_x": -77.645447743199995, "deci_y": 39.393349043500002 }, "geometry": { "type": "Point", "coordinates": [ 1479892.66250959597528, 72177.556547177897301 ] } },
{ "type": "Feature", "properties": { "siteID": "APPA-62106", "xcoord": 1479904.2494441727, "ycoord": 84179.608042440072, "COMMENTS": null, "CL_2010": "Y", "deci_x": -77.616801000600006, "deci_y": 39.493234897599997 }, "geometry": { "type": "Point", "coordinates": [ 1479904.249444172950462, 84179.608042440057034 ] } },
{ "type": "Feature", "properties": { "siteID": "APPA-62222", "xcoord": 1482877.1992560539, "ycoord": 110242.2040339012, "COMMENTS": null, "CL_2010": "Y", "deci_x": -77.518472811500004, "deci_y": 39.705238883600003 }, "geometry": { "type": "Point", "coordinates": [ 1482877.199256054125726, 110242.204033901187358 ] } },
{ "type": "Feature", "properties": { "siteID": "APPA-62298", "xcoord": 1480481.9791419769, "ycoord": 98414.524090854437, "COMMENTS": null, "CL_2010": "Y", "deci_x": -77.575867392299998, "deci_y": 39.610756734900001 }, "geometry": { "type": "Point", "coordinates": [ 1480481.979141976451501, 98414.524090854436508 ] } },
{ "type": "Feature", "properties": { "siteID": "APPA-62346", "xcoord": 1479745.7100487479, "ycoord": 70214.582153727621, "COMMENTS": null, "CL_2010": "Y", "deci_x": -77.651878716900001, "deci_y": 39.377247371700001 }, "geometry": { "type": "Point", "coordinates": [ 1479745.71004874818027, 70214.582153727620607 ] } },
{ "type": "Feature", "properties": { "siteID": "APPA-62362", "xcoord": 1480144.902202457, "ycoord": 78769.43789552855, "COMMENTS": null, "CL_2010": "Y", "deci_x": -77.626748722200006, "deci_y": 39.4478098624 }, "geometry": { "type": "Point", "coordinates": [ 1480144.902202456491068, 78769.437895528550143 ] } },
{ "type": "Feature", "properties": { "siteID": "APPA-62478", "xcoord": 1482461.3628571699, "ycoord": 104512.90983379461, "COMMENTS": null, "CL_2010": "Y", "deci_x": -77.537257060800002, "deci_y": 39.658254825599997 }, "geometry": { "type": "Point", "coordinates": [ 1482461.362857169937342, 104512.909833794561564 ] } },
{ "type": "Feature", "properties": { "siteID": "APPA-62490", "xcoord": 1478466.8537795681, "ycoord": 64224.031736227233, "COMMENTS": null, "CL_2010": "Y", "deci_x": -77.681519254700007, "deci_y": 39.329458159399998 }, "geometry": { "type": "Point", "coordinates": [ 1478466.853779568336904, 64224.031736227232614 ] } },
{ "type": "Feature", "properties": { "siteID": "APPA-62554", "xcoord": 1480579.2165114549, "ycoord": 96378.55954109547, "COMMENTS": null, "CL_2010": "Y", "deci_x": -77.579549123700005, "deci_y": 39.593655244799997 }, "geometry": { "type": "Point", "coordinates": [ 1480579.216511454898864, 96378.559541095470195 ] } },
{ "type": "Feature", "properties": { "siteID": "APPA-62618", "xcoord": 1479824.612174365, "ycoord": 89191.946938188441, "COMMENTS": null, "CL_2010": "Y", "deci_x": -77.605835303500001, "deci_y": 39.535082423200002 }, "geometry": { "type": "Point", "coordinates": [ 1479824.612174365203828, 89191.946938188455533 ] } },
{ "type": "Feature", "properties": { "siteID": "APPA-62666", "xcoord": 1478764.6612817873, "ycoord": 65196.620738061094, "COMMENTS": null, "CL_2010": "Y", "deci_x": -77.675620089899994, "deci_y": 39.337070584899998 }, "geometry": { "type": "Point", "coordinates": [ 1478764.661281787324697, 65196.62073806108674 ] } },
{ "type": "Feature", "properties": { "siteID": "APPA-62682", "xcoord": 1480012.4740986051, "ycoord": 82609.547107613093, "COMMENTS": null, "CL_2010": "Y", "deci_x": -77.619224442999993, "deci_y": 39.479989897400003 }, "geometry": { "type": "Point", "coordinates": [ 1480012.474098605336621, 82609.547107613092521 ] } },
{ "type": "Feature", "properties": { "siteID": "APPA-62734", "xcoord": 1483006.5013813712, "ycoord": 107129.7171144021, "COMMENTS": null, "CL_2010": "Y", "deci_x": -77.524366783600001, "deci_y": 39.6791317331 }, "geometry": { "type": "Point", "coordinates": [ 1483006.501381371403113, 107129.71711440209765 ] } },
{ "type": "Feature", "properties": { "siteID": "APPA-62810", "xcoord": 1479723.2697100849, "ycoord": 93447.464607441987, "COMMENTS": null, "CL_2010": "Y", "deci_x": -77.596923293800003, "deci_y": 39.570664194099997 }, "geometry": { "type": "Point", "coordinates": [ 1479723.269710085121915, 93447.464607441987027 ] } },
{ "type": "Feature", "properties": { "siteID": "APPA-62858", "xcoord": 1479530.56161303, "ycoord": 77278.474879991365, "COMMENTS": null, "CL_2010": "Y", "deci_x": -77.637725475500005, "deci_y": 39.436402487300001 }, "geometry": { "type": "Point", "coordinates": [ 1479530.561613030266017, 77278.474879991365015 ] } },
{ "type": "Feature", "properties": { "siteID": "APPA-62874", "xcoord": 1479347.289514031, "ycoord": 87372.626410282552, "COMMENTS": null, "CL_2010": "Y", "deci_x": -77.615951482, "deci_y": 39.5207210477 }, "geometry": { "type": "Point", "coordinates": [ 1479347.289514031028375, 87372.62641028255166 ] } },
{ "type": "Feature", "properties": { "siteID": "APPA-62922", "xcoord": 1478955.3758214519, "ycoord": 66631.980102688118, "COMMENTS": null, "CL_2010": "Y", "deci_x": -77.669918743599993, "deci_y": 39.348710120600003 }, "geometry": { "type": "Point", "coordinates": [ 1478955.375821452122182, 66631.980102688117768 ] } },
{ "type": "Feature", "properties": { "siteID": "APPA-62938", "xcoord": 1480291.404320949, "ycoord": 81794.177781430757, "COMMENTS": null, "CL_2010": "Y", "deci_x": -77.617785587499995, "deci_y": 39.472747334899999 }, "geometry": { "type": "Point", "coordinates": [ 1480291.404320948524401, 81794.177781430771574 ] } },
{ "type": "Feature", "properties": { "siteID": "APPA-62990", "xcoord": 1482757.933901509, "ycoord": 108799.39863829791, "COMMENTS": null, "CL_2010": "Y", "deci_x": -77.523382496500005, "deci_y": 39.6934312793 }, "geometry": { "type": "Point", "coordinates": [ 1482757.933901508804411, 108799.398638297861908 ] } },
{ "type": "Feature", "properties": { "siteID": "APPA-63066", "xcoord": 1482501.6805545087, "ycoord": 101257.09792361681, "COMMENTS": null, "CL_2010": "Y", "deci_x": -77.544562212000002, "deci_y": 39.631098907999998 }, "geometry": { "type": "Point", "coordinates": [ 1482501.680554508464411, 101257.097923616835033 ] } },
{ "type": "Feature", "properties": { "siteID": "APPA-63114", "xcoord": 1479818.6407018327, "ycoord": 71598.392808656325, "COMMENTS": null, "CL_2010": "Y", "deci_x": -77.647716352900005, "deci_y": 39.3886484533 }, "geometry": { "type": "Point", "coordinates": [ 1479818.640701833181083, 71598.392808656324632 ] } },
{ "type": "Feature", "properties": { "siteID": "APPA-63130", "xcoord": 1479964.7372289731, "ycoord": 83933.876454679223, "COMMENTS": null, "CL_2010": "Y", "deci_x": -77.616652871599996, "deci_y": 39.491090743699999 }, "geometry": { "type": "Point", "coordinates": [ 1479964.737228972604498, 83933.876454679222661 ] } },
{ "type": "Feature", "properties": { "siteID": "APPA-63178", "xcoord": 1475357.6476785019, "ycoord": 62915.233478316717, "COMMENTS": null, "CL_2010": "Y", "deci_x": -77.722182169700005, "deci_y": 39.323620615599999 }, "geometry": { "type": "Point", "coordinates": [ 1475357.64767850167118, 62915.233478316717083 ] } },
{ "type": "Feature", "properties": { "siteID": "APPA-63258", "xcoord": 1480426.409092881, "ycoord": 95154.895645886878, "COMMENTS": null, "CL_2010": "Y", "deci_x": -77.584323198800007, "deci_y": 39.583722514199998 }, "geometry": { "type": "Point", "coordinates": [ 1480426.409092880552635, 95154.895645886877901 ] } },
{ "type": "Feature", "properties": { "siteID": "APPA-63322", "xcoord": 1480529.936006194, "ycoord": 97336.913061145227, "COMMENTS": null, "CL_2010": "Y", "deci_x": -77.577858908300001, "deci_y": 39.601710929100001 }, "geometry": { "type": "Point", "coordinates": [ 1480529.936006193514913, 97336.913061145227402 ] } },
{ "type": "Feature", "properties": { "siteID": "APPA-63370", "xcoord": 1479713.8629473429, "ycoord": 69801.834875257031, "COMMENTS": null, "CL_2010": "Y", "deci_x": -77.653241992199995, "deci_y": 39.373863201500001 }, "geometry": { "type": "Point", "coordinates": [ 1479713.862947342684492, 69801.834875257030944 ] } },
{ "type": "Feature", "properties": { "siteID": "APPA-63386", "xcoord": 1479563.875632152, "ycoord": 77819.889785986699, "COMMENTS": null, "CL_2010": "Y", "deci_x": -77.636036826700007, "deci_y": 39.440854891400001 }, "geometry": { "type": "Point", "coordinates": [ 1479563.875632152426988, 77819.88978598669928 ] } },
{ "type": "Feature", "properties": { "siteID": "APPA-63502", "xcoord": 1482592.9374329692, "ycoord": 105487.3968554481, "COMMENTS": null, "CL_2010": "Y", "deci_x": -77.533325148399996, "deci_y": 39.666146752700001 }, "geometry": { "type": "Point", "coordinates": [ 1482592.937432968989015, 105487.396855448081624 ] } },
{ "type": "Feature", "properties": { "siteID": "APPA-63514", "xcoord": 1476410.101634633, "ycoord": 63344.215734546677, "COMMENTS": "C&O Canal", "CL_2010": "Y", "deci_x": -77.708451898000007, "deci_y": 39.325481040699998 }, "geometry": { "type": "Point", "coordinates": [ 1476410.10163463326171, 63344.215734546676686 ] } },
{ "type": "Feature", "properties": { "siteID": "APPA-63578", "xcoord": 1480416.330968407, "ycoord": 91000.970357328144, "COMMENTS": null, "CL_2010": "Y", "deci_x": -77.594352415299994, "deci_y": 39.549169922700003 }, "geometry": { "type": "Point", "coordinates": [ 1480416.33096840698272, 91000.97035732815857 ] } },
{ "type": "Feature", "properties": { "siteID": "APPA-63642", "xcoord": 1479598.3854387179, "ycoord": 88787.72536341066, "COMMENTS": null, "CL_2010": "Y", "deci_x": -77.609539814800002, "deci_y": 39.532088166400001 }, "geometry": { "type": "Point", "coordinates": [ 1479598.385438717901707, 88787.725363410660066 ] } },
{ "type": "Feature", "properties": { "siteID": "APPA-63690", "xcoord": 1478654.7867244913, "ycoord": 64702.202675948109, "COMMENTS": null, "CL_2010": "Y", "deci_x": -77.678117402699996, "deci_y": 39.333133179400001 }, "geometry": { "type": "Point", "coordinates": [ 1478654.786724490579218, 64702.202675948108663 ] } },
{ "type": "Feature", "properties": { "siteID": "APPA-63706", "xcoord": 1480059.6777097422, "ycoord": 83441.182744301375, "COMMENTS": null, "CL_2010": "Y", "deci_x": -77.616674896399999, "deci_y": 39.486834734 }, "geometry": { "type": "Point", "coordinates": [ 1480059.677709742216393, 83441.182744301375351 ] } },
{ "type": "Feature", "properties": { "siteID": "APPA-63758", "xcoord": 1482999.1169961269, "ycoord": 107357.42091940031, "COMMENTS": null, "CL_2010": "Y", "deci_x": -77.523910548800004, "deci_y": 39.681038311000002 }, "geometry": { "type": "Point", "coordinates": [ 1482999.116996126482263, 107357.420919400276034 ] } },
{ "type": "Feature", "properties": { "siteID": "APPA-63834", "xcoord": 1482697.8428878479, "ycoord": 102520.07349606849, "COMMENTS": null, "CL_2010": "Y", "deci_x": -77.539158202699994, "deci_y": 39.641285656900003 }, "geometry": { "type": "Point", "coordinates": [ 1482697.842887847684324, 102520.073496068507666 ] } },
{ "type": "Feature", "properties": { "siteID": "APPA-63882", "xcoord": 1479745.0138587591, "ycoord": 75198.761889071509, "COMMENTS": null, "CL_2010": "Y", "deci_x": -77.640066699299993, "deci_y": 39.418740253300001 }, "geometry": { "type": "Point", "coordinates": [ 1479745.013858758844435, 75198.761889071509358 ] } },
{ "type": "Feature", "properties": { "siteID": "APPA-63898", "xcoord": 1479273.5183344621, "ycoord": 85739.220907259922, "COMMENTS": null, "CL_2010": "Y", "deci_x": -77.620731784699998, "deci_y": 39.5072467074 }, "geometry": { "type": "Point", "coordinates": [ 1479273.518334461841732, 85739.22090725992166 ] } },
{ "type": "Feature", "properties": { "siteID": "APPA-63962", "xcoord": 1479656.5659349479, "ycoord": 80627.880028318483, "COMMENTS": null, "CL_2010": "Y", "deci_x": -77.628244822900001, "deci_y": 39.464076929199997 }, "geometry": { "type": "Point", "coordinates": [ 1479656.56593494839035, 80627.8800283184828 ] } },
{ "type": "Feature", "properties": { "siteID": "APPA-64014", "xcoord": 1482415.266684155, "ycoord": 108587.2191137763, "COMMENTS": null, "CL_2010": "Y", "deci_x": -77.528053887400006, "deci_y": 39.692228728400003 }, "geometry": { "type": "Point", "coordinates": [ 1482415.266684154747054, 108587.219113776300219 ] } },
{ "type": "Feature", "properties": { "siteID": "APPA-64090", "xcoord": 1480633.455167322, "ycoord": 98988.212570098607, "COMMENTS": null, "CL_2010": "Y", "deci_x": -77.572659053799995, "deci_y": 39.615282448899997 }, "geometry": { "type": "Point", "coordinates": [ 1480633.455167321953923, 98988.212570098621654 ] } },
{ "type": "Feature", "properties": { "siteID": "APPA-64138", "xcoord": 1480075.150069243, "ycoord": 73474.684773638466, "COMMENTS": null, "CL_2010": "Y", "deci_x": -77.640163583200007, "deci_y": 39.403849248100002 }, "geometry": { "type": "Point", "coordinates": [ 1480075.150069242808968, 73474.68477363846614 ] } },
{ "type": "Feature", "properties": { "siteID": "APPA-64154", "xcoord": 1479301.2383905579, "ycoord": 85237.508512191722, "COMMENTS": null, "CL_2010": "Y", "deci_x": -77.621589357800005, "deci_y": 39.503025563999998 }, "geometry": { "type": "Point", "coordinates": [ 1479301.23839055839926, 85237.50851219172182 ] } },
{ "type": "Feature", "properties": { "siteID": "APPA-64270", "xcoord": 1483353.5355292209, "ycoord": 111640.3071543602, "COMMENTS": null, "CL_2010": "Y", "deci_x": -77.509329584, "deci_y": 39.716087460600001 }, "geometry": { "type": "Point", "coordinates": [ 1483353.535529220709577, 111640.307154360154527 ] } },
{ "type": "Feature", "properties": { "siteID": "APPA-64282", "xcoord": 1480242.6420880391, "ycoord": 94677.096730153033, "COMMENTS": null, "CL_2010": "Y", "deci_x": -77.587692037300002, "deci_y": 39.580047201799999 }, "geometry": { "type": "Point", "coordinates": [ 1480242.642088039079681, 94677.096730153032695 ] } },
{ "type": "Feature", "properties": { "siteID": "APPA-64346", "xcoord": 1481625.000137785, "ycoord": 100992.06131528161, "COMMENTS": null, "CL_2010": "Y", "deci_x": -77.555836322100006, "deci_y": 39.6303314954 }, "geometry": { "type": "Point", "coordinates": [ 1481625.000137784751132, 100992.061315281593124 ] } },
{ "type": "Feature", "properties": { "siteID": "APPA-64394", "xcoord": 1479204.2472850161, "ycoord": 67736.948466057904, "COMMENTS": null, "CL_2010": "Y", "deci_x": -77.664294614499994, "deci_y": 39.3575037803 }, "geometry": { "type": "Point", "coordinates": [ 1479204.247285016346723, 67736.948466057903715 ] } },
{ "type": "Feature", "properties": { "siteID": "APPA-64410", "xcoord": 1479685.0207617029, "ycoord": 78234.614116577082, "COMMENTS": null, "CL_2010": "Y", "deci_x": -77.633585687899995, "deci_y": 39.444109235600003 }, "geometry": { "type": "Point", "coordinates": [ 1479685.020761702908203, 78234.614116577082314 ] } },
{ "type": "Feature", "properties": { "siteID": "APPA-64526", "xcoord": 1482614.1298419409, "ycoord": 105790.4947254068, "COMMENTS": null, "CL_2010": "Y", "deci_x": -77.532341607099994, "deci_y": 39.668633759499997 }, "geometry": { "type": "Point", "coordinates": [ 1482614.129841940710321, 105790.494725406824728 ] } },
{ "type": "Feature", "properties": { "siteID": "APPA-64538", "xcoord": 1477274.7819878701, "ycoord": 63398.954712326937, "COMMENTS": "C&O Canal", "CL_2010": "Y", "deci_x": -77.697874029199994, "deci_y": 39.324529712100002 }, "geometry": { "type": "Point", "coordinates": [ 1477274.781987870344892, 63398.954712326936715 ] } },
{ "type": "Feature", "properties": { "siteID": "APPA-64602", "xcoord": 1480417.5410938822, "ycoord": 91700.251603802782, "COMMENTS": null, "CL_2010": "Y", "deci_x": -77.592670717299995, "deci_y": 39.554987530299996 }, "geometry": { "type": "Point", "coordinates": [ 1480417.54109388240613, 91700.251603802782483 ] } },
{ "type": "Feature", "properties": { "siteID": "APPA-64666", "xcoord": 1480002.547078433, "ycoord": 89884.143487380104, "COMMENTS": null, "CL_2010": "Y", "deci_x": -77.602029739299994, "deci_y": 39.5405522406 }, "geometry": { "type": "Point", "coordinates": [ 1480002.547078432980925, 89884.143487380119041 ] } },
{ "type": "Feature", "properties": { "siteID": "APPA-64714", "xcoord": 1478790.3993580781, "ycoord": 64939.227049346759, "COMMENTS": null, "CL_2010": "Y", "deci_x": -77.675917917700005, "deci_y": 39.334885621799998 }, "geometry": { "type": "Point", "coordinates": [ 1478790.399358078371733, 64939.227049346758577 ] } },
{ "type": "Feature", "properties": { "siteID": "APPA-64730", "xcoord": 1480102.374693254, "ycoord": 83775.610672797542, "COMMENTS": null, "CL_2010": "Y", "deci_x": -77.615362252500006, "deci_y": 39.489548471399999 }, "geometry": { "type": "Point", "coordinates": [ 1480102.37469325424172, 83775.610672797556617 ] } },
{ "type": "Feature", "properties": { "siteID": "APPA-64782", "xcoord": 1482556.302247422, "ycoord": 109409.29907983572, "COMMENTS": null, "CL_2010": "Y", "deci_x": -77.524369360999998, "deci_y": 39.698836579500004 }, "geometry": { "type": "Point", "coordinates": [ 1482556.302247422281653, 109409.299079835662269 ] } },
{ "type": "Feature", "properties": { "siteID": "APPA-64858", "xcoord": 1482709.1046244057, "ycoord": 102804.9675504108, "COMMENTS": null, "CL_2010": "Y", "deci_x": -77.538339394600001, "deci_y": 39.643637611700001 }, "geometry": { "type": "Point", "coordinates": [ 1482709.104624405968934, 102804.967550410801778 ] } },
{ "type": "Feature", "properties": { "siteID": "APPA-64906", "xcoord": 1479757.6780627479, "ycoord": 74855.532721399359, "COMMENTS": null, "CL_2010": "Y", "deci_x": -77.640727956000006, "deci_y": 39.4158624015 }, "geometry": { "type": "Point", "coordinates": [ 1479757.678062748396769, 74855.532721399358707 ] } },
{ "type": "Feature", "properties": { "siteID": "APPA-64922", "xcoord": 1479225.9417232091, "ycoord": 86622.119501387206, "COMMENTS": null, "CL_2010": "Y", "deci_x": -77.619207790499999, "deci_y": 39.514672917600002 }, "geometry": { "type": "Point", "coordinates": [ 1479225.941723208874464, 86622.119501387205673 ] } },
{ "type": "Feature", "properties": { "siteID": "APPA-65038", "xcoord": 1483381.719737557, "ycoord": 111475.758599211, "COMMENTS": null, "CL_2010": "Y", "deci_x": -77.509382134199996, "deci_y": 39.714672224099999 }, "geometry": { "type": "Point", "coordinates": [ 1483381.719737556995824, 111475.758599211025285 ] } },
{ "type": "Feature", "properties": { "siteID": "APPA-65114", "xcoord": 1480542.7716770109, "ycoord": 98651.987070784307, "COMMENTS": null, "CL_2010": "Y", "deci_x": -77.574562579100004, "deci_y": 39.612633168499997 }, "geometry": { "type": "Point", "coordinates": [ 1480542.771677010925487, 98651.987070784307434 ] } },
{ "type": "Feature", "properties": { "siteID": "APPA-65162", "xcoord": 1480030.887107712, "ycoord": 73048.714330035378, "COMMENTS": null, "CL_2010": "Y", "deci_x": -77.641709575199997, "deci_y": 39.400375496400002 }, "geometry": { "type": "Point", "coordinates": [ 1480030.887107711983845, 73048.714330035378225 ] } },
{ "type": "Feature", "properties": { "siteID": "APPA-65178", "xcoord": 1480433.9163664409, "ycoord": 78877.996716358219, "COMMENTS": null, "CL_2010": "Y", "deci_x": -77.622992371500004, "deci_y": 39.448241252800003 }, "geometry": { "type": "Point", "coordinates": [ 1480433.91636644070968, 78877.996716358218691 ] } },
{ "type": "Feature", "properties": { "siteID": "APPA-65306", "xcoord": 1480164.4279524058, "ycoord": 93867.105424366033, "COMMENTS": null, "CL_2010": "Y", "deci_x": -77.590572728500007, "deci_y": 39.573434538599997 }, "geometry": { "type": "Point", "coordinates": [ 1480164.427952405996621, 93867.105424366032821 ] } },
{ "type": "Feature", "properties": { "siteID": "APPA-65370", "xcoord": 1481534.2310790969, "ycoord": 100944.1803649666, "COMMENTS": null, "CL_2010": "Y", "deci_x": -77.557052477799999, "deci_y": 39.630081910599998 }, "geometry": { "type": "Point", "coordinates": [ 1481534.231079097138718, 100944.180364966625348 ] } },
{ "type": "Feature", "properties": { "siteID": "APPA-65418", "xcoord": 1479539.9430846409, "ycoord": 69109.36514319753, "COMMENTS": null, "CL_2010": "Y", "deci_x": -77.656985647100001, "deci_y": 39.368382048199997 }, "geometry": { "type": "Point", "coordinates": [ 1479539.943084641126916, 69109.365143197530415 ] } },
{ "type": "Feature", "properties": { "siteID": "APPA-65434", "xcoord": 1480457.088281071, "ycoord": 79106.102712173481, "COMMENTS": null, "CL_2010": "Y", "deci_x": -77.622169800699993, "deci_y": 39.4501020879 }, "geometry": { "type": "Point", "coordinates": [ 1480457.088281071046367, 79106.102712173480541 ] } },
{ "type": "Feature", "properties": { "siteID": "APPA-65566", "xcoord": 1479447.546099918, "ycoord": 68868.038300970613, "COMMENTS": null, "CL_2010": "Y", "deci_x": -77.658674468000001, "deci_y": 39.366523672 }, "geometry": { "type": "Point", "coordinates": [ 1479447.546099917963147, 68868.038300970612909 ] } },
{ "type": "Feature", "properties": { "siteID": "APPA-65614", "xcoord": 1482603.98172014, "ycoord": 109723.7770442461, "COMMENTS": null, "CL_2010": "Y", "deci_x": -77.523035888699994, "deci_y": 39.7013746051 }, "geometry": { "type": "Point", "coordinates": [ 1482603.981720140203834, 109723.777044246045989 ] } },
{ "type": "Feature", "properties": { "siteID": "APPA-65814", "xcoord": 1480590.3662916822, "ycoord": 97131.216143076192, "COMMENTS": null, "CL_2010": "Y", "deci_x": -77.577616923199997, "deci_y": 39.599900251800001 }, "geometry": { "type": "Point", "coordinates": [ 1480590.366291682235897, 97131.216143076191656 ] } },
{ "type": "Feature", "properties": { "siteID": "APPA-65822", "xcoord": 1479783.707547579, "ycoord": 70664.320571393648, "COMMENTS": null, "CL_2010": "Y", "deci_x": -77.650353241100007, "deci_y": 39.380929426999998 }, "geometry": { "type": "Point", "coordinates": [ 1479783.707547578727826, 70664.320571393647697 ] } },
{ "type": "Feature", "properties": { "siteID": "APPA-65926", "xcoord": 1480731.379543422, "ycoord": 99717.035830374632, "COMMENTS": null, "CL_2010": "Y", "deci_x": -77.569729443100002, "deci_y": 39.621186708499998 }, "geometry": { "type": "Point", "coordinates": [ 1480731.379543421790004, 99717.035830374632496 ] } },
{ "type": "Feature", "properties": { "siteID": "APPA-65934", "xcoord": 1479550.307806738, "ycoord": 84686.42858170213, "COMMENTS": null, "CL_2010": "Y", "deci_x": -77.619882836599999, "deci_y": 39.498031772600001 }, "geometry": { "type": "Point", "coordinates": [ 1479550.307806737953797, 84686.42858170211548 ] } },
{ "type": "Feature", "properties": { "siteID": "APPA-66038", "xcoord": 1479183.836544689, "ycoord": 86002.263011909352, "COMMENTS": null, "CL_2010": "Y", "deci_x": -77.621192618600006, "deci_y": 39.5095826011 }, "geometry": { "type": "Point", "coordinates": [ 1479183.836544689256698, 86002.263011909351917 ] } },
{ "type": "Feature", "properties": { "siteID": "APPA-66054", "xcoord": 1479688.889167401, "ycoord": 80673.528611016009, "COMMENTS": null, "CL_2010": "Y", "deci_x": -77.627744988299995, "deci_y": 39.4644040903 }, "geometry": { "type": "Point", "coordinates": [ 1479688.889167401241139, 80673.528611016008654 ] } },
{ "type": "Feature", "properties": { "siteID": "APPA-66062", "xcoord": 1483089.2838531281, "ycoord": 108534.48843697429, "COMMENTS": null, "CL_2010": "Y", "deci_x": -77.519992747700002, "deci_y": 39.690683067599998 }, "geometry": { "type": "Point", "coordinates": [ 1483089.283853127621114, 108534.488436974294018 ] } },
{ "type": "Feature", "properties": { "siteID": "APPA-66206", "xcoord": 1482549.0284825789, "ycoord": 103297.9165191967, "COMMENTS": null, "CL_2010": "Y", "deci_x": -77.539102301100002, "deci_y": 39.648001840500001 }, "geometry": { "type": "Point", "coordinates": [ 1482549.02848257846199, 103297.916519196689478 ] } },
{ "type": "Feature", "properties": { "siteID": "APPA-66214", "xcoord": 1479867.7960042187, "ycoord": 71875.982856054718, "COMMENTS": null, "CL_2010": "Y", "deci_x": -77.646463643600001, "deci_y": 39.390879105700002 }, "geometry": { "type": "Point", "coordinates": [ 1479867.796004218515009, 71875.982856054717558 ] } },
{ "type": "Feature", "properties": { "siteID": "APPA-66222", "xcoord": 1479265.185835158, "ycoord": 87099.975819704938, "COMMENTS": null, "CL_2010": "Y", "deci_x": -77.617595233100005, "deci_y": 39.518585986399998 }, "geometry": { "type": "Point", "coordinates": [ 1479265.1858351577539, 87099.975819704937749 ] } },
{ "type": "Feature", "properties": { "siteID": "APPA-66326", "xcoord": 1480182.4475827171, "ycoord": 92055.49938995493, "COMMENTS": null, "CL_2010": "Y", "deci_x": -77.594674065299998, "deci_y": 39.558328697599997 }, "geometry": { "type": "Point", "coordinates": [ 1480182.447582717286423, 92055.499389954929939 ] } },
{ "type": "Feature", "properties": { "siteID": "APPA-66334", "xcoord": 1479593.047456329, "ycoord": 88687.224631410136, "COMMENTS": null, "CL_2010": "Y", "deci_x": -77.609843812199998, "deci_y": 39.531260454799998 }, "geometry": { "type": "Point", "coordinates": [ 1479593.047456328524277, 88687.224631410135771 ] } },
{ "type": "Feature", "properties": { "siteID": "APPA-66342", "xcoord": 1479894.1151000171, "ycoord": 80746.887032422397, "COMMENTS": null, "CL_2010": "Y", "deci_x": -77.625085834100005, "deci_y": 39.4646794087 }, "geometry": { "type": "Point", "coordinates": [ 1479894.115100016817451, 80746.887032422397169 ] } },
{ "type": "Feature", "properties": { "siteID": "APPA-66350", "xcoord": 1482666.2552052829, "ycoord": 108671.2267887432, "COMMENTS": null, "CL_2010": "Y", "deci_x": -77.524803538399993, "deci_y": 39.692515496699997 }, "geometry": { "type": "Point", "coordinates": [ 1482666.255205282475799, 108671.226788743195357 ] } },
{ "type": "Feature", "properties": { "siteID": "APPA-66454", "xcoord": 1480043.0056108059, "ycoord": 82355.25588202056, "COMMENTS": null, "CL_2010": "Y", "deci_x": -77.619459389, "deci_y": 39.477823426500002 }, "geometry": { "type": "Point", "coordinates": [ 1480043.005610806168988, 82355.255882020544959 ] } },
{ "type": "Feature", "properties": { "siteID": "APPA-66462", "xcoord": 1483005.475548605, "ycoord": 107272.8228924124, "COMMENTS": null, "CL_2010": "Y", "deci_x": -77.524036149200001, "deci_y": 39.680324030100003 }, "geometry": { "type": "Point", "coordinates": [ 1483005.475548604503274, 107272.822892412441433 ] } },
{ "type": "Feature", "properties": { "siteID": "APPA-66550", "xcoord": 1479612.0285807259, "ycoord": 69409.528473397091, "COMMENTS": null, "CL_2010": "Y", "deci_x": -77.655402909200006, "deci_y": 39.370763357500003 }, "geometry": { "type": "Point", "coordinates": [ 1479612.028580726357177, 69409.528473397091147 ] } },
{ "type": "Feature", "properties": { "siteID": "APPA-66662", "xcoord": 1479992.5206829612, "ycoord": 72876.552429471369, "COMMENTS": null, "CL_2010": "Y", "deci_x": -77.642582050599998, "deci_y": 39.399004950600002 }, "geometry": { "type": "Point", "coordinates": [ 1479992.520682961447164, 72876.552429471368669 ] } },
{ "type": "Feature", "properties": { "siteID": "APPA-66726", "xcoord": 1480514.722689471, "ycoord": 95985.562832702228, "COMMENTS": null, "CL_2010": "Y", "deci_x": -77.581269559099994, "deci_y": 39.590490486999997 }, "geometry": { "type": "Point", "coordinates": [ 1480514.722689471207559, 95985.562832702227752 ] } },
{ "type": "Feature", "properties": { "siteID": "APPA-66742", "xcoord": 1480758.7359170029, "ycoord": 100214.42425429109, "COMMENTS": null, "CL_2010": "Y", "deci_x": -77.568208858199995, "deci_y": 39.625280715300001 }, "geometry": { "type": "Point", "coordinates": [ 1480758.735917002893984, 100214.424254291065154 ] } },
{ "type": "Feature", "properties": { "siteID": "APPA-66750", "xcoord": 1479727.742627366, "ycoord": 80236.009298577803, "COMMENTS": null, "CL_2010": "Y", "deci_x": -77.628314222, "deci_y": 39.460698826200002 }, "geometry": { "type": "Point", "coordinates": [ 1479727.742627365514636, 80236.009298577802838 ] } },
{ "type": "Feature", "properties": { "siteID": "APPA-66758", "xcoord": 1482839.8947618341, "ycoord": 106530.73878708111, "COMMENTS": null, "CL_2010": "Y", "deci_x": -77.527826008100007, "deci_y": 39.674421910699998 }, "geometry": { "type": "Point", "coordinates": [ 1482839.894761833827943, 106530.738787081063492 ] } },
{ "type": "Feature", "properties": { "siteID": "APPA-66870", "xcoord": 1482645.273697105, "ycoord": 105034.358662133, "COMMENTS": null, "CL_2010": "Y", "deci_x": -77.533774999599999, "deci_y": 39.662291510199999 }, "geometry": { "type": "Point", "coordinates": [ 1482645.273697105003521, 105034.358662132945028 ] } },
{ "type": "Feature", "properties": { "siteID": "APPA-66966", "xcoord": 1479850.062897743, "ycoord": 70893.91625954023, "COMMENTS": null, "CL_2010": "Y", "deci_x": -77.649006545299997, "deci_y": 39.382732506799996 }, "geometry": { "type": "Point", "coordinates": [ 1479850.06289774319157, 70893.916259540230385 ] } },
{ "type": "Feature", "properties": { "siteID": "APPA-66974", "xcoord": 1475378.8195650161, "ycoord": 62922.876663609342, "COMMENTS": null, "CL_2010": "Y", "deci_x": -77.721908297300004, "deci_y": 39.323649840199998 }, "geometry": { "type": "Point", "coordinates": [ 1475378.81956501561217, 62922.876663609342359 ] } },
{ "type": "Feature", "properties": { "siteID": "APPA-67078", "xcoord": 1479772.7228093641, "ycoord": 92917.133192373803, "COMMENTS": null, "CL_2010": "Y", "deci_x": -77.597587938900006, "deci_y": 39.566169786400003 }, "geometry": { "type": "Point", "coordinates": [ 1479772.72280936408788, 92917.133192373803467 ] } },
{ "type": "Feature", "properties": { "siteID": "APPA-67086", "xcoord": 1479726.3633784989, "ycoord": 75354.006013331324, "COMMENTS": null, "CL_2010": "Y", "deci_x": -77.639923949099995, "deci_y": 39.4200630128 }, "geometry": { "type": "Point", "coordinates": [ 1479726.363378499401733, 75354.006013331323629 ] } },
{ "type": "Feature", "properties": { "siteID": "APPA-67166", "xcoord": 1477030.5397344041, "ycoord": 63437.334162413317, "COMMENTS": "C&O Canal", "CL_2010": "Y", "deci_x": -77.700734708900001, "deci_y": 39.325246815299998 }, "geometry": { "type": "Point", "coordinates": [ 1477030.53973440383561, 63437.334162413317244 ] } },
{ "type": "Feature", "properties": { "siteID": "APPA-67174", "xcoord": 1480226.533083257, "ycoord": 91899.796459481862, "COMMENTS": null, "CL_2010": "Y", "deci_x": -77.594510755100004, "deci_y": 39.556960764599999 }, "geometry": { "type": "Point", "coordinates": [ 1480226.533083257032558, 91899.796459481862257 ] } },
{ "type": "Feature", "properties": { "siteID": "APPA-67182", "xcoord": 1480298.626859495, "ycoord": 90354.370207414831, "COMMENTS": null, "CL_2010": "Y", "deci_x": -77.597320366600002, "deci_y": 39.543981298 }, "geometry": { "type": "Point", "coordinates": [ 1480298.626859495416284, 90354.370207414831384 ] } },
{ "type": "Feature", "properties": { "siteID": "APPA-67190", "xcoord": 1478597.822389731, "ycoord": 64668.309648283168, "COMMENTS": null, "CL_2010": "Y", "deci_x": -77.6788859559, "deci_y": 39.332943810400003 }, "geometry": { "type": "Point", "coordinates": [ 1478597.822389731416479, 64668.309648283160641 ] } },
{ "type": "Feature", "properties": { "siteID": "APPA-67198", "xcoord": 1480029.4849010948, "ycoord": 83421.552793961309, "COMMENTS": null, "CL_2010": "Y", "deci_x": -77.617087270499994, "deci_y": 39.486720700399999 }, "geometry": { "type": "Point", "coordinates": [ 1480029.484901095274836, 83421.552793961323914 ] } },
{ "type": "Feature", "properties": { "siteID": "APPA-67366", "xcoord": 1479606.065415208, "ycoord": 76234.959629454141, "COMMENTS": null, "CL_2010": "Y", "deci_x": -77.639288807400007, "deci_y": 39.427592760400003 }, "geometry": { "type": "Point", "coordinates": [ 1479606.065415207762271, 76234.95962945415522 ] } },
{ "type": "Feature", "properties": { "siteID": "APPA-67374", "xcoord": 1478140.2270325681, "ycoord": 64414.762444339489, "COMMENTS": null, "CL_2010": "Y", "deci_x": -77.685015345400004, "deci_y": 39.331578279399999 }, "geometry": { "type": "Point", "coordinates": [ 1478140.2270325680729, 64414.762444339488866 ] } },
{ "type": "Feature", "properties": { "siteID": "APPA-67422", "xcoord": 1482915.031879138, "ycoord": 110486.2357207211, "COMMENTS": null, "CL_2010": "Y", "deci_x": -77.517427647399998, "deci_y": 39.707206938900001 }, "geometry": { "type": "Point", "coordinates": [ 1482915.031879138434306, 110486.235720721131656 ] } },
{ "type": "Feature", "properties": { "siteID": "APPA-67462", "xcoord": 1478270.209293281, "ycoord": 64240.125090012858, "COMMENTS": null, "CL_2010": "Y", "deci_x": -77.683857478799993, "deci_y": 39.329912507499998 }, "geometry": { "type": "Point", "coordinates": [ 1478270.209293280495331, 64240.125090012857981 ] } },
{ "type": "Feature", "properties": { "siteID": "APPA-67470", "xcoord": 1480579.5251387469, "ycoord": 96377.605623146592, "COMMENTS": null, "CL_2010": "Y", "deci_x": -77.579547657099994, "deci_y": 39.593646801299997 }, "geometry": { "type": "Point", "coordinates": [ 1480579.52513874694705, 96377.605623146591824 ] } },
{ "type": "Feature", "properties": { "siteID": "APPA-67486", "xcoord": 1481010.493852122, "ycoord": 100661.45366516789, "COMMENTS": null, "CL_2010": "Y", "deci_x": -77.564084937700002, "deci_y": 39.628587895099997 }, "geometry": { "type": "Point", "coordinates": [ 1481010.49385212152265, 100661.453665167922736 ] } },
{ "type": "Feature", "properties": { "siteID": "APPA-67494", "xcoord": 1478760.2897361901, "ycoord": 65400.139070689875, "COMMENTS": null, "CL_2010": "Y", "deci_x": -77.675191467299996, "deci_y": 39.338772164200002 }, "geometry": { "type": "Point", "coordinates": [ 1478760.289736189646646, 65400.139070689881919 ] } },
{ "type": "Feature", "properties": { "siteID": "APPA-67718", "xcoord": 1480430.1479329751, "ycoord": 95176.685175653038, "COMMENTS": null, "CL_2010": "Y", "deci_x": -77.584225855400007, "deci_y": 39.583897720300001 }, "geometry": { "type": "Point", "coordinates": [ 1480430.147932975320145, 95176.685175653037732 ] } },
{ "type": "Feature", "properties": { "siteID": "APPA-67726", "xcoord": 1481815.696219357, "ycoord": 101363.2170678385, "COMMENTS": null, "CL_2010": "Y", "deci_x": -77.552634081700006, "deci_y": 39.633107101599997 }, "geometry": { "type": "Point", "coordinates": [ 1481815.69621935673058, 101363.217067838471849 ] } },
{ "type": "Feature", "properties": { "siteID": "APPA-67734", "xcoord": 1479542.1557764832, "ycoord": 78600.861985406867, "COMMENTS": null, "CL_2010": "Y", "deci_x": -77.634445199300004, "deci_y": 39.447391202299997 }, "geometry": { "type": "Point", "coordinates": [ 1479542.155776483239606, 78600.861985406867461 ] } },
{ "type": "Feature", "properties": { "siteID": "APPA-67830", "xcoord": 1480518.8418284799, "ycoord": 98537.342954842316, "COMMENTS": null, "CL_2010": "Y", "deci_x": -77.575126770200001, "deci_y": 39.611718374200002 }, "geometry": { "type": "Point", "coordinates": [ 1480518.8418284796644, 98537.342954842315521 ] } },
{ "type": "Feature", "properties": { "siteID": "APPA-67846", "xcoord": 1480431.787324508, "ycoord": 78894.287899035815, "COMMENTS": null, "CL_2010": "Y", "deci_x": -77.622979429099999, "deci_y": 39.448380336200003 }, "geometry": { "type": "Point", "coordinates": [ 1480431.78732450818643, 78894.287899035814917 ] } },
{ "type": "Feature", "properties": { "siteID": "APPA-67910", "xcoord": 1480060.272151686, "ycoord": 93872.35055751953, "COMMENTS": null, "CL_2010": "Y", "deci_x": -77.591823328299995, "deci_y": 39.573648655900001 }, "geometry": { "type": "Point", "coordinates": [ 1480060.272151686251163, 93872.350557519530412 ] } },
{ "type": "Feature", "properties": { "siteID": "APPA-67926", "xcoord": 1481181.9034786441, "ycoord": 100739.4238817774, "COMMENTS": null, "CL_2010": "Y", "deci_x": -77.5618181902, "deci_y": 39.628955736899997 }, "geometry": { "type": "Point", "coordinates": [ 1481181.903478643624112, 100739.423881777416682 ] } },
{ "type": "Feature", "properties": { "siteID": "APPA-67934", "xcoord": 1480448.401256026, "ycoord": 79078.11046417676, "COMMENTS": null, "CL_2010": "Y", "deci_x": -77.622341480200006, "deci_y": 39.449883283399998 }, "geometry": { "type": "Point", "coordinates": [ 1480448.401256025535986, 79078.110464176759706 ] } },
{ "type": "Feature", "properties": { "siteID": "APPA-67942", "xcoord": 1482841.247026264, "ycoord": 106568.64821847859, "COMMENTS": null, "CL_2010": "Y", "deci_x": -77.527718723000007, "deci_y": 39.674735093599999 }, "geometry": { "type": "Point", "coordinates": [ 1482841.247026263969019, 106568.648218478614581 ] } },
{ "type": "Feature", "properties": { "siteID": "APPA-68046", "xcoord": 1482295.2421526951, "ycoord": 103523.17272292791, "COMMENTS": null, "CL_2010": "Y", "deci_x": -77.541643926199995, "deci_y": 39.650292514199997 }, "geometry": { "type": "Point", "coordinates": [ 1482295.242152694845572, 103523.172722927905852 ] } },
{ "type": "Feature", "properties": { "siteID": "APPA-68134", "xcoord": 1479822.6622257479, "ycoord": 71448.264321789466, "COMMENTS": null, "CL_2010": "Y", "deci_x": -77.648023669099999, "deci_y": 39.387392096900001 }, "geometry": { "type": "Point", "coordinates": [ 1479822.662225747713819, 71448.264321789465612 ] } },
{ "type": "Feature", "properties": { "siteID": "APPA-68166", "xcoord": 1479563.0793964399, "ycoord": 77792.950031110653, "COMMENTS": null, "CL_2010": "Y", "deci_x": -77.63611043, "deci_y": 39.440631942800003 }, "geometry": { "type": "Point", "coordinates": [ 1479563.079396439949051, 77792.950031110653072 ] } },
{ "type": "Feature", "properties": { "siteID": "APPA-68246", "xcoord": 1479765.1737515409, "ycoord": 75037.702952315361, "COMMENTS": null, "CL_2010": "Y", "deci_x": -77.6402049796, "deci_y": 39.417366622400003 }, "geometry": { "type": "Point", "coordinates": [ 1479765.173751541180536, 75037.702952315361472 ] } },
{ "type": "Feature", "properties": { "siteID": "APPA-68342", "xcoord": 1476425.7444886391, "ycoord": 63350.385990142735, "COMMENTS": "C&O Canal", "CL_2010": "Y", "deci_x": -77.708248302000001, "deci_y": 39.325506968699997 }, "geometry": { "type": "Point", "coordinates": [ 1476425.744488639291376, 63350.385990142734954 ] } },
{ "type": "Feature", "properties": { "siteID": "APPA-68350", "xcoord": 1480340.2972065751, "ycoord": 90562.549930363559, "COMMENTS": null, "CL_2010": "Y", "deci_x": -77.596319103200003, "deci_y": 39.545645665099997 }, "geometry": { "type": "Point", "coordinates": [ 1480340.297206574585289, 90562.549930363558815 ] } },
{ "type": "Feature", "properties": { "siteID": "APPA-68358", "xcoord": 1479915.8219414831, "ycoord": 89660.154172085764, "COMMENTS": null, "CL_2010": "Y", "deci_x": -77.603614546800003, "deci_y": 39.538829940399999 }, "geometry": { "type": "Point", "coordinates": [ 1479915.821941483067349, 89660.154172085764003 ] } },
{ "type": "Feature", "properties": { "siteID": "APPA-68366", "xcoord": 1478221.219277354, "ycoord": 64502.967513725373, "COMMENTS": null, "CL_2010": "Y", "deci_x": -77.6838280467, "deci_y": 39.332180745099997 }, "geometry": { "type": "Point", "coordinates": [ 1478221.219277353724465, 64502.967513725365279 ] } },
{ "type": "Feature", "properties": { "siteID": "APPA-68374", "xcoord": 1480021.737583722, "ycoord": 83835.148691083363, "COMMENTS": null, "CL_2010": "Y", "deci_x": -77.616197313000001, "deci_y": 39.490175835199999 }, "geometry": { "type": "Point", "coordinates": [ 1480021.737583721522242, 83835.148691083362792 ] } },
{ "type": "Feature", "properties": { "siteID": "APPA-68542", "xcoord": 1479598.5630412339, "ycoord": 76306.713316821057, "COMMENTS": null, "CL_2010": "Y", "deci_x": -77.639209285299998, "deci_y": 39.428202306700001 }, "geometry": { "type": "Point", "coordinates": [ 1479598.563041234388947, 76306.713316821056651 ] } },
{ "type": "Feature", "properties": { "siteID": "APPA-68550", "xcoord": 1478416.5994170839, "ycoord": 64602.615438830493, "COMMENTS": null, "CL_2010": "Y", "deci_x": -77.681231328199999, "deci_y": 39.3326921162 }, "geometry": { "type": "Point", "coordinates": [ 1478416.599417083896697, 64602.6154388304858 ] } },
{ "type": "Feature", "properties": { "siteID": "APPA-68606", "xcoord": 1483376.9670524518, "ycoord": 111460.66923829709, "COMMENTS": null, "CL_2010": "Y", "deci_x": -77.509476110500003, "deci_y": 39.714554503800002 }, "geometry": { "type": "Point", "coordinates": [ 1483376.967052452033386, 111460.669238297123229 ] } },
{ "type": "Feature", "properties": { "siteID": "APPA-68638", "xcoord": 1477998.6839232971, "ycoord": 63602.258741154299, "COMMENTS": "C&O Canal", "CL_2010": "Y", "deci_x": -77.688646387700004, "deci_y": 39.325043825500003 }, "geometry": { "type": "Point", "coordinates": [ 1477998.683923297328874, 63602.258741154299059 ] } },
{ "type": "Feature", "properties": { "siteID": "APPA-68646", "xcoord": 1480603.386303969, "ycoord": 96484.092296280651, "COMMENTS": null, "CL_2010": "Y", "deci_x": -77.579003992599993, "deci_y": 39.594493862599997 }, "geometry": { "type": "Point", "coordinates": [ 1480603.386303968727589, 96484.092296280650771 ] } },
{ "type": "Feature", "properties": { "siteID": "APPA-68662", "xcoord": 1479149.873726751, "ycoord": 67421.632819403356, "COMMENTS": null, "CL_2010": "Y", "deci_x": -77.665698471, "deci_y": 39.354967299800002 }, "geometry": { "type": "Point", "coordinates": [ 1479149.873726750491187, 67421.632819403355825 ] } },
{ "type": "Feature", "properties": { "siteID": "APPA-68902", "xcoord": 1480413.1664338091, "ycoord": 95066.796404134438, "COMMENTS": null, "CL_2010": "Y", "deci_x": -77.584694039699997, "deci_y": 39.583011052899998 }, "geometry": { "type": "Point", "coordinates": [ 1480413.166433809325099, 95066.79640413443849 ] } },
{ "type": "Feature", "properties": { "siteID": "APPA-68910", "xcoord": 1481845.4689780229, "ycoord": 101417.2039310921, "COMMENTS": null, "CL_2010": "Y", "deci_x": -77.552143575800002, "deci_y": 39.633507486399999 }, "geometry": { "type": "Point", "coordinates": [ 1481845.468978022923693, 101417.203931092124549 ] } },
{ "type": "Feature", "properties": { "siteID": "APPA-68918", "xcoord": 1479603.0723799751, "ycoord": 78448.293732410995, "COMMENTS": null, "CL_2010": "Y", "deci_x": -77.6340701564, "deci_y": 39.446021740699997 }, "geometry": { "type": "Point", "coordinates": [ 1479603.072379974881187, 78448.29373241099529 ] } },
{ "type": "Feature", "properties": { "siteID": "APPA-69022", "xcoord": 1480657.2064859809, "ycoord": 99259.738377494374, "COMMENTS": null, "CL_2010": "Y", "deci_x": -77.571722164299999, "deci_y": 39.6175029714 }, "geometry": { "type": "Point", "coordinates": [ 1480657.206485980655998, 99259.738377494373708 ] } },
{ "type": "Feature", "properties": { "siteID": "APPA-69038", "xcoord": 1479242.7471236971, "ycoord": 84730.484823416031, "COMMENTS": "Washington Monument Trail", "CL_2010": "Y", "deci_x": -77.623503815600003, "deci_y": 39.498901056999998 }, "geometry": { "type": "Point", "coordinates": [ 1479242.747123697306961, 84730.484823416030849 ] } },
{ "type": "Feature", "properties": { "siteID": "APPA-69054", "xcoord": 1483456.3898292249, "ycoord": 112087.5066679141, "COMMENTS": null, "CL_2010": "Y", "deci_x": -77.507005998500006, "deci_y": 39.719638728100001 }, "geometry": { "type": "Point", "coordinates": [ 1483456.389829224906862, 112087.50666791407275 ] } },
{ "type": "Feature", "properties": { "siteID": "APPA-69206", "xcoord": 1480486.682744558, "ycoord": 98283.699812670122, "COMMENTS": null, "CL_2010": "Y", "deci_x": -77.576122767000001, "deci_y": 39.609660393299997 }, "geometry": { "type": "Point", "coordinates": [ 1480486.682744557503611, 98283.699812670121901 ] } },
{ "type": "Feature", "properties": { "siteID": "APPA-69214", "xcoord": 1479749.368890404, "ycoord": 70495.104493056337, "COMMENTS": null, "CL_2010": "Y", "deci_x": -77.651169586699993, "deci_y": 39.3795767453 }, "geometry": { "type": "Point", "coordinates": [ 1479749.368890404002741, 70495.104493056336651 ] } },
{ "type": "Feature", "properties": { "siteID": "APPA-69310", "xcoord": 1482283.7551857349, "ycoord": 101332.3319441444, "COMMENTS": null, "CL_2010": "Y", "deci_x": -77.547027098499996, "deci_y": 39.632082416800003 }, "geometry": { "type": "Point", "coordinates": [ 1482283.755185735411942, 101332.331944144403678 ] } },
{ "type": "Feature", "properties": { "siteID": "APPA-69318", "xcoord": 1479820.4036499599, "ycoord": 84620.32424074001, "COMMENTS": null, "CL_2010": "Y", "deci_x": -77.616768237000002, "deci_y": 39.497040121300003 }, "geometry": { "type": "Point", "coordinates": [ 1479820.403649959713221, 84620.324240740010282 ] } },
{ "type": "Feature", "properties": { "siteID": "APPA-69430", "xcoord": 1479376.8299836309, "ycoord": 87509.461908594923, "COMMENTS": null, "CL_2010": "Y", "deci_x": -77.615267847400006, "deci_y": 39.5218116323 }, "geometry": { "type": "Point", "coordinates": [ 1479376.829983630916104, 87509.461908594923443 ] } },
{ "type": "Feature", "properties": { "siteID": "APPA-69438", "xcoord": 1480091.0265858651, "ycoord": 82219.689637606716, "COMMENTS": null, "CL_2010": "Y", "deci_x": -77.6192002202, "deci_y": 39.476616565999997 }, "geometry": { "type": "Point", "coordinates": [ 1480091.026585864834487, 82219.689637606716133 ] } },
{ "type": "Feature", "properties": { "siteID": "APPA-69446", "xcoord": 1482733.4267837023, "ycoord": 108791.2599085134, "COMMENTS": null, "CL_2010": "Y", "deci_x": -77.523699721200003, "deci_y": 39.693403817499998 }, "geometry": { "type": "Point", "coordinates": [ 1482733.426783702103421, 108791.259908513369737 ] } },
{ "type": "Feature", "properties": { "siteID": "APPA-69566", "xcoord": 1482996.7628396901, "ycoord": 107572.8417568806, "COMMENTS": null, "CL_2010": "Y", "deci_x": -77.523422641799996, "deci_y": 39.682834430299998 }, "geometry": { "type": "Point", "coordinates": [ 1482996.762839690083638, 107572.841756880632602 ] } },
{ "type": "Feature", "properties": { "siteID": "APPA-69654", "xcoord": 1479366.534217546, "ycoord": 68609.743244303943, "COMMENTS": null, "CL_2010": "Y", "deci_x": -77.660265736699998, "deci_y": 39.3645054367 }, "geometry": { "type": "Point", "coordinates": [ 1479366.534217545762658, 68609.743244303943356 ] } },
{ "type": "Feature", "properties": { "siteID": "APPA-69726", "xcoord": 1480056.2371271043, "ycoord": 92242.569430409727, "COMMENTS": null, "CL_2010": "Y", "deci_x": -77.595758342500005, "deci_y": 39.560092054499997 }, "geometry": { "type": "Point", "coordinates": [ 1480056.237127103609964, 92242.56943040972692 ] } },
{ "type": "Feature", "properties": { "siteID": "APPA-69734", "xcoord": 1479439.5185464791, "ycoord": 88031.352639991397, "COMMENTS": null, "CL_2010": "Y", "deci_x": -77.613265937999998, "deci_y": 39.526052786599998 }, "geometry": { "type": "Point", "coordinates": [ 1479439.518546478822827, 88031.352639991397155 ] } },
{ "type": "Feature", "properties": { "siteID": "APPA-69742", "xcoord": 1479923.32377624, "ycoord": 80940.368776363539, "COMMENTS": null, "CL_2010": "Y", "deci_x": -77.624272319100001, "deci_y": 39.466242156299998 }, "geometry": { "type": "Point", "coordinates": [ 1479923.323776239762083, 80940.368776363538927 ] } },
{ "type": "Feature", "properties": { "siteID": "APPA-69750", "xcoord": 1482918.8969576007, "ycoord": 108814.4344463405, "COMMENTS": null, "CL_2010": "Y", "deci_x": -77.521391097199995, "deci_y": 39.693291995000003 }, "geometry": { "type": "Point", "coordinates": [ 1482918.896957601420581, 108814.434446340455906 ] } },
{ "type": "Feature", "properties": { "siteID": "APPA-69846", "xcoord": 1480053.039824947, "ycoord": 82303.738102503965, "COMMENTS": null, "CL_2010": "Y", "deci_x": -77.619460377899998, "deci_y": 39.477378222299997 }, "geometry": { "type": "Point", "coordinates": [ 1480053.039824946550652, 82303.73810250396491 ] } },
{ "type": "Feature", "properties": { "siteID": "APPA-69854", "xcoord": 1483090.0491264339, "ycoord": 108234.8662239983, "COMMENTS": null, "CL_2010": "Y", "deci_x": -77.520702045999997, "deci_y": 39.688189059899997 }, "geometry": { "type": "Point", "coordinates": [ 1483090.049126433907077, 108234.866223998251371 ] } },
{ "type": "Feature", "properties": { "siteID": "APPA-69966", "xcoord": 1482605.589581483, "ycoord": 105671.62333206271, "COMMENTS": null, "CL_2010": "Y", "deci_x": -77.532730128300003, "deci_y": 39.6676587623 }, "geometry": { "type": "Point", "coordinates": [ 1482605.58958148304373, 105671.623332062663394 ] } },
{ "type": "Feature", "properties": { "siteID": "APPA-70070", "xcoord": 1480062.3818728889, "ycoord": 73681.706996131761, "COMMENTS": null, "CL_2010": "Y", "deci_x": -77.639826858800006, "deci_y": 39.405593454799998 }, "geometry": { "type": "Point", "coordinates": [ 1480062.38187288865447, 73681.706996131761116 ] } },
{ "type": "Feature", "properties": { "siteID": "APPA-70166", "xcoord": 1482663.388882265, "ycoord": 102986.4410036047, "COMMENTS": null, "CL_2010": "Y", "deci_x": -77.5384598256, "deci_y": 39.645222568299999 }, "geometry": { "type": "Point", "coordinates": [ 1482663.388882264494896, 102986.441003604733851 ] } },
{ "type": "Feature", "properties": { "siteID": "APPA-70174", "xcoord": 1479767.5211157219, "ycoord": 74749.61908988317, "COMMENTS": null, "CL_2010": "Y", "deci_x": -77.640860186300003, "deci_y": 39.414964661699997 }, "geometry": { "type": "Point", "coordinates": [ 1479767.521115721669048, 74749.619089883170091 ] } },
{ "type": "Feature", "properties": { "siteID": "APPA-70182", "xcoord": 1479306.653238409, "ycoord": 85571.879269678713, "COMMENTS": null, "CL_2010": "Y", "deci_x": -77.62072841, "deci_y": 39.505799746900003 }, "geometry": { "type": "Point", "coordinates": [ 1479306.653238408733159, 85571.879269678713172 ] } },
{ "type": "Feature", "properties": { "siteID": "APPA-70398", "xcoord": 1480535.686904388, "ycoord": 97906.972670355652, "COMMENTS": null, "CL_2010": "Y", "deci_x": -77.576427880799997, "deci_y": 39.606445233199999 }, "geometry": { "type": "Point", "coordinates": [ 1480535.686904388014227, 97906.972670355651644 ] } },
{ "type": "Feature", "properties": { "siteID": "APPA-70406", "xcoord": 1479928.9426556709, "ycoord": 72550.396389578702, "COMMENTS": null, "CL_2010": "Y", "deci_x": -77.644124688000005, "deci_y": 39.396393603100002 }, "geometry": { "type": "Point", "coordinates": [ 1479928.94265567115508, 72550.396389578701928 ] } },
{ "type": "Feature", "properties": { "siteID": "APPA-70502", "xcoord": 1482613.568287638, "ycoord": 101265.0187378064, "COMMENTS": null, "CL_2010": "Y", "deci_x": -77.543185313799995, "deci_y": 39.630981239699999 }, "geometry": { "type": "Point", "coordinates": [ 1482613.568287638016045, 101265.018737806385616 ] } },
{ "type": "Feature", "properties": { "siteID": "APPA-70510", "xcoord": 1479817.1615533209, "ycoord": 84631.500314827848, "COMMENTS": null, "CL_2010": "Y", "deci_x": -77.616780923099995, "deci_y": 39.497138441300002 }, "geometry": { "type": "Point", "coordinates": [ 1479817.161553320707753, 84631.500314827848342 ] } },
{ "type": "Feature", "properties": { "siteID": "APPA-70518", "xcoord": 1475140.247282268, "ycoord": 62855.978351781043, "COMMENTS": null, "CL_2010": "Y", "deci_x": -77.724949019799993, "deci_y": 39.323480601100002 }, "geometry": { "type": "Point", "coordinates": [ 1475140.247282268246636, 62855.978351781035599 ] } },
{ "type": "Feature", "properties": { "siteID": "APPA-70614", "xcoord": 1479714.440717007, "ycoord": 93345.035203382155, "COMMENTS": null, "CL_2010": "Y", "deci_x": -77.597274564100005, "deci_y": 39.569826209200002 }, "geometry": { "type": "Point", "coordinates": [ 1479714.440717006567866, 93345.035203382154577 ] } },
{ "type": "Feature", "properties": { "siteID": "APPA-70630", "xcoord": 1479294.7189831231, "ycoord": 87222.31785980142, "COMMENTS": null, "CL_2010": "Y", "deci_x": -77.616946227699998, "deci_y": 39.519555965400002 }, "geometry": { "type": "Point", "coordinates": [ 1479294.718983123078942, 87222.317859801420127 ] } },
{ "type": "Feature", "properties": { "siteID": "APPA-70638", "xcoord": 1480200.8708623219, "ycoord": 82036.792480328353, "COMMENTS": null, "CL_2010": "Y", "deci_x": -77.61830496, "deci_y": 39.474914700699998 }, "geometry": { "type": "Point", "coordinates": [ 1480200.870862321695313, 82036.792480328353122 ] } },
{ "type": "Feature", "properties": { "siteID": "APPA-70646", "xcoord": 1482534.4799831279, "ycoord": 108416.67404748641, "COMMENTS": null, "CL_2010": "Y", "deci_x": -77.527014620399996, "deci_y": 39.690614085199996 }, "geometry": { "type": "Point", "coordinates": [ 1482534.479983127908781, 108416.67404748640547 ] } },
{ "type": "Feature", "properties": { "siteID": "APPA-70750", "xcoord": 1483043.590078949, "ycoord": 108034.8028513006, "COMMENTS": null, "CL_2010": "Y", "deci_x": -77.521746147299993, "deci_y": 39.686600909399999 }, "geometry": { "type": "Point", "coordinates": [ 1483043.590078949229792, 108034.802851300555631 ] } },
{ "type": "Feature", "properties": { "siteID": "APPA-70846", "xcoord": 1479188.5688396441, "ycoord": 67685.485222018426, "COMMENTS": null, "CL_2010": "Y", "deci_x": -77.664606000199996, "deci_y": 39.357100893199998 }, "geometry": { "type": "Point", "coordinates": [ 1479188.568839643616229, 67685.485222018425702 ] } },
{ "type": "Feature", "properties": { "siteID": "APPA-70902", "xcoord": 1476537.4471357861, "ycoord": 63392.307482166303, "COMMENTS": "C&O Canal", "CL_2010": "Y", "deci_x": -77.706799507599996, "deci_y": 39.325674294899997 }, "geometry": { "type": "Point", "coordinates": [ 1476537.447135786060244, 63392.307482166303089 ] } },
{ "type": "Feature", "properties": { "siteID": "APPA-70918", "xcoord": 1480497.7117614411, "ycoord": 91530.979505190349, "COMMENTS": null, "CL_2010": "Y", "deci_x": -77.592102332600007, "deci_y": 39.553447607199999 }, "geometry": { "type": "Point", "coordinates": [ 1480497.711761440616101, 91530.9795051903493 ] } },
{ "type": "Feature", "properties": { "siteID": "APPA-70926", "xcoord": 1480291.763494554, "ycoord": 90337.055643350555, "COMMENTS": null, "CL_2010": "Y", "deci_x": -77.597444825300002, "deci_y": 39.543848429100002 }, "geometry": { "type": "Point", "coordinates": [ 1480291.763494554441422, 90337.055643350540777 ] } },
{ "type": "Feature", "properties": { "siteID": "APPA-70934", "xcoord": 1479934.8654940811, "ycoord": 80781.769971478687, "COMMENTS": null, "CL_2010": "Y", "deci_x": -77.624509532399998, "deci_y": 39.4649031792 }, "geometry": { "type": "Point", "coordinates": [ 1479934.86549408105202, 80781.769971478686784 ] } },
{ "type": "Feature", "properties": { "siteID": "APPA-71030", "xcoord": 1481037.3024374589, "ycoord": 100709.3768364892, "COMMENTS": null, "CL_2010": "Y", "deci_x": -77.563645007700003, "deci_y": 39.628942725000002 }, "geometry": { "type": "Point", "coordinates": [ 1481037.302437459351495, 100709.37683648915845 ] } },
{ "type": "Feature", "properties": { "siteID": "APPA-71046", "xcoord": 1480034.848924414, "ycoord": 79818.234954945059, "COMMENTS": null, "CL_2010": "Y", "deci_x": -77.625588922899993, "deci_y": 39.456719645600003 }, "geometry": { "type": "Point", "coordinates": [ 1480034.848924413556233, 79818.234954945044592 ] } },
{ "type": "Feature", "properties": { "siteID": "APPA-71054", "xcoord": 1482173.3960683299, "ycoord": 103622.85450804399, "COMMENTS": null, "CL_2010": "Y", "deci_x": -77.5428845263, "deci_y": 39.651321831799997 }, "geometry": { "type": "Point", "coordinates": [ 1482173.396068330155686, 103622.854508043965325 ] } },
{ "type": "Feature", "properties": { "siteID": "APPA-71166", "xcoord": 1482630.8091060971, "ycoord": 105555.8365374993, "COMMENTS": null, "CL_2010": "Y", "deci_x": -77.532701301399996, "deci_y": 39.666654006999998 }, "geometry": { "type": "Point", "coordinates": [ 1482630.809106097090989, 105555.836537499300903 ] } },
{ "type": "Feature", "properties": { "siteID": "APPA-71254", "xcoord": 1480007.7806633699, "ycoord": 73895.817716795398, "COMMENTS": null, "CL_2010": "Y", "deci_x": -77.639979369700001, "deci_y": 39.407464966799999 }, "geometry": { "type": "Point", "coordinates": [ 1480007.780663369456306, 73895.817716795398155 ] } },
{ "type": "Feature", "properties": { "siteID": "APPA-71358", "xcoord": 1482586.7958541748, "ycoord": 102157.0565237574, "COMMENTS": null, "CL_2010": "Y", "deci_x": -77.541375160699999, "deci_y": 39.638447414700003 }, "geometry": { "type": "Point", "coordinates": [ 1482586.795854174764827, 102157.056523757390096 ] } },
{ "type": "Feature", "properties": { "siteID": "APPA-71366", "xcoord": 1479820.9791594869, "ycoord": 74507.627503270836, "COMMENTS": null, "CL_2010": "Y", "deci_x": -77.640787618900006, "deci_y": 39.4128629414 }, "geometry": { "type": "Point", "coordinates": [ 1479820.979159486712888, 74507.627503270836314 ] } },
{ "type": "Feature", "properties": { "siteID": "APPA-71454", "xcoord": 1482297.393528875, "ycoord": 104078.78341803892, "COMMENTS": null, "CL_2010": "Y", "deci_x": -77.540287489799994, "deci_y": 39.654911862600002 }, "geometry": { "type": "Point", "coordinates": [ 1482297.393528875196353, 104078.783418038845412 ] } },
{ "type": "Feature", "properties": { "siteID": "APPA-71542", "xcoord": 1479912.2015418559, "ycoord": 72263.505689113241, "COMMENTS": null, "CL_2010": "Y", "deci_x": -77.645007586899993, "deci_y": 39.394032653099998 }, "geometry": { "type": "Point", "coordinates": [ 1479912.201541856164113, 72263.505689113240805 ] } },
{ "type": "Feature", "properties": { "siteID": "APPA-71582", "xcoord": 1480231.2777360301, "ycoord": 78772.632286492139, "COMMENTS": null, "CL_2010": "Y", "deci_x": -77.625695592, "deci_y": 39.447695329299997 }, "geometry": { "type": "Point", "coordinates": [ 1480231.277736029587686, 78772.632286492138519 ] } },
{ "type": "Feature", "properties": { "siteID": "APPA-71662", "xcoord": 1479559.1041975771, "ycoord": 76948.420043476668, "COMMENTS": null, "CL_2010": "Y", "deci_x": -77.6381635762, "deci_y": 39.433608447899999 }, "geometry": { "type": "Point", "coordinates": [ 1479559.104197576642036, 76948.42004347666807 ] } },
{ "type": "Feature", "properties": { "siteID": "APPA-71670", "xcoord": 1478842.61086305, "ycoord": 66179.370806097315, "COMMENTS": null, "CL_2010": "Y", "deci_x": -77.672352848700001, "deci_y": 39.345125673200002 }, "geometry": { "type": "Point", "coordinates": [ 1478842.610863050445914, 66179.370806097314926 ] } },
{ "type": "Feature", "properties": { "siteID": "APPA-71718", "xcoord": 1482737.7813677192, "ycoord": 110071.7397393787, "COMMENTS": null, "CL_2010": "Y", "deci_x": -77.520575654500007, "deci_y": 39.704049729899999 }, "geometry": { "type": "Point", "coordinates": [ 1482737.781367718940601, 110071.739739378666854 ] } },
{ "type": "Feature", "properties": { "siteID": "APPA-71758", "xcoord": 1475938.5554865401, "ycoord": 63161.879090186863, "COMMENTS": "C&O Canal", "CL_2010": "Y", "deci_x": -77.71458048, "deci_y": 39.324729811899999 }, "geometry": { "type": "Point", "coordinates": [ 1475938.555486540077254, 63161.879090186856047 ] } },
{ "type": "Feature", "properties": { "siteID": "APPA-71766", "xcoord": 1480350.7124482177, "ycoord": 90807.67214816426, "COMMENTS": null, "CL_2010": "Y", "deci_x": -77.595608622100002, "deci_y": 39.547668612700001 }, "geometry": { "type": "Point", "coordinates": [ 1480350.712448217673227, 90807.672148164259852 ] } },
{ "type": "Feature", "properties": { "siteID": "APPA-71774", "xcoord": 1479609.1089431059, "ycoord": 88841.021440543991, "COMMENTS": null, "CL_2010": "Y", "deci_x": -77.609282940699998, "deci_y": 39.532514199799998 }, "geometry": { "type": "Point", "coordinates": [ 1479609.108943105908111, 88841.0214405440056 ] } },
{ "type": "Feature", "properties": { "siteID": "APPA-71782", "xcoord": 1478363.3313196707, "ycoord": 64600.278213611338, "COMMENTS": null, "CL_2010": "Y", "deci_x": -77.681880581599998, "deci_y": 39.332759440799997 }, "geometry": { "type": "Point", "coordinates": [ 1478363.331319671357051, 64600.278213611338288 ] } },
{ "type": "Feature", "properties": { "siteID": "APPA-71902", "xcoord": 1482622.6941389339, "ycoord": 105100.46480978948, "COMMENTS": null, "CL_2010": "Y", "deci_x": -77.533890802299993, "deci_y": 39.662878587199998 }, "geometry": { "type": "Point", "coordinates": [ 1482622.69413893437013, 105100.464809789526043 ] } },
{ "type": "Feature", "properties": { "siteID": "APPA-72014", "xcoord": 1480150.6496073189, "ycoord": 93880.225931914916, "COMMENTS": null, "CL_2010": "Y", "deci_x": -77.590708526499995, "deci_y": 39.573566278400001 }, "geometry": { "type": "Point", "coordinates": [ 1480150.649607318919152, 93880.225931914916146 ] } },
{ "type": "Feature", "properties": { "siteID": "APPA-72022", "xcoord": 1481439.8615374509, "ycoord": 100940.9867631017, "COMMENTS": null, "CL_2010": "Y", "deci_x": -77.558205462000004, "deci_y": 39.630210055500001 }, "geometry": { "type": "Point", "coordinates": [ 1481439.861537450691685, 100940.986763101696852 ] } },
{ "type": "Feature", "properties": { "siteID": "APPA-72030", "xcoord": 1480457.892741007, "ycoord": 79115.142923576146, "COMMENTS": null, "CL_2010": "Y", "deci_x": -77.622138578399998, "deci_y": 39.450176021799997 }, "geometry": { "type": "Point", "coordinates": [ 1480457.892741006799042, 79115.142923576146131 ] } },
{ "type": "Feature", "properties": { "siteID": "APPA-72046", "xcoord": 1478148.4308313881, "ycoord": 63801.045800760126, "COMMENTS": "C&O Canal", "CL_2010": "Y", "deci_x": -77.686367051199994, "deci_y": 39.326455063799997 }, "geometry": { "type": "Point", "coordinates": [ 1478148.430831388337538, 63801.045800760133716 ] } },
{ "type": "Feature", "properties": { "siteID": "APPA-72062", "xcoord": 1480527.7463567767, "ycoord": 95342.570051985283, "COMMENTS": null, "CL_2010": "Y", "deci_x": -77.582646221000005, "deci_y": 39.585118373199997 }, "geometry": { "type": "Point", "coordinates": [ 1480527.746356777148321, 95342.570051985268947 ] } },
{ "type": "Feature", "properties": { "siteID": "APPA-72078", "xcoord": 1479108.8900208671, "ycoord": 67160.610064061388, "COMMENTS": null, "CL_2010": "Y", "deci_x": -77.666811836400001, "deci_y": 39.352860981900001 }, "geometry": { "type": "Point", "coordinates": [ 1479108.890020867343992, 67160.610064061387675 ] } },
{ "type": "Feature", "properties": { "siteID": "APPA-72310", "xcoord": 1480286.3504838727, "ycoord": 94903.41144003463, "COMMENTS": null, "CL_2010": "Y", "deci_x": -77.586621985899995, "deci_y": 39.581859008199999 }, "geometry": { "type": "Point", "coordinates": [ 1480286.350483873160556, 94903.411440034629777 ] } },
{ "type": "Feature", "properties": { "siteID": "APPA-72318", "xcoord": 1480571.107478112, "ycoord": 96984.093232310479, "COMMENTS": null, "CL_2010": "Y", "deci_x": -77.578201840299997, "deci_y": 39.598707508499999 }, "geometry": { "type": "Point", "coordinates": [ 1480571.107478112448007, 96984.093232310478925 ] } },
{ "type": "Feature", "properties": { "siteID": "APPA-72326", "xcoord": 1479651.2101318729, "ycoord": 69572.726992102311, "COMMENTS": null, "CL_2010": "Y", "deci_x": -77.654542463799999, "deci_y": 39.372058081 }, "geometry": { "type": "Point", "coordinates": [ 1479651.210131872911006, 69572.72699210231076 ] } },
{ "type": "Feature", "properties": { "siteID": "APPA-72334", "xcoord": 1479524.8708103611, "ycoord": 77402.067158255421, "COMMENTS": null, "CL_2010": "Y", "deci_x": -77.637500933200002, "deci_y": 39.437440580199997 }, "geometry": { "type": "Point", "coordinates": [ 1479524.870810361113399, 77402.067158255420509 ] } },
{ "type": "Feature", "properties": { "siteID": "APPA-72430", "xcoord": 1480669.7638609009, "ycoord": 99451.879723102684, "COMMENTS": null, "CL_2010": "Y", "deci_x": -77.571110722300006, "deci_y": 39.619081247799997 }, "geometry": { "type": "Point", "coordinates": [ 1480669.763860901119187, 99451.879723102683784 ] } },
{ "type": "Feature", "properties": { "siteID": "APPA-72438", "xcoord": 1479312.8098416729, "ycoord": 85331.103545091595, "COMMENTS": null, "CL_2010": "Y", "deci_x": -77.621226549499994, "deci_y": 39.503785665300001 }, "geometry": { "type": "Point", "coordinates": [ 1479312.809841673122719, 85331.103545091595151 ] } },
{ "type": "Feature", "properties": { "siteID": "APPA-72454", "xcoord": 1483345.072526457, "ycoord": 111731.9324287363, "COMMENTS": null, "CL_2010": "Y", "deci_x": -77.509212454700005, "deci_y": 39.716863618799998 }, "geometry": { "type": "Point", "coordinates": [ 1483345.072526457021013, 111731.932428736297879 ] } },
{ "type": "Feature", "properties": { "siteID": "APPA-72518", "xcoord": 1478775.543624881, "ycoord": 65017.666514322511, "COMMENTS": null, "CL_2010": "Y", "deci_x": -77.675911900700001, "deci_y": 39.335562907000003 }, "geometry": { "type": "Point", "coordinates": [ 1478775.543624880723655, 65017.66651432251092 ] } },
{ "type": "Feature", "properties": { "siteID": "APPA-72566", "xcoord": 1482916.5370257611, "ycoord": 110933.4439424626, "COMMENTS": null, "CL_2010": "Y", "deci_x": -77.516336281299999, "deci_y": 39.710924969499999 }, "geometry": { "type": "Point", "coordinates": [ 1482916.53702576062642, 110933.443942462574341 ] } },
{ "type": "Feature", "properties": { "siteID": "APPA-72766", "xcoord": 1480271.7166171339, "ycoord": 78765.781902672767, "COMMENTS": null, "CL_2010": "Y", "deci_x": -77.625222374100005, "deci_y": 39.447572234900001 }, "geometry": { "type": "Point", "coordinates": [ 1480271.71661713370122, 78765.781902672766591 ] } },
{ "type": "Feature", "properties": { "siteID": "APPA-72846", "xcoord": 1479558.5282259251, "ycoord": 76978.272602786645, "COMMENTS": null, "CL_2010": "Y", "deci_x": -77.63809968, "deci_y": 39.433857886799998 }, "geometry": { "type": "Point", "coordinates": [ 1479558.528225925285369, 76978.272602786644711 ] } },
{ "type": "Feature", "properties": { "siteID": "APPA-72854", "xcoord": 1478942.5049348639, "ycoord": 66547.022496625519, "COMMENTS": null, "CL_2010": "Y", "deci_x": -77.670275387700002, "deci_y": 39.348023778399998 }, "geometry": { "type": "Point", "coordinates": [ 1478942.504934864351526, 66547.022496625519125 ] } },
{ "type": "Feature", "properties": { "siteID": "APPA-72894", "xcoord": 1482722.1575796839, "ycoord": 110029.9450382754, "COMMENTS": null, "CL_2010": "Y", "deci_x": -77.520865736600001, "deci_y": 39.703727681799997 }, "geometry": { "type": "Point", "coordinates": [ 1482722.157579683698714, 110029.945038275400293 ] } },
{ "type": "Feature", "properties": { "siteID": "APPA-72926", "xcoord": 1478299.8430674879, "ycoord": 64020.744178308269, "COMMENTS": "C&O Canal", "CL_2010": "Y", "deci_x": -77.684018054099994, "deci_y": 39.328037658 }, "geometry": { "type": "Point", "coordinates": [ 1478299.843067488400266, 64020.744178308268602 ] } },
{ "type": "Feature", "properties": { "siteID": "APPA-72934", "xcoord": 1480551.137016529, "ycoord": 96188.12748344717, "COMMENTS": null, "CL_2010": "Y", "deci_x": -77.580344329699997, "deci_y": 39.592116527000002 }, "geometry": { "type": "Point", "coordinates": [ 1480551.137016528751701, 96188.127483447169652 ] } },
{ "type": "Feature", "properties": { "siteID": "APPA-72950", "xcoord": 1479873.6449516609, "ycoord": 89479.532023180975, "COMMENTS": null, "CL_2010": "Y", "deci_x": -77.604556018699995, "deci_y": 39.537395685699998 }, "geometry": { "type": "Point", "coordinates": [ 1479873.644951660651714, 89479.532023180960095 ] } },
{ "type": "Feature", "properties": { "siteID": "APPA-72958", "xcoord": 1478763.9189467779, "ycoord": 65802.711981521818, "COMMENTS": null, "CL_2010": "Y", "deci_x": -77.674195181800002, "deci_y": 39.342117979599998 }, "geometry": { "type": "Point", "coordinates": [ 1478763.91894677747041, 65802.711981521817506 ] } },
{ "type": "Feature", "properties": { "siteID": "APPA-73078", "xcoord": 1482537.6582833678, "ycoord": 105329.5921100963, "COMMENTS": null, "CL_2010": "Y", "deci_x": -77.534374450800001, "deci_y": 39.664924541700003 }, "geometry": { "type": "Point", "coordinates": [ 1482537.65828336821869, 105329.592110096258693 ] } },
{ "type": "Feature", "properties": { "siteID": "APPA-73190", "xcoord": 1479878.35545003, "ycoord": 93854.010930759876, "COMMENTS": null, "CL_2010": "Y", "deci_x": -77.594073203299999, "deci_y": 39.573793740500001 }, "geometry": { "type": "Point", "coordinates": [ 1479878.35545003041625, 93854.010930759875919 ] } },
{ "type": "Feature", "properties": { "siteID": "APPA-73198", "xcoord": 1481825.4379184139, "ycoord": 101399.8410592795, "COMMENTS": null, "CL_2010": "Y", "deci_x": -77.552428234199994, "deci_y": 39.633395864599997 }, "geometry": { "type": "Point", "coordinates": [ 1481825.437918414361775, 101399.841059279540787 ] } },
{ "type": "Feature", "properties": { "siteID": "APPA-73206", "xcoord": 1480062.2373804201, "ycoord": 79782.075939439805, "COMMENTS": null, "CL_2010": "Y", "deci_x": -77.625343278800003, "deci_y": 39.456373917900002 }, "geometry": { "type": "Point", "coordinates": [ 1480062.237380420323461, 79782.075939439804642 ] } },
{ "type": "Feature", "properties": { "siteID": "APPA-73230", "xcoord": 1477563.3744068409, "ycoord": 63342.726135009041, "COMMENTS": "C&O Canal", "CL_2010": "Y", "deci_x": -77.694519687099998, "deci_y": 39.323591727299998 }, "geometry": { "type": "Point", "coordinates": [ 1477563.374406840652227, 63342.726135009041172 ] } },
{ "type": "Feature", "properties": { "siteID": "APPA-73254", "xcoord": 1479093.6101202199, "ycoord": 67035.242997188529, "COMMENTS": null, "CL_2010": "Y", "deci_x": -77.667293313299993, "deci_y": 39.351842149 }, "geometry": { "type": "Point", "coordinates": [ 1479093.61012022010982, 67035.242997188528534 ] } },
{ "type": "Feature", "properties": { "siteID": "APPA-73294", "xcoord": 1482633.3139590879, "ycoord": 109905.5501155442, "COMMENTS": null, "CL_2010": "Y", "deci_x": -77.522243535399994, "deci_y": 39.702838701700003 }, "geometry": { "type": "Point", "coordinates": [ 1482633.313959088176489, 109905.550115544217988 ] } },
{ "type": "Feature", "properties": { "siteID": "APPA-73478", "xcoord": 1480607.161447674, "ycoord": 96787.701625832749, "COMMENTS": null, "CL_2010": "Y", "deci_x": -77.5782333529, "deci_y": 39.597014182499997 }, "geometry": { "type": "Point", "coordinates": [ 1480607.161447673803195, 96787.701625832749414 ] } },
{ "type": "Feature", "properties": { "siteID": "APPA-73486", "xcoord": 1480577.2538780789, "ycoord": 97010.741190244837, "COMMENTS": null, "CL_2010": "Y", "deci_x": -77.578063650600001, "deci_y": 39.598919193699999 }, "geometry": { "type": "Point", "coordinates": [ 1480577.253878078889102, 97010.741190244836616 ] } },
{ "type": "Feature", "properties": { "siteID": "APPA-73494", "xcoord": 1479711.404845454, "ycoord": 69776.106044435961, "COMMENTS": null, "CL_2010": "Y", "deci_x": -77.653332686100001, "deci_y": 39.373653018 }, "geometry": { "type": "Point", "coordinates": [ 1479711.404845454264432, 69776.106044435960939 ] } },
{ "type": "Feature", "properties": { "siteID": "APPA-73502", "xcoord": 1479555.0171200302, "ycoord": 77735.779999067076, "COMMENTS": null, "CL_2010": "Y", "deci_x": -77.636343754899997, "deci_y": 39.440169219700003 }, "geometry": { "type": "Point", "coordinates": [ 1479555.017120029544458, 77735.779999067075551 ] } },
{ "type": "Feature", "properties": { "siteID": "APPA-73606", "xcoord": 1480737.857361808, "ycoord": 100086.2251174141, "COMMENTS": null, "CL_2010": "Y", "deci_x": -77.568768610800007, "deci_y": 39.624248168000001 }, "geometry": { "type": "Point", "coordinates": [ 1480737.857361807487905, 100086.225117414112901 ] } },
{ "type": "Feature", "properties": { "siteID": "APPA-73614", "xcoord": 1479443.3775195, "ycoord": 84729.709518207572, "COMMENTS": null, "CL_2010": "Y", "deci_x": -77.621075229400006, "deci_y": 39.498566759200003 }, "geometry": { "type": "Point", "coordinates": [ 1479443.377519500209019, 84729.709518207571818 ] } },
{ "type": "Feature", "properties": { "siteID": "APPA-73630", "xcoord": 1483418.9892176969, "ycoord": 112088.3592662164, "COMMENTS": null, "CL_2010": "Y", "deci_x": -77.5074584547, "deci_y": 39.719707298199999 }, "geometry": { "type": "Point", "coordinates": [ 1483418.989217696944252, 112088.359266216401011 ] } },
{ "type": "Feature", "properties": { "siteID": "APPA-73718", "xcoord": 1479189.1672181899, "ycoord": 86044.662391160527, "COMMENTS": null, "CL_2010": "Y", "deci_x": -77.621027170900007, "deci_y": 39.509926785700003 }, "geometry": { "type": "Point", "coordinates": [ 1479189.167218190385029, 86044.662391160527477 ] } },
{ "type": "Feature", "properties": { "siteID": "APPA-73742", "xcoord": 1482997.7585023609, "ycoord": 111026.1829100832, "COMMENTS": null, "CL_2010": "Y", "deci_x": -77.515126815800002, "deci_y": 39.711563049699997 }, "geometry": { "type": "Point", "coordinates": [ 1482997.758502361131832, 111026.182910083211027 ] } },
{ "type": "Feature", "properties": { "siteID": "APPA-73910", "xcoord": 1482454.009582733, "ycoord": 103411.4911285977, "COMMENTS": null, "CL_2010": "Y", "deci_x": -77.539983873500006, "deci_y": 39.649102753900003 }, "geometry": { "type": "Point", "coordinates": [ 1482454.00958273303695, 103411.491128597655916 ] } },
{ "type": "Feature", "properties": { "siteID": "APPA-73918", "xcoord": 1479225.904413474, "ycoord": 86343.373846118513, "COMMENTS": null, "CL_2010": "Y", "deci_x": -77.619871427800007, "deci_y": 39.512352958299999 }, "geometry": { "type": "Point", "coordinates": [ 1479225.904413474025205, 86343.373846118513029 ] } },
{ "type": "Feature", "properties": { "siteID": "APPA-74014", "xcoord": 1479783.1148633291, "ycoord": 92537.421945416369, "COMMENTS": null, "CL_2010": "Y", "deci_x": -77.5983670854, "deci_y": 39.562992752500001 }, "geometry": { "type": "Point", "coordinates": [ 1479783.114863329101354, 92537.421945416368544 ] } },
{ "type": "Feature", "properties": { "siteID": "APPA-74030", "xcoord": 1479350.0979527957, "ycoord": 87647.904469888905, "COMMENTS": null, "CL_2010": "Y", "deci_x": -77.615262291400001, "deci_y": 39.523007574700003 }, "geometry": { "type": "Point", "coordinates": [ 1479350.097952796146274, 87647.904469888904714 ] } },
{ "type": "Feature", "properties": { "siteID": "APPA-74038", "xcoord": 1480296.7409640769, "ycoord": 81705.064702873118, "COMMENTS": null, "CL_2010": "Y", "deci_x": -77.6179328674, "deci_y": 39.471996883499997 }, "geometry": { "type": "Point", "coordinates": [ 1480296.740964077180251, 81705.064702873118222 ] } },
{ "type": "Feature", "properties": { "siteID": "APPA-74046", "xcoord": 1482653.4268903837, "ycoord": 108646.7142184736, "COMMENTS": null, "CL_2010": "Y", "deci_x": -77.52501815, "deci_y": 39.692332626800003 }, "geometry": { "type": "Point", "coordinates": [ 1482653.426890383707359, 108646.71421847360034 ] } },
{ "type": "Feature", "properties": { "siteID": "APPA-74134", "xcoord": 1480269.598371933, "ycoord": 83651.714726265665, "COMMENTS": null, "CL_2010": "Y", "deci_x": -77.6136315878, "deci_y": 39.488243883599999 }, "geometry": { "type": "Point", "coordinates": [ 1480269.598371933447197, 83651.714726265665377 ] } },
{ "type": "Feature", "properties": { "siteID": "APPA-74150", "xcoord": 1482953.7780904791, "ycoord": 106991.1488706284, "COMMENTS": null, "CL_2010": "Y", "deci_x": -77.525339308499994, "deci_y": 39.678065455700001 }, "geometry": { "type": "Point", "coordinates": [ 1482953.778090479085222, 106991.148870628414443 ] } },
{ "type": "Feature", "properties": { "siteID": "APPA-74238", "xcoord": 1479212.1043552579, "ycoord": 67757.151618730859, "COMMENTS": null, "CL_2010": "Y", "deci_x": -77.664151794800006, "deci_y": 39.3576591677 }, "geometry": { "type": "Point", "coordinates": [ 1479212.104355257470161, 67757.1516187308589 ] } },
{ "type": "Feature", "properties": { "siteID": "APPA-74358", "xcoord": 1480067.346855476, "ycoord": 73222.197696003044, "COMMENTS": null, "CL_2010": "Y", "deci_x": -77.640856991999996, "deci_y": 39.401760147899999 }, "geometry": { "type": "Point", "coordinates": [ 1480067.346855475800112, 73222.197696003044257 ] } },
{ "type": "Feature", "properties": { "siteID": "APPA-74430", "xcoord": 1480790.0162075469, "ycoord": 100437.68517818311, "COMMENTS": null, "CL_2010": "Y", "deci_x": -77.567295651500004, "deci_y": 39.627087229600001 }, "geometry": { "type": "Point", "coordinates": [ 1480790.016207546461374, 100437.685178183077369 ] } },
{ "type": "Feature", "properties": { "siteID": "APPA-74438", "xcoord": 1479738.5423974369, "ycoord": 80215.392606396053, "COMMENTS": null, "CL_2010": "Y", "deci_x": -77.628232456800006, "deci_y": 39.4605095752 }, "geometry": { "type": "Point", "coordinates": [ 1479738.54239743645303, 80215.392606396053452 ] } },
{ "type": "Feature", "properties": { "siteID": "APPA-74446", "xcoord": 1482850.8591130418, "ycoord": 106604.3155124582, "COMMENTS": null, "CL_2010": "Y", "deci_x": -77.5275165, "deci_y": 39.675016058799997 }, "geometry": { "type": "Point", "coordinates": [ 1482850.859113041544333, 106604.31551245819719 ] } },
{ "type": "Feature", "properties": { "siteID": "APPA-74558", "xcoord": 1482393.122991005, "ycoord": 104326.9287884346, "COMMENTS": null, "CL_2010": "Y", "deci_x": -77.538530999399995, "deci_y": 39.656819409500002 }, "geometry": { "type": "Point", "coordinates": [ 1482393.122991004493088, 104326.928788434597664 ] } },
{ "type": "Feature", "properties": { "siteID": "APPA-74638", "xcoord": 1479849.060410897, "ycoord": 70924.511080964628, "COMMENTS": null, "CL_2010": "Y", "deci_x": -77.648946138699998, "deci_y": 39.382988841500001 }, "geometry": { "type": "Point", "coordinates": [ 1479849.060410897014663, 70924.511080964628491 ] } },
{ "type": "Feature", "properties": { "siteID": "APPA-74646", "xcoord": 1475539.5981433829, "ycoord": 62979.86268926863, "COMMENTS": "C&O Canal", "CL_2010": "Y", "deci_x": -77.719831002999996, "deci_y": 39.323862959899998 }, "geometry": { "type": "Point", "coordinates": [ 1475539.598143382463604, 62979.862689268629765 ] } },
{ "type": "Feature", "properties": { "siteID": "APPA-74750", "xcoord": 1482602.541225163, "ycoord": 101838.0222664363, "COMMENTS": null, "CL_2010": "Y", "deci_x": -77.541947711600002, "deci_y": 39.635767048399998 }, "geometry": { "type": "Point", "coordinates": [ 1482602.541225163266063, 101838.022266436295467 ] } },
{ "type": "Feature", "properties": { "siteID": "APPA-74758", "xcoord": 1479739.7005448421, "ycoord": 75694.281875567103, "COMMENTS": null, "CL_2010": "Y", "deci_x": -77.638954999199996, "deci_y": 39.422873808200002 }, "geometry": { "type": "Point", "coordinates": [ 1479739.700544841820374, 75694.28187556710327 ] } },
{ "type": "Feature", "properties": { "siteID": "APPA-74854", "xcoord": 1476787.9352625899, "ycoord": 63430.521367024827, "COMMENTS": "C&O Canal", "CL_2010": "Y", "deci_x": -77.703682387399994, "deci_y": 39.325584903500001 }, "geometry": { "type": "Point", "coordinates": [ 1476787.935262590181082, 63430.521367024834035 ] } },
{ "type": "Feature", "properties": { "siteID": "APPA-74862", "xcoord": 1480473.303695007, "ycoord": 91329.199109637135, "COMMENTS": null, "CL_2010": "Y", "deci_x": -77.5928792956, "deci_y": 39.551808292399997 }, "geometry": { "type": "Point", "coordinates": [ 1480473.3036950067617, 91329.199109637120273 ] } },
{ "type": "Feature", "properties": { "siteID": "APPA-74870", "xcoord": 1479933.4029762123, "ycoord": 89791.976478097189, "COMMENTS": null, "CL_2010": "Y", "deci_x": -77.603087420099996, "deci_y": 39.539898279900001 }, "geometry": { "type": "Point", "coordinates": [ 1479933.402976212091744, 89791.976478097189101 ] } },
{ "type": "Feature", "properties": { "siteID": "APPA-74878", "xcoord": 1480131.0071545921, "ycoord": 83476.468716200689, "COMMENTS": null, "CL_2010": "Y", "deci_x": -77.615727049, "deci_y": 39.487011831700002 }, "geometry": { "type": "Point", "coordinates": [ 1480131.007154592312872, 83476.468716200688505 ] } }
]
}
